compra_id,producto_id,proveedor_id,sucursal_id,fecha_emision,fecha_recepcion,unidades_pedidas,unidades_recibidas,costo_unitario,estado
800001,1001,1,1,2025-07-04,2025-07-07,469,465,458.37,Recibida
800002,1001,1,1,2025-07-12,2025-07-17,600,591,458.37,Recibida
800003,1001,1,1,2025-07-28,2025-07-31,521,508,458.37,Recibida
800004,1001,1,1,2025-08-09,2025-08-13,474,467,458.37,Recibida
800005,1001,1,1,2025-08-20,2025-08-23,471,462,458.37,Recibida
800006,1001,1,1,2025-08-30,2025-09-03,489,485,458.37,Recibida
800007,1001,1,1,2025-09-11,2025-09-16,465,456,458.37,Recibida
800008,1001,1,1,2025-09-23,2025-09-27,477,468,458.37,Recibida
800009,1001,1,1,2025-10-03,2025-10-07,482,282,458.37,Parcial
800010,1001,1,1,2025-10-12,2025-10-15,459,453,458.37,Recibida
800011,1001,1,1,2025-10-23,2025-10-28,472,469,458.37,Recibida
800012,1001,1,1,2025-11-05,2025-11-08,451,438,458.37,Recibida
800013,1001,1,1,2025-11-18,2025-11-21,456,312,458.37,Parcial
800014,1001,1,1,2025-11-24,2025-11-29,487,480,458.37,Recibida
800015,1001,1,1,2025-12-04,2025-12-07,522,508,458.37,Recibida
800016,1001,1,1,2025-12-10,2025-12-13,505,495,458.37,Recibida
800017,1001,1,1,2025-12-18,2025-12-23,544,532,458.37,Recibida
800018,1001,1,1,2025-12-26,2025-12-31,651,646,458.37,Recibida
800019,1001,1,1,2026-01-11,2026-01-14,609,606,458.37,Recibida
800020,1001,1,1,2026-01-29,2026-02-01,495,484,458.37,Recibida
800021,1001,1,1,2026-02-14,2026-02-18,406,405,458.37,Recibida
800022,1001,1,1,2026-02-27,2026-03-04,418,409,458.37,Recibida
800023,1001,1,1,2026-03-07,2026-03-12,512,339,458.37,Parcial
800024,1001,1,1,2026-03-15,2026-03-19,423,411,458.37,Recibida
800025,1001,1,1,2026-03-27,2026-03-30,498,495,458.37,Recibida
800026,1001,1,1,2026-04-07,2026-04-10,444,378,458.37,Parcial
800027,1001,1,1,2026-04-12,2026-04-16,519,519,458.37,Recibida
800028,1001,1,1,2026-04-24,2026-04-27,579,572,458.37,Recibida
800029,1001,1,1,2026-05-05,2026-05-10,517,367,458.37,Parcial
800030,1001,1,1,2026-05-14,2026-05-17,539,527,458.37,Recibida
800031,1001,1,1,2026-05-23,2026-05-26,559,553,458.37,Recibida
800032,1001,1,1,2026-06-04,2026-06-07,532,517,458.37,Recibida
800033,1001,1,1,2026-06-13,2026-06-18,568,560,458.37,Recibida
800034,1001,1,1,2026-06-26,2026-06-29,573,561,458.37,Recibida
800035,1001,1,1,2026-07-13,2026-07-18,468,285,458.37,Parcial
800036,1001,1,1,2026-07-19,2026-07-24,478,475,458.37,Recibida
800037,1001,1,2,2025-07-03,2025-07-07,381,378,458.37,Recibida
800038,1001,1,2,2025-07-15,2025-07-19,411,405,458.37,Recibida
800039,1001,1,2,2025-07-28,2025-07-31,353,349,458.37,Recibida
800040,1001,1,2,2025-08-09,2025-08-14,385,383,458.37,Recibida
800041,1001,1,2,2025-08-23,2025-08-28,400,399,458.37,Recibida
800042,1001,1,2,2025-09-08,2025-09-11,313,313,458.37,Recibida
800043,1001,1,2,2025-09-18,2025-09-23,332,332,458.37,Recibida
800044,1001,1,2,2025-09-26,2025-09-30,369,364,458.37,Recibida
800045,1001,1,2,2025-10-06,2025-10-10,361,352,458.37,Recibida
800046,1001,1,2,2025-10-16,2025-10-20,378,374,458.37,Recibida
800047,1001,1,2,2025-10-26,2025-10-31,412,405,458.37,Recibida
800048,1001,1,2,2025-11-11,2025-11-14,352,344,458.37,Recibida
800049,1001,1,2,2025-11-20,2025-11-25,409,407,458.37,Recibida
800050,1001,1,2,2025-11-29,2025-12-02,435,426,458.37,Recibida
800051,1001,1,2,2025-12-07,2025-12-11,439,438,458.37,Recibida
800052,1001,1,2,2025-12-18,2025-12-22,451,439,458.37,Recibida
800053,1001,1,2,2025-12-26,2025-12-30,545,535,458.37,Recibida
800054,1001,1,2,2026-01-05,2026-01-08,513,498,458.37,Recibida
800055,1001,1,2,2026-01-20,2026-01-24,468,457,458.37,Recibida
800056,1001,1,2,2026-02-05,2026-02-08,420,417,458.37,Recibida
800057,1001,1,2,2026-02-21,2026-02-25,378,367,458.37,Recibida
800058,1001,1,2,2026-03-06,2026-03-11,365,364,458.37,Recibida
800059,1001,1,2,2026-03-14,2026-03-17,353,345,458.37,Recibida
800060,1001,1,2,2026-03-22,2026-03-26,384,382,458.37,Recibida
800061,1001,1,2,2026-04-01,2026-04-05,444,441,458.37,Recibida
800062,1001,1,2,2026-04-11,2026-04-16,476,471,458.37,Recibida
800063,1001,1,2,2026-04-23,2026-04-28,458,365,458.37,Parcial
800064,1001,1,2,2026-05-07,2026-05-11,415,412,458.37,Recibida
800065,1001,1,2,2026-05-22,2026-05-27,391,389,458.37,Recibida
800066,1001,1,2,2026-06-05,2026-06-10,407,402,458.37,Recibida
800067,1001,1,2,2026-06-18,2026-06-23,359,264,458.37,Parcial
800068,1001,1,2,2026-06-25,2026-06-29,365,364,458.37,Recibida
800069,1001,1,2,2026-07-05,2026-07-10,363,358,458.37,Recibida
800070,1001,1,2,2026-07-14,2026-07-18,398,389,458.37,Recibida
800071,1001,1,2,2026-07-26,2026-07-30,375,366,458.37,Recibida
800072,1001,1,3,2025-07-05,2025-07-08,356,347,458.37,Recibida
800073,1001,1,3,2025-07-16,2025-07-19,332,330,458.37,Recibida
800074,1001,1,3,2025-07-30,2025-08-03,314,312,458.37,Recibida
800075,1001,1,3,2025-08-11,2025-08-15,299,294,458.37,Recibida
800076,1001,1,3,2025-08-21,2025-08-24,319,316,458.37,Recibida
800077,1001,1,3,2025-08-30,2025-09-04,354,351,458.37,Recibida
800078,1001,1,3,2025-09-10,2025-09-13,337,336,458.37,Recibida
800079,1001,1,3,2025-09-20,2025-09-23,398,390,458.37,Recibida
800080,1001,1,3,2025-10-10,2025-10-15,356,354,458.37,Recibida
800081,1001,1,3,2025-10-25,2025-10-29,289,284,458.37,Recibida
800082,1001,1,3,2025-11-01,2025-11-06,367,357,458.37,Recibida
800083,1001,1,3,2025-11-11,2025-11-16,333,328,458.37,Recibida
800084,1001,1,3,2025-11-25,2025-11-29,327,319,458.37,Recibida
800085,1001,1,3,2025-12-04,2025-12-07,344,335,458.37,Recibida
800086,1001,1,3,2025-12-13,2025-12-16,446,442,458.37,Recibida
800087,1001,1,3,2025-12-23,2025-12-27,414,412,458.37,Recibida
800088,1001,1,3,2025-12-31,2026-01-05,392,390,458.37,Recibida
800089,1001,1,3,2026-01-11,2026-01-14,445,434,458.37,Recibida
800090,1001,1,3,2026-01-26,2026-01-30,429,416,458.37,Recibida
800091,1001,1,3,2026-02-12,2026-02-17,349,340,458.37,Recibida
800092,1001,1,3,2026-02-21,2026-02-26,337,329,458.37,Recibida
800093,1001,1,3,2026-03-04,2026-03-09,360,358,458.37,Recibida
800094,1001,1,3,2026-03-17,2026-03-20,325,322,458.37,Recibida
800095,1001,1,3,2026-03-27,2026-03-31,401,400,458.37,Recibida
800096,1001,1,3,2026-04-11,2026-04-16,363,362,458.37,Recibida
800097,1001,1,3,2026-04-29,2026-05-03,300,300,458.37,Recibida
800098,1001,1,3,2026-05-12,2026-05-16,263,259,458.37,Recibida
800099,1001,1,3,2026-05-19,2026-05-23,295,294,458.37,Recibida
800100,1001,1,3,2026-05-29,2026-06-02,306,201,458.37,Parcial
800101,1001,1,3,2026-06-04,2026-06-08,287,281,458.37,Recibida
800102,1001,1,3,2026-06-11,2026-06-15,329,323,458.37,Recibida
800103,1001,1,3,2026-06-22,2026-06-27,383,246,458.37,Parcial
800104,1001,1,3,2026-06-30,2026-07-03,335,331,458.37,Recibida
800105,1001,1,3,2026-07-10,2026-07-15,343,341,458.37,Recibida
800106,1001,1,3,2026-07-21,2026-07-26,356,280,458.37,Parcial
800107,1001,1,3,2026-07-31,,401,,458.37,Pendiente
800108,1001,1,3,2026-08-01,,397,,458.37,Pendiente
800109,1002,1,1,2025-07-04,2025-07-05,580,573,444.69,Recibida
800110,1002,1,1,2025-07-19,2025-07-22,496,494,444.69,Recibida
800111,1002,1,1,2025-08-01,2025-08-04,512,503,444.69,Recibida
800112,1002,1,1,2025-08-14,2025-08-15,488,477,444.69,Recibida
800113,1002,1,1,2025-08-25,2025-08-27,556,548,444.69,Recibida
800114,1002,1,1,2025-09-08,2025-09-09,520,507,444.69,Recibida
800115,1002,1,1,2025-09-25,2025-09-28,523,519,444.69,Recibida
800116,1002,1,1,2025-10-04,2025-10-05,566,556,444.69,Recibida
800117,1002,1,1,2025-10-17,2025-10-18,553,542,444.69,Recibida
800118,1002,1,1,2025-10-31,2025-11-02,583,570,444.69,Recibida
800119,1002,1,1,2025-11-14,2025-11-17,576,575,444.69,Recibida
800120,1002,1,1,2025-12-02,2025-12-05,514,0,444.69,Cancelada
800121,1002,1,1,2025-12-03,2025-12-06,580,576,444.69,Recibida
800122,1002,1,1,2025-12-11,2025-12-14,536,524,444.69,Recibida
800123,1002,1,1,2025-12-19,2025-12-22,630,628,444.69,Recibida
800124,1002,1,1,2025-12-31,2026-01-03,638,631,444.69,Recibida
800125,1002,1,1,2026-01-15,2026-01-17,692,685,444.69,Recibida
800126,1002,1,1,2026-01-29,2026-01-30,629,514,444.69,Parcial
800127,1002,1,1,2026-02-12,2026-02-13,601,395,444.69,Parcial
800128,1002,1,1,2026-02-22,2026-02-24,565,449,444.69,Parcial
800129,1002,1,1,2026-03-03,2026-03-06,595,578,444.69,Recibida
800130,1002,1,1,2026-03-17,2026-03-18,634,621,444.69,Recibida
800131,1002,1,1,2026-04-02,2026-04-03,604,591,444.69,Recibida
800132,1002,1,1,2026-04-15,2026-04-16,593,335,444.69,Parcial
800133,1002,1,1,2026-04-24,2026-04-26,542,537,444.69,Recibida
800134,1002,1,1,2026-05-08,2026-05-10,523,522,444.69,Recibida
800135,1002,1,1,2026-05-20,2026-05-23,527,463,444.69,Parcial
800136,1002,1,1,2026-06-01,2026-06-04,510,422,444.69,Parcial
800137,1002,1,1,2026-06-13,2026-06-14,511,501,444.69,Recibida
800138,1002,1,1,2026-06-27,2026-06-30,556,543,444.69,Recibida
800139,1002,1,1,2026-07-11,2026-07-14,497,0,444.69,Cancelada
800140,1002,1,1,2026-07-12,2026-07-13,514,514,444.69,Recibida
800141,1002,1,1,2026-07-25,2026-07-27,528,518,444.69,Recibida
800142,1002,1,2,2025-07-04,2025-07-06,452,445,444.69,Recibida
800143,1002,1,2,2025-07-14,2025-07-15,515,513,444.69,Recibida
800144,1002,1,2,2025-07-31,2025-08-03,456,450,444.69,Recibida
800145,1002,1,2,2025-08-17,2025-08-20,429,425,444.69,Recibida
800146,1002,1,2,2025-08-31,2025-09-03,399,393,444.69,Recibida
800147,1002,1,2,2025-09-12,2025-09-13,429,422,444.69,Recibida
800148,1002,1,2,2025-09-23,2025-09-24,461,0,444.69,Cancelada
800149,1002,1,2,2025-09-24,2025-09-27,482,481,444.69,Recibida
800150,1002,1,2,2025-10-07,2025-10-10,455,442,444.69,Recibida
800151,1002,1,2,2025-10-21,2025-10-24,475,473,444.69,Recibida
800152,1002,1,2,2025-11-02,2025-11-05,448,438,444.69,Recibida
800153,1002,1,2,2025-11-19,2025-11-21,438,428,444.69,Recibida
800154,1002,1,2,2025-11-30,2025-12-01,437,428,444.69,Recibida
800155,1002,1,2,2025-12-10,2025-12-13,519,518,444.69,Recibida
800156,1002,1,2,2025-12-20,2025-12-23,524,372,444.69,Parcial
800157,1002,1,2,2025-12-29,2026-01-01,586,399,444.69,Parcial
800158,1002,1,2,2026-01-04,2026-01-06,591,589,444.69,Recibida
800159,1002,1,2,2026-01-18,2026-01-21,600,583,444.69,Recibida
800160,1002,1,2,2026-02-04,2026-02-06,552,551,444.69,Recibida
800161,1002,1,2,2026-02-25,2026-02-26,467,460,444.69,Recibida
800162,1002,1,2,2026-03-06,2026-03-08,482,420,444.69,Parcial
800163,1002,1,2,2026-03-20,2026-03-23,500,496,444.69,Recibida
800164,1002,1,2,2026-04-02,2026-04-05,480,471,444.69,Recibida
800165,1002,1,2,2026-04-17,2026-04-20,470,294,444.69,Parcial
800166,1002,1,2,2026-04-28,2026-04-30,479,473,444.69,Recibida
800167,1002,1,2,2026-05-13,2026-05-14,448,443,444.69,Recibida
800168,1002,1,2,2026-05-30,2026-05-31,401,390,444.69,Recibida
800169,1002,1,2,2026-06-08,2026-06-09,421,414,444.69,Recibida
800170,1002,1,2,2026-06-20,2026-06-23,490,489,444.69,Recibida
800171,1002,1,2,2026-07-04,2026-07-07,532,526,444.69,Recibida
800172,1002,1,2,2026-07-17,2026-07-20,517,512,444.69,Recibida
800173,1002,1,3,2025-07-04,2025-07-06,378,377,444.69,Recibida
800174,1002,1,3,2025-07-18,2025-07-20,415,411,444.69,Recibida
800175,1002,1,3,2025-07-27,2025-07-30,439,428,444.69,Recibida
800176,1002,1,3,2025-08-13,2025-08-14,394,0,444.69,Cancelada
800177,1002,1,3,2025-08-14,2025-08-15,414,412,444.69,Recibida
800178,1002,1,3,2025-08-28,2025-08-29,428,427,444.69,Recibida
800179,1002,1,3,2025-09-12,2025-09-13,412,405,444.69,Recibida
800180,1002,1,3,2025-09-29,2025-09-30,365,0,444.69,Cancelada
800181,1002,1,3,2025-09-30,2025-10-03,385,305,444.69,Parcial
800182,1002,1,3,2025-10-10,2025-10-11,357,355,444.69,Recibida
800183,1002,1,3,2025-10-25,2025-10-26,352,351,444.69,Recibida
800184,1002,1,3,2025-11-05,2025-11-08,356,354,444.69,Recibida
800185,1002,1,3,2025-11-18,2025-11-20,339,331,444.69,Recibida
800186,1002,1,3,2025-12-01,2025-12-04,370,361,444.69,Recibida
800187,1002,1,3,2025-12-12,2025-12-15,385,376,444.69,Recibida
800188,1002,1,3,2025-12-24,2025-12-27,376,374,444.69,Recibida
800189,1002,1,3,2026-01-05,2026-01-07,404,400,444.69,Recibida
800190,1002,1,3,2026-01-17,2026-01-18,436,429,444.69,Recibida
800191,1002,1,3,2026-01-30,2026-02-02,449,329,444.69,Parcial
800192,1002,1,3,2026-02-10,2026-02-11,454,448,444.69,Recibida
800193,1002,1,3,2026-03-02,2026-03-04,414,410,444.69,Recibida
800194,1002,1,3,2026-03-15,2026-03-16,368,363,444.69,Recibida
800195,1002,1,3,2026-03-27,2026-03-29,381,377,444.69,Recibida
800196,1002,1,3,2026-04-06,2026-04-09,428,424,444.69,Recibida
800197,1002,1,3,2026-04-21,2026-04-23,409,408,444.69,Recibida
800198,1002,1,3,2026-05-04,2026-05-05,428,424,444.69,Recibida
800199,1002,1,3,2026-05-19,2026-05-22,395,392,444.69,Recibida
800200,1002,1,3,2026-06-04,2026-06-05,393,223,444.69,Parcial
800201,1002,1,3,2026-06-13,2026-06-16,398,395,444.69,Recibida
800202,1002,1,3,2026-06-26,2026-06-29,354,203,444.69,Parcial
800203,1002,1,3,2026-07-03,2026-07-06,366,363,444.69,Recibida
800204,1002,1,3,2026-07-16,2026-07-18,394,387,444.69,Recibida
800205,1002,1,3,2026-07-27,2026-07-30,423,411,444.69,Recibida
800206,1003,1,1,2025-07-03,2025-07-05,19,18,737.97,Recibida
800207,1003,1,1,2025-07-17,2025-07-18,31,31,737.97,Recibida
800208,1003,1,1,2025-08-11,2025-08-12,23,23,737.97,Recibida
800209,1003,1,1,2025-08-22,2025-08-23,23,23,737.97,Recibida
800210,1003,1,1,2025-09-06,2025-09-07,24,14,737.97,Parcial
800211,1003,1,1,2025-09-13,2025-09-16,29,29,737.97,Recibida
800212,1003,1,1,2025-10-09,2025-10-10,18,18,737.97,Recibida
800213,1003,1,1,2025-10-23,2025-10-24,18,18,737.97,Recibida
800214,1003,1,1,2025-11-01,2025-11-02,18,18,737.97,Recibida
800215,1003,1,1,2025-11-09,2025-11-10,19,19,737.97,Recibida
800216,1003,1,1,2025-11-20,2025-11-23,22,22,737.97,Recibida
800217,1003,1,1,2025-12-05,2025-12-06,25,24,737.97,Recibida
800218,1003,1,1,2025-12-18,2025-12-20,25,25,737.97,Recibida
800219,1003,1,1,2025-12-27,2025-12-28,26,0,737.97,Cancelada
800220,1003,1,1,2025-12-28,2025-12-31,27,16,737.97,Parcial
800221,1003,1,1,2025-12-31,2026-01-01,26,26,737.97,Recibida
800222,1003,1,1,2026-01-18,2026-01-21,26,25,737.97,Recibida
800223,1003,1,1,2026-02-03,2026-02-05,25,24,737.97,Recibida
800224,1003,1,1,2026-03-03,2026-03-06,16,16,737.97,Recibida
800225,1003,1,1,2026-03-20,2026-03-22,14,14,737.97,Recibida
800226,1003,1,1,2026-03-27,2026-03-30,16,16,737.97,Recibida
800227,1003,1,1,2026-04-09,2026-04-10,15,15,737.97,Recibida
800228,1003,1,1,2026-04-17,2026-04-18,18,18,737.97,Recibida
800229,1003,1,1,2026-04-30,2026-05-01,19,19,737.97,Recibida
800230,1003,1,1,2026-05-13,2026-05-15,20,20,737.97,Recibida
800231,1003,1,1,2026-05-26,2026-05-28,21,21,737.97,Recibida
800232,1003,1,1,2026-06-08,2026-06-10,21,16,737.97,Parcial
800233,1003,1,1,2026-06-16,2026-06-19,29,29,737.97,Recibida
800234,1003,1,1,2026-07-05,2026-07-08,22,21,737.97,Recibida
800235,1003,1,1,2026-07-25,2026-07-28,19,19,737.97,Recibida
800236,1003,1,2,2025-07-04,2025-07-05,18,18,737.97,Recibida
800237,1003,1,2,2025-07-13,2025-07-14,21,21,737.97,Recibida
800238,1003,1,2,2025-08-04,2025-08-05,16,16,737.97,Recibida
800239,1003,1,2,2025-08-21,2025-08-24,15,15,737.97,Recibida
800240,1003,1,2,2025-09-03,2025-09-04,16,16,737.97,Recibida
800241,1003,1,2,2025-09-13,2025-09-16,16,16,737.97,Recibida
800242,1003,1,2,2025-09-30,2025-10-03,20,20,737.97,Recibida
800243,1003,1,2,2025-10-18,2025-10-20,16,10,737.97,Parcial
800244,1003,1,2,2025-10-30,2025-10-31,13,13,737.97,Recibida
800245,1003,1,2,2025-11-10,2025-11-12,15,15,737.97,Recibida
800246,1003,1,2,2025-12-01,2025-12-03,13,7,737.97,Parcial
800247,1003,1,2,2025-12-03,2025-12-04,16,0,737.97,Cancelada
800248,1003,1,2,2025-12-04,2025-12-07,19,19,737.97,Recibida
800249,1003,1,2,2025-12-16,2025-12-17,17,17,737.97,Recibida
800250,1003,1,2,2025-12-27,2025-12-29,16,16,737.97,Recibida
800251,1003,1,2,2026-01-09,2026-01-11,22,22,737.97,Recibida
800252,1003,1,2,2026-01-22,2026-01-25,20,19,737.97,Recibida
800253,1003,1,2,2026-02-06,2026-02-08,23,23,737.97,Recibida
800254,1003,1,2,2026-02-24,2026-02-26,18,10,737.97,Parcial
800255,1003,1,2,2026-03-04,2026-03-06,18,18,737.97,Recibida
800256,1003,1,2,2026-03-25,2026-03-28,13,13,737.97,Recibida
800257,1003,1,2,2026-04-03,2026-04-05,15,15,737.97,Recibida
800258,1003,1,2,2026-04-13,2026-04-16,18,18,737.97,Recibida
800259,1003,1,2,2026-04-28,2026-04-30,18,17,737.97,Recibida
800260,1003,1,2,2026-05-12,2026-05-14,18,18,737.97,Recibida
800261,1003,1,2,2026-06-02,2026-06-04,14,14,737.97,Recibida
800262,1003,1,2,2026-06-09,2026-06-10,18,18,737.97,Recibida
800263,1003,1,2,2026-06-20,2026-06-22,16,0,737.97,Cancelada
800264,1003,1,2,2026-06-21,2026-06-22,16,11,737.97,Parcial
800265,1003,1,2,2026-07-01,2026-07-02,17,12,737.97,Parcial
800266,1003,1,2,2026-07-10,2026-07-12,21,21,737.97,Recibida
800267,1003,1,2,2026-07-27,2026-07-30,16,16,737.97,Recibida
800268,1003,1,3,2025-07-03,2025-07-05,14,14,737.97,Recibida
800269,1003,1,3,2025-07-19,2025-07-20,19,19,737.97,Recibida
800270,1003,1,3,2025-07-28,2025-07-31,17,17,737.97,Recibida
800271,1003,1,3,2025-08-10,2025-08-12,17,17,737.97,Recibida
800272,1003,1,3,2025-08-25,2025-08-26,17,17,737.97,Recibida
800273,1003,1,3,2025-09-28,2025-09-29,9,9,737.97,Recibida
800274,1003,1,3,2025-10-10,2025-10-11,10,10,737.97,Recibida
800275,1003,1,3,2025-10-19,2025-10-22,10,8,737.97,Parcial
800276,1003,1,3,2025-11-01,2025-11-03,11,11,737.97,Recibida
800277,1003,1,3,2025-11-15,2025-11-16,11,11,737.97,Recibida
800278,1003,1,3,2025-11-25,2025-11-26,11,0,737.97,Cancelada
800279,1003,1,3,2025-11-26,2025-11-29,16,16,737.97,Recibida
800280,1003,1,3,2025-12-12,2025-12-15,18,18,737.97,Recibida
800281,1003,1,3,2025-12-24,2025-12-25,17,17,737.97,Recibida
800282,1003,1,3,2026-01-09,2026-01-11,21,20,737.97,Recibida
800283,1003,1,3,2026-01-24,2026-01-27,16,13,737.97,Parcial
800284,1003,1,3,2026-02-13,2026-02-15,14,14,737.97,Recibida
800285,1003,1,3,2026-02-28,2026-03-03,15,15,737.97,Recibida
800286,1003,1,3,2026-03-20,2026-03-22,12,0,737.97,Cancelada
800287,1003,1,3,2026-03-21,2026-03-23,17,14,737.97,Parcial
800288,1003,1,3,2026-04-07,2026-04-09,11,11,737.97,Recibida
800289,1003,1,3,2026-04-18,2026-04-21,11,11,737.97,Recibida
800290,1003,1,3,2026-04-26,2026-04-28,14,14,737.97,Recibida
800291,1003,1,3,2026-05-18,2026-05-20,14,14,737.97,Recibida
800292,1003,1,3,2026-06-03,2026-06-05,13,13,737.97,Recibida
800293,1003,1,3,2026-06-12,2026-06-13,12,12,737.97,Recibida
800294,1003,1,3,2026-06-30,2026-07-03,13,13,737.97,Recibida
800295,1003,1,3,2026-07-13,2026-07-14,13,13,737.97,Recibida
800296,1004,1,1,2025-07-03,2025-07-05,217,216,421.33,Recibida
800297,1004,1,1,2025-07-11,2025-07-13,384,375,421.33,Recibida
800298,1004,1,1,2025-08-05,2025-08-08,240,238,421.33,Recibida
800299,1004,1,1,2025-08-18,2025-08-21,253,251,421.33,Recibida
800300,1004,1,1,2025-09-01,2025-09-02,239,236,421.33,Recibida
800301,1004,1,1,2025-09-13,2025-09-16,279,277,421.33,Recibida
800302,1004,1,1,2025-09-26,2025-09-29,263,261,421.33,Recibida
800303,1004,1,1,2025-10-14,2025-10-15,237,234,421.33,Recibida
800304,1004,1,1,2025-10-30,2025-10-31,227,144,421.33,Parcial
800305,1004,1,1,2025-11-08,2025-11-11,213,212,421.33,Recibida
800306,1004,1,1,2025-11-22,2025-11-23,215,213,421.33,Recibida
800307,1004,1,1,2025-12-05,2025-12-08,221,218,421.33,Recibida
800308,1004,1,1,2025-12-15,2025-12-17,225,222,421.33,Recibida
800309,1004,1,1,2025-12-26,2025-12-29,256,250,421.33,Recibida
800310,1004,1,1,2026-01-08,2026-01-11,267,265,421.33,Recibida
800311,1004,1,1,2026-01-22,2026-01-24,251,203,421.33,Parcial
800312,1004,1,1,2026-02-06,2026-02-07,249,245,421.33,Recibida
800313,1004,1,1,2026-02-21,2026-02-23,219,213,421.33,Recibida
800314,1004,1,1,2026-03-11,2026-03-13,191,186,421.33,Recibida
800315,1004,1,1,2026-03-20,2026-03-22,210,205,421.33,Recibida
800316,1004,1,1,2026-04-04,2026-04-05,228,132,421.33,Parcial
800317,1004,1,1,2026-04-14,2026-04-16,207,135,421.33,Parcial
800318,1004,1,1,2026-04-17,2026-04-20,268,264,421.33,Recibida
800319,1004,1,1,2026-05-02,2026-05-05,238,233,421.33,Recibida
800320,1004,1,1,2026-05-17,2026-05-20,227,224,421.33,Recibida
800321,1004,1,1,2026-06-06,2026-06-07,201,197,421.33,Recibida
800322,1004,1,1,2026-06-19,2026-06-22,225,224,421.33,Recibida
800323,1004,1,1,2026-06-30,2026-07-03,192,188,421.33,Recibida
800324,1004,1,1,2026-07-08,2026-07-09,221,216,421.33,Recibida
800325,1004,1,1,2026-07-21,2026-07-22,234,229,421.33,Recibida
800326,1004,1,1,2026-08-01,,282,,421.33,Pendiente
800327,1004,1,2,2025-07-04,2025-07-07,185,181,421.33,Recibida
800328,1004,1,2,2025-07-17,2025-07-20,184,183,421.33,Recibida
800329,1004,1,2,2025-07-27,2025-07-28,195,192,421.33,Recibida
800330,1004,1,2,2025-08-11,2025-08-13,201,196,421.33,Recibida
800331,1004,1,2,2025-08-26,2025-08-28,187,182,421.33,Recibida
800332,1004,1,2,2025-09-06,2025-09-09,194,190,421.33,Recibida
800333,1004,1,2,2025-09-20,2025-09-23,196,191,421.33,Recibida
800334,1004,1,2,2025-10-03,2025-10-04,201,197,421.33,Recibida
800335,1004,1,2,2025-10-18,2025-10-21,216,210,421.33,Recibida
800336,1004,1,2,2025-11-03,2025-11-06,185,182,421.33,Recibida
800337,1004,1,2,2025-11-15,2025-11-18,204,201,421.33,Recibida
800338,1004,1,2,2025-11-26,2025-11-27,224,218,421.33,Recibida
800339,1004,1,2,2025-12-06,2025-12-09,221,135,421.33,Parcial
800340,1004,1,2,2025-12-13,2025-12-15,228,221,421.33,Recibida
800341,1004,1,2,2025-12-26,2025-12-27,240,237,421.33,Recibida
800342,1004,1,2,2026-01-14,2026-01-15,225,171,421.33,Parcial
800343,1004,1,2,2026-01-24,2026-01-25,208,205,421.33,Recibida
800344,1004,1,2,2026-02-09,2026-02-10,255,254,421.33,Recibida
800345,1004,1,2,2026-02-23,2026-02-25,225,163,421.33,Parcial
800346,1004,1,2,2026-03-07,2026-03-08,227,225,421.33,Recibida
800347,1004,1,2,2026-03-24,2026-03-27,205,203,421.33,Recibida
800348,1004,1,2,2026-04-09,2026-04-11,204,202,421.33,Recibida
800349,1004,1,2,2026-04-27,2026-04-29,159,155,421.33,Recibida
800350,1004,1,2,2026-05-08,2026-05-11,164,161,421.33,Recibida
800351,1004,1,2,2026-05-22,2026-05-25,162,158,421.33,Recibida
800352,1004,1,2,2026-06-02,2026-06-04,176,171,421.33,Recibida
800353,1004,1,2,2026-06-13,2026-06-16,183,180,421.33,Recibida
800354,1004,1,2,2026-06-30,2026-07-02,176,174,421.33,Recibida
800355,1004,1,2,2026-07-11,2026-07-13,180,117,421.33,Parcial
800356,1004,1,2,2026-07-18,2026-07-21,189,189,421.33,Recibida
800357,1004,1,2,2026-07-31,2026-08-01,194,0,421.33,Cancelada
800358,1004,1,2,2026-08-01,,213,,421.33,Pendiente
800359,1004,1,3,2025-07-03,2025-07-05,161,158,421.33,Recibida
800360,1004,1,3,2025-07-17,2025-07-20,160,159,421.33,Recibida
800361,1004,1,3,2025-08-01,2025-08-04,154,151,421.33,Recibida
800362,1004,1,3,2025-08-13,2025-08-15,153,0,421.33,Cancelada
800363,1004,1,3,2025-08-14,2025-08-16,155,102,421.33,Parcial
800364,1004,1,3,2025-08-22,2025-08-24,148,107,421.33,Parcial
800365,1004,1,3,2025-09-02,2025-09-05,144,141,421.33,Recibida
800366,1004,1,3,2025-09-10,2025-09-11,166,162,421.33,Recibida
800367,1004,1,3,2025-09-25,2025-09-28,170,102,421.33,Parcial
800368,1004,1,3,2025-10-02,2025-10-04,171,169,421.33,Recibida
800369,1004,1,3,2025-10-15,2025-10-16,186,185,421.33,Recibida
800370,1004,1,3,2025-10-30,2025-11-02,167,164,421.33,Recibida
800371,1004,1,3,2025-11-18,2025-11-20,146,145,421.33,Recibida
800372,1004,1,3,2025-12-01,2025-12-03,155,154,421.33,Recibida
800373,1004,1,3,2025-12-11,2025-12-12,170,168,421.33,Recibida
800374,1004,1,3,2025-12-19,2025-12-20,183,181,421.33,Recibida
800375,1004,1,3,2026-01-01,2026-01-03,197,195,421.33,Recibida
800376,1004,1,3,2026-01-16,2026-01-19,217,215,421.33,Recibida
800377,1004,1,3,2026-02-06,2026-02-07,161,158,421.33,Recibida
800378,1004,1,3,2026-02-21,2026-02-23,145,142,421.33,Recibida
800379,1004,1,3,2026-03-07,2026-03-10,135,75,421.33,Parcial
800380,1004,1,3,2026-03-16,2026-03-17,145,141,421.33,Recibida
800381,1004,1,3,2026-03-25,2026-03-27,160,155,421.33,Recibida
800382,1004,1,3,2026-04-07,2026-04-08,150,149,421.33,Recibida
800383,1004,1,3,2026-04-24,2026-04-27,156,154,421.33,Recibida
800384,1004,1,3,2026-05-08,2026-05-09,146,146,421.33,Recibida
800385,1004,1,3,2026-05-18,2026-05-20,146,142,421.33,Recibida
800386,1004,1,3,2026-05-28,2026-05-30,165,163,421.33,Recibida
800387,1004,1,3,2026-06-13,2026-06-16,180,178,421.33,Recibida
800388,1004,1,3,2026-07-01,2026-07-02,148,148,421.33,Recibida
800389,1004,1,3,2026-07-18,2026-07-20,132,128,421.33,Recibida
800390,1004,1,3,2026-07-31,,159,,421.33,Pendiente
800391,1004,1,3,2026-08-01,,168,,421.33,Pendiente
800392,1005,1,1,2025-07-04,2025-07-07,217,212,932.8,Recibida
800393,1005,1,1,2025-07-18,2025-07-19,205,201,932.8,Recibida
800394,1005,1,1,2025-08-02,2025-08-03,221,215,932.8,Recibida
800395,1005,1,1,2025-08-17,2025-08-19,189,187,932.8,Recibida
800396,1005,1,1,2025-08-29,2025-09-01,202,199,932.8,Recibida
800397,1005,1,1,2025-09-11,2025-09-14,205,199,932.8,Recibida
800398,1005,1,1,2025-09-20,2025-09-23,236,236,932.8,Recibida
800399,1005,1,1,2025-10-03,2025-10-05,226,150,932.8,Parcial
800400,1005,1,1,2025-10-12,2025-10-15,225,225,932.8,Recibida
800401,1005,1,1,2025-10-25,2025-10-26,249,171,932.8,Parcial
800402,1005,1,1,2025-11-08,2025-11-09,235,233,932.8,Recibida
800403,1005,1,1,2025-11-22,2025-11-23,218,215,932.8,Recibida
800404,1005,1,1,2025-12-04,2025-12-06,227,0,932.8,Cancelada
800405,1005,1,1,2025-12-05,2025-12-08,289,288,932.8,Recibida
800406,1005,1,1,2025-12-18,2025-12-20,255,248,932.8,Recibida
800407,1005,1,1,2025-12-28,2025-12-30,266,263,932.8,Recibida
800408,1005,1,1,2026-01-10,2026-01-11,268,265,932.8,Recibida
800409,1005,1,1,2026-01-29,2026-01-31,238,236,932.8,Recibida
800410,1005,1,1,2026-02-16,2026-02-17,190,186,932.8,Recibida
800411,1005,1,1,2026-02-26,2026-02-27,198,195,932.8,Recibida
800412,1005,1,1,2026-03-06,2026-03-07,249,247,932.8,Recibida
800413,1005,1,1,2026-03-20,2026-03-23,248,241,932.8,Recibida
800414,1005,1,1,2026-04-04,2026-04-05,265,259,932.8,Recibida
800415,1005,1,1,2026-04-19,2026-04-20,238,238,932.8,Recibida
800416,1005,1,1,2026-05-02,2026-05-04,227,158,932.8,Parcial
800417,1005,1,1,2026-05-13,2026-05-15,217,178,932.8,Parcial
800418,1005,1,1,2026-05-27,2026-05-29,212,160,932.8,Parcial
800419,1005,1,1,2026-06-08,2026-06-11,199,198,932.8,Recibida
800420,1005,1,1,2026-06-19,2026-06-22,210,209,932.8,Recibida
800421,1005,1,1,2026-07-02,2026-07-03,210,169,932.8,Parcial
800422,1005,1,1,2026-07-12,2026-07-13,214,214,932.8,Recibida
800423,1005,1,1,2026-07-27,2026-07-28,221,218,932.8,Recibida
800424,1005,1,2,2025-07-05,2025-07-07,181,178,932.8,Recibida
800425,1005,1,2,2025-07-21,2025-07-22,151,150,932.8,Recibida
800426,1005,1,2,2025-08-02,2025-08-05,175,174,932.8,Recibida
800427,1005,1,2,2025-08-11,2025-08-12,178,176,932.8,Recibida
800428,1005,1,2,2025-08-25,2025-08-26,180,177,932.8,Recibida
800429,1005,1,2,2025-09-09,2025-09-12,183,181,932.8,Recibida
800430,1005,1,2,2025-09-23,2025-09-26,177,172,932.8,Recibida
800431,1005,1,2,2025-10-07,2025-10-08,181,180,932.8,Recibida
800432,1005,1,2,2025-10-18,2025-10-21,179,175,932.8,Recibida
800433,1005,1,2,2025-11-01,2025-11-04,220,220,932.8,Recibida
800434,1005,1,2,2025-11-15,2025-11-18,193,189,932.8,Recibida
800435,1005,1,2,2025-11-27,2025-11-28,203,202,932.8,Recibida
800436,1005,1,2,2025-12-10,2025-12-13,216,216,932.8,Recibida
800437,1005,1,2,2025-12-22,2025-12-23,205,166,932.8,Parcial
800438,1005,1,2,2026-01-03,2026-01-05,237,236,932.8,Recibida
800439,1005,1,2,2026-01-17,2026-01-18,219,215,932.8,Recibida
800440,1005,1,2,2026-02-02,2026-02-04,199,195,932.8,Recibida
800441,1005,1,2,2026-02-16,2026-02-19,191,190,932.8,Recibida
800442,1005,1,2,2026-03-04,2026-03-06,193,191,932.8,Recibida
800443,1005,1,2,2026-03-18,2026-03-20,172,171,932.8,Recibida
800444,1005,1,2,2026-03-31,2026-04-02,171,171,932.8,Recibida
800445,1005,1,2,2026-04-14,2026-04-15,180,178,932.8,Recibida
800446,1005,1,2,2026-04-28,2026-04-30,186,130,932.8,Parcial
800447,1005,1,2,2026-05-08,2026-05-11,176,176,932.8,Recibida
800448,1005,1,2,2026-05-20,2026-05-23,176,144,932.8,Parcial
800449,1005,1,2,2026-05-29,2026-05-31,186,181,932.8,Recibida
800450,1005,1,2,2026-06-13,2026-06-14,179,0,932.8,Cancelada
800451,1005,1,2,2026-06-14,2026-06-17,179,178,932.8,Recibida
800452,1005,1,2,2026-06-27,2026-06-28,183,179,932.8,Recibida
800453,1005,1,2,2026-07-11,2026-07-12,183,180,932.8,Recibida
800454,1005,1,2,2026-07-23,2026-07-25,177,172,932.8,Recibida
800455,1005,1,3,2025-07-04,2025-07-06,164,161,932.8,Recibida
800456,1005,1,3,2025-07-18,2025-07-21,147,144,932.8,Recibida
800457,1005,1,3,2025-07-31,2025-08-03,146,145,932.8,Recibida
800458,1005,1,3,2025-08-12,2025-08-15,164,160,932.8,Recibida
800459,1005,1,3,2025-08-26,2025-08-27,160,157,932.8,Recibida
800460,1005,1,3,2025-09-10,2025-09-11,150,148,932.8,Recibida
800461,1005,1,3,2025-09-20,2025-09-21,177,177,932.8,Recibida
800462,1005,1,3,2025-10-05,2025-10-07,162,161,932.8,Recibida
800463,1005,1,3,2025-10-20,2025-10-23,180,176,932.8,Recibida
800464,1005,1,3,2025-11-04,2025-11-07,167,166,932.8,Recibida
800465,1005,1,3,2025-11-16,2025-11-18,153,133,932.8,Parcial
800466,1005,1,3,2025-11-26,2025-11-29,158,157,932.8,Recibida
800467,1005,1,3,2025-12-07,2025-12-09,171,166,932.8,Recibida
800468,1005,1,3,2025-12-17,2025-12-20,195,111,932.8,Parcial
800469,1005,1,3,2025-12-23,2025-12-26,201,196,932.8,Recibida
800470,1005,1,3,2026-01-07,2026-01-10,204,203,932.8,Recibida
800471,1005,1,3,2026-01-22,2026-01-24,199,199,932.8,Recibida
800472,1005,1,3,2026-02-08,2026-02-10,176,176,932.8,Recibida
800473,1005,1,3,2026-02-24,2026-02-26,163,161,932.8,Recibida
800474,1005,1,3,2026-03-12,2026-03-14,145,142,932.8,Recibida
800475,1005,1,3,2026-03-23,2026-03-25,148,146,932.8,Recibida
800476,1005,1,3,2026-04-05,2026-04-08,144,96,932.8,Parcial
800477,1005,1,3,2026-04-15,2026-04-16,145,143,932.8,Recibida
800478,1005,1,3,2026-04-28,2026-04-30,144,140,932.8,Recibida
800479,1005,1,3,2026-05-11,2026-05-13,152,149,932.8,Recibida
800480,1005,1,3,2026-05-22,2026-05-25,168,163,932.8,Recibida
800481,1005,1,3,2026-06-03,2026-06-05,163,162,932.8,Recibida
800482,1005,1,3,2026-06-17,2026-06-18,165,160,932.8,Recibida
800483,1005,1,3,2026-07-01,2026-07-04,167,163,932.8,Recibida
800484,1005,1,3,2026-07-15,2026-07-18,149,149,932.8,Recibida
800485,1005,1,3,2026-07-26,2026-07-27,160,157,932.8,Recibida
800486,1006,1,1,2025-07-04,2025-07-09,33,32,767.35,Recibida
800487,1006,1,1,2025-07-14,2025-07-19,33,33,767.35,Recibida
800488,1006,1,1,2025-07-21,2025-07-26,35,34,767.35,Recibida
800489,1006,1,1,2025-08-01,2025-08-06,34,34,767.35,Recibida
800490,1006,1,1,2025-08-12,2025-08-16,34,34,767.35,Recibida
800491,1006,1,1,2025-08-23,2025-08-28,33,32,767.35,Recibida
800492,1006,1,1,2025-09-09,2025-09-14,28,28,767.35,Recibida
800493,1006,1,1,2025-09-19,2025-09-23,32,31,767.35,Recibida
800494,1006,1,1,2025-09-27,2025-10-03,32,32,767.35,Recibida
800495,1006,1,1,2025-10-04,2025-10-08,30,29,767.35,Recibida
800496,1006,1,1,2025-10-16,2025-10-22,33,33,767.35,Recibida
800497,1006,1,1,2025-10-27,2025-11-01,38,37,767.35,Recibida
800498,1006,1,1,2025-11-08,2025-11-12,33,33,767.35,Recibida
800499,1006,1,1,2025-11-21,2025-11-26,31,31,767.35,Recibida
800500,1006,1,1,2025-12-03,2025-12-07,36,36,767.35,Recibida
800501,1006,1,1,2025-12-11,2025-12-16,32,32,767.35,Recibida
800502,1006,1,1,2025-12-22,2025-12-28,34,34,767.35,Recibida
800503,1006,1,1,2026-01-02,2026-01-07,33,32,767.35,Recibida
800504,1006,1,1,2026-01-09,2026-01-13,38,38,767.35,Recibida
800505,1006,1,1,2026-01-23,2026-01-29,34,33,767.35,Recibida
800506,1006,1,1,2026-02-05,2026-02-10,33,32,767.35,Recibida
800507,1006,1,1,2026-02-20,2026-02-24,29,28,767.35,Recibida
800508,1006,1,1,2026-02-28,2026-03-05,34,34,767.35,Recibida
800509,1006,1,1,2026-03-13,2026-03-17,27,26,767.35,Recibida
800510,1006,1,1,2026-03-21,2026-03-26,28,27,767.35,Recibida
800511,1006,1,1,2026-03-28,2026-04-01,32,31,767.35,Recibida
800512,1006,1,1,2026-04-09,2026-04-15,33,33,767.35,Recibida
800513,1006,1,1,2026-04-17,2026-04-21,32,31,767.35,Recibida
800514,1006,1,1,2026-04-24,2026-04-29,35,23,767.35,Parcial
800515,1006,1,1,2026-05-02,2026-05-06,49,48,767.35,Recibida
800516,1006,1,1,2026-05-11,2026-05-16,40,39,767.35,Recibida
800517,1006,1,1,2026-05-26,2026-05-30,37,36,767.35,Recibida
800518,1006,1,1,2026-06-07,2026-06-13,35,34,767.35,Recibida
800519,1006,1,1,2026-06-24,2026-06-28,27,26,767.35,Recibida
800520,1006,1,1,2026-07-02,2026-07-07,31,30,767.35,Recibida
800521,1006,1,1,2026-07-11,2026-07-16,37,36,767.35,Recibida
800522,1006,1,1,2026-07-21,2026-07-27,33,32,767.35,Recibida
800523,1006,1,2,2025-07-06,2025-07-11,27,26,767.35,Recibida
800524,1006,1,2,2025-07-14,2025-07-19,40,40,767.35,Recibida
800525,1006,1,2,2025-07-26,2025-07-30,34,33,767.35,Recibida
800526,1006,1,2,2025-08-05,2025-08-10,37,21,767.35,Parcial
800527,1006,1,2,2025-08-12,2025-08-18,31,0,767.35,Cancelada
800528,1006,1,2,2025-08-13,2025-08-17,32,25,767.35,Parcial
800529,1006,1,2,2025-08-20,2025-08-24,35,21,767.35,Parcial
800530,1006,1,2,2025-08-29,2025-09-02,34,34,767.35,Recibida
800531,1006,1,2,2025-09-12,2025-09-18,28,28,767.35,Recibida
800532,1006,1,2,2025-09-26,2025-10-02,28,28,767.35,Recibida
800533,1006,1,2,2025-10-03,2025-10-07,41,41,767.35,Recibida
800534,1006,1,2,2025-10-17,2025-10-22,27,26,767.35,Recibida
800535,1006,1,2,2025-10-30,2025-11-05,31,0,767.35,Cancelada
800536,1006,1,2,2025-10-31,2025-11-04,32,31,767.35,Recibida
800537,1006,1,2,2025-11-08,2025-11-14,31,30,767.35,Recibida
800538,1006,1,2,2025-11-24,2025-11-30,25,24,767.35,Recibida
800539,1006,1,2,2025-12-03,2025-12-07,31,25,767.35,Parcial
800540,1006,1,2,2025-12-11,2025-12-16,27,26,767.35,Recibida
800541,1006,1,2,2025-12-26,2025-12-30,28,28,767.35,Recibida
800542,1006,1,2,2026-01-06,2026-01-11,24,23,767.35,Recibida
800543,1006,1,2,2026-01-15,2026-01-21,26,26,767.35,Recibida
800544,1006,1,2,2026-01-28,2026-02-03,24,24,767.35,Recibida
800545,1006,1,2,2026-02-06,2026-02-12,27,26,767.35,Recibida
800546,1006,1,2,2026-02-15,2026-02-21,26,0,767.35,Cancelada
800547,1006,1,2,2026-02-16,2026-02-20,26,26,767.35,Recibida
800548,1006,1,2,2026-03-03,2026-03-07,26,25,767.35,Recibida
800549,1006,1,2,2026-03-14,2026-03-19,26,26,767.35,Recibida
800550,1006,1,2,2026-03-27,2026-03-31,25,24,767.35,Recibida
800551,1006,1,2,2026-04-03,2026-04-09,23,23,767.35,Recibida
800552,1006,1,2,2026-04-11,2026-04-17,30,30,767.35,Recibida
800553,1006,1,2,2026-04-21,2026-04-26,29,25,767.35,Parcial
800554,1006,1,2,2026-04-27,2026-05-01,31,31,767.35,Recibida
800555,1006,1,2,2026-05-13,2026-05-19,28,27,767.35,Recibida
800556,1006,1,2,2026-05-23,2026-05-29,27,26,767.35,Recibida
800557,1006,1,2,2026-06-03,2026-06-09,26,26,767.35,Recibida
800558,1006,1,2,2026-06-10,2026-06-14,28,27,767.35,Recibida
800559,1006,1,2,2026-06-20,2026-06-24,31,30,767.35,Recibida
800560,1006,1,2,2026-06-26,2026-06-30,34,33,767.35,Recibida
800561,1006,1,2,2026-07-09,2026-07-14,30,30,767.35,Recibida
800562,1006,1,2,2026-07-23,2026-07-28,30,30,767.35,Recibida
800563,1006,1,3,2025-07-08,2025-07-13,25,19,767.35,Parcial
800564,1006,1,3,2025-07-13,2025-07-17,25,20,767.35,Parcial
800565,1006,1,3,2025-07-25,2025-07-31,21,21,767.35,Recibida
800566,1006,1,3,2025-08-04,2025-08-09,24,21,767.35,Parcial
800567,1006,1,3,2025-08-13,2025-08-18,22,22,767.35,Recibida
800568,1006,1,3,2025-08-22,2025-08-26,23,22,767.35,Recibida
800569,1006,1,3,2025-09-04,2025-09-10,22,21,767.35,Recibida
800570,1006,1,3,2025-09-12,2025-09-18,28,28,767.35,Recibida
800571,1006,1,3,2025-09-24,2025-09-29,24,23,767.35,Recibida
800572,1006,1,3,2025-10-01,2025-10-05,23,22,767.35,Recibida
800573,1006,1,3,2025-10-12,2025-10-17,24,24,767.35,Recibida
800574,1006,1,3,2025-10-24,2025-10-28,23,23,767.35,Recibida
800575,1006,1,3,2025-10-31,2025-11-06,30,29,767.35,Recibida
800576,1006,1,3,2025-11-15,2025-11-20,25,24,767.35,Recibida
800577,1006,1,3,2025-11-28,2025-12-03,23,23,767.35,Recibida
800578,1006,1,3,2025-12-11,2025-12-17,23,22,767.35,Recibida
800579,1006,1,3,2025-12-19,2025-12-23,22,22,767.35,Recibida
800580,1006,1,3,2025-12-27,2025-12-31,25,17,767.35,Parcial
800581,1006,1,3,2026-01-03,2026-01-09,25,25,767.35,Recibida
800582,1006,1,3,2026-01-12,2026-01-18,32,31,767.35,Recibida
800583,1006,1,3,2026-01-28,2026-02-01,26,25,767.35,Recibida
800584,1006,1,3,2026-02-07,2026-02-13,24,23,767.35,Recibida
800585,1006,1,3,2026-02-18,2026-02-24,31,30,767.35,Recibida
800586,1006,1,3,2026-03-02,2026-03-08,32,31,767.35,Recibida
800587,1006,1,3,2026-03-12,2026-03-18,28,28,767.35,Recibida
800588,1006,1,3,2026-03-21,2026-03-25,27,27,767.35,Recibida
800589,1006,1,3,2026-04-03,2026-04-07,26,25,767.35,Recibida
800590,1006,1,3,2026-04-18,2026-04-23,28,27,767.35,Recibida
800591,1006,1,3,2026-05-02,2026-05-07,24,24,767.35,Recibida
800592,1006,1,3,2026-05-09,2026-05-13,24,24,767.35,Recibida
800593,1006,1,3,2026-05-19,2026-05-23,25,24,767.35,Recibida
800594,1006,1,3,2026-05-30,2026-06-04,25,24,767.35,Recibida
800595,1006,1,3,2026-06-09,2026-06-14,24,24,767.35,Recibida
800596,1006,1,3,2026-06-17,2026-06-21,26,25,767.35,Recibida
800597,1006,1,3,2026-07-02,2026-07-07,24,24,767.35,Recibida
800598,1006,1,3,2026-07-09,2026-07-13,26,25,767.35,Recibida
800599,1006,1,3,2026-07-18,2026-07-23,27,27,767.35,Recibida
800600,1006,1,3,2026-08-01,,27,,767.35,Pendiente
800601,1007,1,1,2025-07-05,2025-07-06,25,25,983.07,Recibida
800602,1007,1,1,2025-07-16,2025-07-19,26,25,983.07,Recibida
800603,1007,1,1,2025-07-29,2025-07-30,32,31,983.07,Recibida
800604,1007,1,1,2025-08-16,2025-08-19,28,28,983.07,Recibida
800605,1007,1,1,2025-09-01,2025-09-03,25,24,983.07,Recibida
800606,1007,1,1,2025-09-18,2025-09-20,22,21,983.07,Recibida
800607,1007,1,1,2025-09-30,2025-10-01,23,18,983.07,Parcial
800608,1007,1,1,2025-10-17,2025-10-20,21,21,983.07,Recibida
800609,1007,1,1,2025-11-01,2025-11-03,22,15,983.07,Parcial
800610,1007,1,1,2025-11-07,2025-11-09,23,23,983.07,Recibida
800611,1007,1,1,2025-11-19,2025-11-22,22,22,983.07,Recibida
800612,1007,1,1,2025-12-01,2025-12-03,26,26,983.07,Recibida
800613,1007,1,1,2025-12-16,2025-12-19,28,28,983.07,Recibida
800614,1007,1,1,2025-12-25,2025-12-28,29,28,983.07,Recibida
800615,1007,1,1,2026-01-07,2026-01-09,28,28,983.07,Recibida
800616,1007,1,1,2026-01-26,2026-01-27,27,27,983.07,Recibida
800617,1007,1,1,2026-02-14,2026-02-16,25,16,983.07,Parcial
800618,1007,1,1,2026-02-22,2026-02-24,22,22,983.07,Recibida
800619,1007,1,1,2026-03-10,2026-03-11,22,16,983.07,Parcial
800620,1007,1,1,2026-03-23,2026-03-25,20,17,983.07,Parcial
800621,1007,1,1,2026-04-12,2026-04-13,18,18,983.07,Recibida
800622,1007,1,1,2026-04-22,2026-04-23,16,16,983.07,Recibida
800623,1007,1,1,2026-05-02,2026-05-04,20,19,983.07,Recibida
800624,1007,1,1,2026-05-15,2026-05-18,21,21,983.07,Recibida
800625,1007,1,1,2026-05-24,2026-05-26,22,21,983.07,Recibida
800626,1007,1,1,2026-06-05,2026-06-06,22,20,983.07,Parcial
800627,1007,1,1,2026-06-13,2026-06-15,30,30,983.07,Recibida
800628,1007,1,1,2026-06-25,2026-06-26,26,26,983.07,Recibida
800629,1007,1,1,2026-07-10,2026-07-13,28,23,983.07,Parcial
800630,1007,1,1,2026-07-25,2026-07-26,27,15,983.07,Parcial
800631,1007,1,2,2025-07-05,2025-07-07,19,13,983.07,Parcial
800632,1007,1,2,2025-07-15,2025-07-17,16,16,983.07,Recibida
800633,1007,1,2,2025-08-01,2025-08-03,15,15,983.07,Recibida
800634,1007,1,2,2025-08-09,2025-08-10,18,18,983.07,Recibida
800635,1007,1,2,2025-08-16,2025-08-17,23,23,983.07,Recibida
800636,1007,1,2,2025-08-27,2025-08-30,21,21,983.07,Recibida
800637,1007,1,2,2025-09-17,2025-09-19,21,17,983.07,Parcial
800638,1007,1,2,2025-10-02,2025-10-04,16,14,983.07,Parcial
800639,1007,1,2,2025-10-11,2025-10-13,16,16,983.07,Recibida
800640,1007,1,2,2025-10-27,2025-10-29,18,18,983.07,Recibida
800641,1007,1,2,2025-11-06,2025-11-07,19,19,983.07,Recibida
800642,1007,1,2,2025-11-20,2025-11-21,18,18,983.07,Recibida
800643,1007,1,2,2025-12-05,2025-12-08,21,21,983.07,Recibida
800644,1007,1,2,2025-12-12,2025-12-15,33,33,983.07,Recibida
800645,1007,1,2,2025-12-30,2026-01-01,27,26,983.07,Recibida
800646,1007,1,2,2026-01-14,2026-01-16,26,26,983.07,Recibida
800647,1007,1,2,2026-01-27,2026-01-28,27,26,983.07,Recibida
800648,1007,1,2,2026-02-18,2026-02-21,19,19,983.07,Recibida
800649,1007,1,2,2026-03-03,2026-03-06,20,20,983.07,Recibida
800650,1007,1,2,2026-03-17,2026-03-19,19,19,983.07,Recibida
800651,1007,1,2,2026-03-29,2026-04-01,19,19,983.07,Recibida
800652,1007,1,2,2026-04-16,2026-04-18,18,18,983.07,Recibida
800653,1007,1,2,2026-04-29,2026-05-01,19,19,983.07,Recibida
800654,1007,1,2,2026-05-17,2026-05-19,14,14,983.07,Recibida
800655,1007,1,2,2026-05-25,2026-05-28,17,17,983.07,Recibida
800656,1007,1,2,2026-06-06,2026-06-08,19,19,983.07,Recibida
800657,1007,1,2,2026-06-20,2026-06-21,21,21,983.07,Recibida
800658,1007,1,2,2026-07-09,2026-07-11,18,18,983.07,Recibida
800659,1007,1,2,2026-07-25,2026-07-26,17,17,983.07,Recibida
800660,1007,1,3,2025-07-05,2025-07-08,15,15,983.07,Recibida
800661,1007,1,3,2025-07-15,2025-07-18,19,19,983.07,Recibida
800662,1007,1,3,2025-08-06,2025-08-08,15,15,983.07,Recibida
800663,1007,1,3,2025-08-22,2025-08-23,14,14,983.07,Recibida
800664,1007,1,3,2025-08-29,2025-08-31,17,17,983.07,Recibida
800665,1007,1,3,2025-09-09,2025-09-10,18,17,983.07,Recibida
800666,1007,1,3,2025-09-24,2025-09-25,19,19,983.07,Recibida
800667,1007,1,3,2025-10-11,2025-10-14,20,20,983.07,Recibida
800668,1007,1,3,2025-11-06,2025-11-08,13,13,983.07,Recibida
800669,1007,1,3,2025-11-14,2025-11-16,14,14,983.07,Recibida
800670,1007,1,3,2025-11-19,2025-11-22,16,16,983.07,Recibida
800671,1007,1,3,2025-12-03,2025-12-06,17,17,983.07,Recibida
800672,1007,1,3,2025-12-16,2025-12-17,19,19,983.07,Recibida
800673,1007,1,3,2025-12-23,2025-12-24,21,21,983.07,Recibida
800674,1007,1,3,2026-01-06,2026-01-08,21,21,983.07,Recibida
800675,1007,1,3,2026-01-22,2026-01-23,22,22,983.07,Recibida
800676,1007,1,3,2026-02-17,2026-02-18,15,15,983.07,Recibida
800677,1007,1,3,2026-02-25,2026-02-26,16,16,983.07,Recibida
800678,1007,1,3,2026-03-16,2026-03-18,13,13,983.07,Recibida
800679,1007,1,3,2026-03-28,2026-03-31,17,17,983.07,Recibida
800680,1007,1,3,2026-04-16,2026-04-17,14,9,983.07,Parcial
800681,1007,1,3,2026-04-22,2026-04-23,15,15,983.07,Recibida
800682,1007,1,3,2026-05-06,2026-05-08,14,14,983.07,Recibida
800683,1007,1,3,2026-05-13,2026-05-16,16,16,983.07,Recibida
800684,1007,1,3,2026-05-23,2026-05-26,18,18,983.07,Recibida
800685,1007,1,3,2026-06-10,2026-06-11,17,16,983.07,Recibida
800686,1007,1,3,2026-06-26,2026-06-29,15,15,983.07,Recibida
800687,1007,1,3,2026-07-03,2026-07-06,18,18,983.07,Recibida
800688,1007,1,3,2026-07-16,2026-07-18,18,18,983.07,Recibida
800689,1007,1,3,2026-07-31,,19,,983.07,Pendiente
800690,1007,1,3,2026-08-01,,24,,983.07,Pendiente
800691,1008,1,1,2025-07-03,2025-07-09,164,160,2027.64,Recibida
800692,1008,1,1,2025-07-12,2025-07-16,188,183,2027.64,Recibida
800693,1008,1,1,2025-07-25,2025-07-29,163,161,2027.64,Recibida
800694,1008,1,1,2025-08-05,2025-08-11,155,89,2027.64,Parcial
800695,1008,1,1,2025-08-11,2025-08-15,158,158,2027.64,Recibida
800696,1008,1,1,2025-08-21,2025-08-26,169,104,2027.64,Parcial
800697,1008,1,1,2025-08-26,2025-08-31,156,152,2027.64,Recibida
800698,1008,1,1,2025-09-05,2025-09-13,161,159,2027.64,Recibida
800699,1008,1,1,2025-09-17,2025-09-28,169,167,2027.64,Recibida
800700,1008,1,1,2025-10-01,2025-10-05,154,153,2027.64,Recibida
800701,1008,1,1,2025-10-11,2025-10-17,164,162,2027.64,Recibida
800702,1008,1,1,2025-10-22,2025-10-27,161,159,2027.64,Recibida
800703,1008,1,1,2025-11-01,2025-11-05,176,175,2027.64,Recibida
800704,1008,1,1,2025-11-11,2025-11-16,165,165,2027.64,Recibida
800705,1008,1,1,2025-11-20,2025-11-26,169,168,2027.64,Recibida
800706,1008,1,1,2025-11-30,2025-12-05,172,172,2027.64,Recibida
800707,1008,1,1,2025-12-08,2025-12-13,205,201,2027.64,Recibida
800708,1008,1,1,2025-12-14,2025-12-18,202,197,2027.64,Recibida
800709,1008,1,1,2025-12-23,2025-12-28,219,218,2027.64,Recibida
800710,1008,1,1,2025-12-31,2026-01-05,234,0,2027.64,Cancelada
800711,1008,1,1,2026-01-01,2026-01-07,245,245,2027.64,Recibida
800712,1008,1,1,2026-01-12,2026-01-16,239,238,2027.64,Recibida
800713,1008,1,1,2026-01-26,2026-02-01,220,219,2027.64,Recibida
800714,1008,1,1,2026-02-12,2026-02-18,184,179,2027.64,Recibida
800715,1008,1,1,2026-02-23,2026-03-01,165,163,2027.64,Recibida
800716,1008,1,1,2026-03-06,2026-03-11,171,168,2027.64,Recibida
800717,1008,1,1,2026-03-19,2026-03-24,165,160,2027.64,Recibida
800718,1008,1,1,2026-03-29,2026-04-02,152,151,2027.64,Recibida
800719,1008,1,1,2026-04-08,2026-04-14,150,147,2027.64,Recibida
800720,1008,1,1,2026-04-18,2026-04-23,172,169,2027.64,Recibida
800721,1008,1,1,2026-04-29,2026-05-03,158,154,2027.64,Recibida
800722,1008,1,1,2026-05-08,2026-05-18,166,162,2027.64,Recibida
800723,1008,1,1,2026-05-21,2026-05-26,153,150,2027.64,Recibida
800724,1008,1,1,2026-05-30,2026-06-11,151,148,2027.64,Recibida
800725,1008,1,1,2026-06-12,2026-06-22,169,166,2027.64,Recibida
800726,1008,1,1,2026-06-25,2026-07-01,160,125,2027.64,Parcial
800727,1008,1,1,2026-07-02,2026-07-11,175,173,2027.64,Recibida
800728,1008,1,1,2026-07-15,2026-07-19,165,163,2027.64,Recibida
800729,1008,1,1,2026-07-23,,172,,2027.64,Pendiente
800730,1008,1,1,2026-07-24,2026-07-29,209,205,2027.64,Recibida
800731,1008,1,2,2025-07-05,2025-07-09,135,135,2027.64,Recibida
800732,1008,1,2,2025-07-09,2025-07-14,209,168,2027.64,Parcial
800733,1008,1,2,2025-07-21,2025-07-26,179,177,2027.64,Recibida
800734,1008,1,2,2025-08-07,2025-08-13,158,156,2027.64,Recibida
800735,1008,1,2,2025-08-16,2025-08-22,153,149,2027.64,Recibida
800736,1008,1,2,2025-09-01,2025-09-05,135,132,2027.64,Recibida
800737,1008,1,2,2025-09-11,2025-09-21,130,130,2027.64,Recibida
800738,1008,1,2,2025-09-23,2025-09-29,135,135,2027.64,Recibida
800739,1008,1,2,2025-10-02,2025-10-15,139,137,2027.64,Recibida
800740,1008,1,2,2025-10-16,2025-10-20,149,147,2027.64,Recibida
800741,1008,1,2,2025-10-26,2025-11-03,138,107,2027.64,Parcial
800742,1008,1,2,2025-11-03,2025-11-14,138,136,2027.64,Recibida
800743,1008,1,2,2025-11-15,2025-11-20,149,148,2027.64,Recibida
800744,1008,1,2,2025-11-25,2025-11-29,142,139,2027.64,Recibida
800745,1008,1,2,2025-12-03,2025-12-07,155,152,2027.64,Recibida
800746,1008,1,2,2025-12-13,2025-12-19,152,152,2027.64,Recibida
800747,1008,1,2,2025-12-22,2025-12-27,154,153,2027.64,Recibida
800748,1008,1,2,2025-12-31,2026-01-06,164,162,2027.64,Recibida
800749,1008,1,2,2026-01-09,2026-01-22,181,179,2027.64,Recibida
800750,1008,1,2,2026-01-24,2026-01-30,167,163,2027.64,Recibida
800751,1008,1,2,2026-02-06,2026-02-11,162,162,2027.64,Recibida
800752,1008,1,2,2026-02-19,2026-03-03,148,86,2027.64,Parcial
800753,1008,1,2,2026-03-03,2026-03-08,170,167,2027.64,Recibida
800754,1008,1,2,2026-03-14,2026-03-20,132,130,2027.64,Recibida
800755,1008,1,2,2026-03-26,2026-04-08,132,132,2027.64,Recibida
800756,1008,1,2,2026-04-10,2026-04-16,127,126,2027.64,Recibida
800757,1008,1,2,2026-04-20,2026-04-30,122,74,2027.64,Parcial
800758,1008,1,2,2026-04-30,2026-05-10,157,156,2027.64,Recibida
800759,1008,1,2,2026-05-14,2026-05-20,135,133,2027.64,Recibida
800760,1008,1,2,2026-05-22,2026-05-31,129,128,2027.64,Recibida
800761,1008,1,2,2026-06-02,2026-06-06,149,148,2027.64,Recibida
800762,1008,1,2,2026-06-12,2026-06-17,144,143,2027.64,Recibida
800763,1008,1,2,2026-06-21,2026-06-26,148,146,2027.64,Recibida
800764,1008,1,2,2026-07-04,2026-07-08,164,0,2027.64,Cancelada
800765,1008,1,2,2026-07-05,2026-07-11,176,171,2027.64,Recibida
800766,1008,1,2,2026-07-16,2026-07-27,137,113,2027.64,Parcial
800767,1008,1,2,2026-07-27,2026-07-31,133,130,2027.64,Recibida
800768,1008,1,3,2025-07-04,2025-07-08,118,115,2027.64,Recibida
800769,1008,1,3,2025-07-14,2025-07-20,124,123,2027.64,Recibida
800770,1008,1,3,2025-07-25,2025-07-29,145,145,2027.64,Recibida
800771,1008,1,3,2025-08-08,2025-08-12,121,119,2027.64,Recibida
800772,1008,1,3,2025-08-16,2025-08-24,119,118,2027.64,Recibida
800773,1008,1,3,2025-08-28,2025-09-01,137,133,2027.64,Recibida
800774,1008,1,3,2025-09-08,2025-09-14,112,112,2027.64,Recibida
800775,1008,1,3,2025-09-19,2025-09-23,121,118,2027.64,Recibida
800776,1008,1,3,2025-09-28,2025-10-02,115,114,2027.64,Recibida
800777,1008,1,3,2025-10-10,2025-10-23,127,126,2027.64,Recibida
800778,1008,1,3,2025-10-25,2025-10-29,122,122,2027.64,Recibida
800779,1008,1,3,2025-11-04,2025-11-10,114,114,2027.64,Recibida
800780,1008,1,3,2025-11-15,2025-11-20,128,73,2027.64,Parcial
800781,1008,1,3,2025-11-20,2025-12-02,116,114,2027.64,Recibida
800782,1008,1,3,2025-12-03,2025-12-07,120,118,2027.64,Recibida
800783,1008,1,3,2025-12-10,2025-12-14,142,139,2027.64,Recibida
800784,1008,1,3,2025-12-19,2025-12-31,134,131,2027.64,Recibida
800785,1008,1,3,2026-01-02,2026-01-06,130,86,2027.64,Parcial
800786,1008,1,3,2026-01-08,2026-01-12,132,130,2027.64,Recibida
800787,1008,1,3,2026-01-17,2026-01-26,140,139,2027.64,Recibida
800788,1008,1,3,2026-01-29,2026-02-02,128,125,2027.64,Recibida
800789,1008,1,3,2026-02-08,2026-02-14,134,133,2027.64,Recibida
800790,1008,1,3,2026-02-21,2026-02-26,135,132,2027.64,Recibida
800791,1008,1,3,2026-03-06,2026-03-11,117,89,2027.64,Parcial
800792,1008,1,3,2026-03-15,2026-03-21,112,111,2027.64,Recibida
800793,1008,1,3,2026-03-25,2026-04-01,112,109,2027.64,Recibida
800794,1008,1,3,2026-04-03,2026-04-08,120,0,2027.64,Cancelada
800795,1008,1,3,2026-04-04,2026-04-16,136,134,2027.64,Recibida
800796,1008,1,3,2026-04-19,2026-04-23,112,110,2027.64,Recibida
800797,1008,1,3,2026-04-29,2026-05-03,112,109,2027.64,Recibida
800798,1008,1,3,2026-05-10,2026-05-15,117,115,2027.64,Recibida
800799,1008,1,3,2026-05-22,2026-06-02,113,112,2027.64,Recibida
800800,1008,1,3,2026-06-04,2026-06-15,113,67,2027.64,Parcial
800801,1008,1,3,2026-06-15,2026-06-25,117,114,2027.64,Recibida
800802,1008,1,3,2026-06-27,2026-07-06,114,111,2027.64,Recibida
800803,1008,1,3,2026-07-10,2026-07-18,120,118,2027.64,Recibida
800804,1008,1,3,2026-07-20,2026-07-25,111,110,2027.64,Recibida
800805,1008,1,3,2026-07-29,,108,,2027.64,Pendiente
800806,1008,1,3,2026-07-30,,119,,2027.64,Pendiente
800807,1008,1,3,2026-07-31,,136,,2027.64,Pendiente
800808,1008,1,3,2026-08-01,,169,,2027.64,Pendiente
800809,1009,10,1,2025-07-03,2025-07-08,61,47,1485.06,Parcial
800810,1009,10,1,2025-07-16,2025-07-20,52,51,1485.06,Recibida
800811,1009,10,1,2025-07-22,2025-07-27,63,62,1485.06,Recibida
800812,1009,10,1,2025-08-02,2025-08-06,59,59,1485.06,Recibida
800813,1009,10,1,2025-08-09,2025-08-15,63,61,1485.06,Recibida
800814,1009,10,1,2025-08-22,2025-08-27,63,63,1485.06,Recibida
800815,1009,10,1,2025-09-03,2025-09-07,60,59,1485.06,Recibida
800816,1009,10,1,2025-09-18,2025-09-22,55,34,1485.06,Parcial
800817,1009,10,1,2025-09-27,2025-10-03,50,49,1485.06,Recibida
800818,1009,10,1,2025-10-07,2025-10-13,45,44,1485.06,Recibida
800819,1009,10,1,2025-10-14,2025-10-18,50,50,1485.06,Recibida
800820,1009,10,1,2025-10-23,2025-10-28,51,51,1485.06,Recibida
800821,1009,10,1,2025-10-31,2025-11-05,57,56,1485.06,Recibida
800822,1009,10,1,2025-11-11,2025-11-15,55,54,1485.06,Recibida
800823,1009,10,1,2025-11-24,2025-11-29,52,51,1485.06,Recibida
800824,1009,10,1,2025-12-02,2025-12-07,53,52,1485.06,Recibida
800825,1009,10,1,2025-12-11,2025-12-17,55,41,1485.06,Parcial
800826,1009,10,1,2025-12-17,2025-12-23,63,63,1485.06,Recibida
800827,1009,10,1,2025-12-25,2025-12-29,60,59,1485.06,Recibida
800828,1009,10,1,2026-01-02,2026-01-06,68,68,1485.06,Recibida
800829,1009,10,1,2026-01-10,2026-01-14,74,73,1485.06,Recibida
800830,1009,10,1,2026-01-27,2026-01-31,77,76,1485.06,Recibida
800831,1009,10,1,2026-02-10,2026-02-14,61,49,1485.06,Parcial
800832,1009,10,1,2026-02-16,2026-02-21,60,36,1485.06,Parcial
800833,1009,10,1,2026-02-21,2026-02-25,77,0,1485.06,Cancelada
800834,1009,10,1,2026-02-22,2026-02-27,79,0,1485.06,Cancelada
800835,1009,10,1,2026-02-23,2026-03-01,82,81,1485.06,Recibida
800836,1009,10,1,2026-03-05,2026-03-09,73,72,1485.06,Recibida
800837,1009,10,1,2026-03-20,2026-03-25,62,61,1485.06,Recibida
800838,1009,10,1,2026-03-28,2026-04-02,71,71,1485.06,Recibida
800839,1009,10,1,2026-04-10,2026-04-15,59,59,1485.06,Recibida
800840,1009,10,1,2026-04-15,2026-04-19,70,68,1485.06,Recibida
800841,1009,10,1,2026-04-26,2026-04-30,75,63,1485.06,Parcial
800842,1009,10,1,2026-05-01,2026-05-07,75,75,1485.06,Recibida
800843,1009,10,1,2026-05-14,2026-05-19,77,75,1485.06,Recibida
800844,1009,10,1,2026-05-31,2026-06-04,61,60,1485.06,Recibida
800845,1009,10,1,2026-06-08,2026-06-13,63,63,1485.06,Recibida
800846,1009,10,1,2026-06-23,2026-06-27,56,56,1485.06,Recibida
800847,1009,10,1,2026-07-02,2026-07-07,54,53,1485.06,Recibida
800848,1009,10,1,2026-07-10,2026-07-14,58,57,1485.06,Recibida
800849,1009,10,1,2026-07-20,2026-07-25,62,61,1485.06,Recibida
800850,1009,10,1,2026-07-31,,66,,1485.06,Pendiente
800851,1009,10,1,2026-08-01,,86,,1485.06,Pendiente
800852,1009,10,2,2025-07-03,2025-07-07,49,49,1485.06,Recibida
800853,1009,10,2,2025-07-09,2025-07-14,64,63,1485.06,Recibida
800854,1009,10,2,2025-07-25,2025-07-30,53,51,1485.06,Recibida
800855,1009,10,2,2025-08-05,2025-08-10,59,50,1485.06,Parcial
800856,1009,10,2,2025-08-13,2025-08-19,54,53,1485.06,Recibida
800857,1009,10,2,2025-08-23,2025-08-27,63,62,1485.06,Recibida
800858,1009,10,2,2025-09-04,2025-09-10,62,62,1485.06,Recibida
800859,1009,10,2,2025-09-13,2025-09-17,57,55,1485.06,Recibida
800860,1009,10,2,2025-09-30,2025-10-05,51,38,1485.06,Parcial
800861,1009,10,2,2025-10-05,2025-10-11,56,55,1485.06,Recibida
800862,1009,10,2,2025-10-17,2025-10-23,54,53,1485.06,Recibida
800863,1009,10,2,2025-10-27,2025-11-02,52,52,1485.06,Recibida
800864,1009,10,2,2025-11-07,2025-11-13,50,50,1485.06,Recibida
800865,1009,10,2,2025-11-19,2025-11-24,49,48,1485.06,Recibida
800866,1009,10,2,2025-11-27,2025-12-02,49,48,1485.06,Recibida
800867,1009,10,2,2025-12-06,2025-12-11,64,53,1485.06,Parcial
800868,1009,10,2,2025-12-12,2025-12-17,58,56,1485.06,Recibida
800869,1009,10,2,2025-12-20,2025-12-25,68,68,1485.06,Recibida
800870,1009,10,2,2025-12-27,2025-12-31,66,66,1485.06,Recibida
800871,1009,10,2,2026-01-12,2026-01-18,65,64,1485.06,Recibida
800872,1009,10,2,2026-01-24,2026-01-28,64,62,1485.06,Recibida
800873,1009,10,2,2026-02-05,2026-02-09,68,66,1485.06,Recibida
800874,1009,10,2,2026-02-18,2026-02-22,58,57,1485.06,Recibida
800875,1009,10,2,2026-03-03,2026-03-08,55,54,1485.06,Recibida
800876,1009,10,2,2026-03-18,2026-03-23,47,46,1485.06,Recibida
800877,1009,10,2,2026-03-30,2026-04-03,44,43,1485.06,Recibida
800878,1009,10,2,2026-04-07,2026-04-11,41,40,1485.06,Recibida
800879,1009,10,2,2026-04-15,2026-04-20,46,33,1485.06,Parcial
800880,1009,10,2,2026-04-21,2026-04-25,49,37,1485.06,Parcial
800881,1009,10,2,2026-04-26,2026-04-30,48,47,1485.06,Recibida
800882,1009,10,2,2026-05-02,2026-05-07,54,54,1485.06,Recibida
800883,1009,10,2,2026-05-13,2026-05-18,62,61,1485.06,Recibida
800884,1009,10,2,2026-05-27,2026-06-01,54,52,1485.06,Recibida
800885,1009,10,2,2026-06-06,2026-06-11,57,50,1485.06,Parcial
800886,1009,10,2,2026-06-20,2026-06-24,48,47,1485.06,Recibida
800887,1009,10,2,2026-06-29,2026-07-03,47,47,1485.06,Recibida
800888,1009,10,2,2026-07-12,2026-07-17,50,49,1485.06,Recibida
800889,1009,10,2,2026-07-19,2026-07-24,48,47,1485.06,Recibida
800890,1009,10,2,2026-08-01,,49,,1485.06,Pendiente
800891,1009,10,3,2025-07-04,2025-07-09,41,40,1485.06,Recibida
800892,1009,10,3,2025-07-15,2025-07-19,44,43,1485.06,Recibida
800893,1009,10,3,2025-07-25,2025-07-31,43,43,1485.06,Recibida
800894,1009,10,3,2025-08-07,2025-08-11,41,41,1485.06,Recibida
800895,1009,10,3,2025-08-17,2025-08-23,38,38,1485.06,Recibida
800896,1009,10,3,2025-08-23,2025-08-28,54,53,1485.06,Recibida
800897,1009,10,3,2025-09-02,2025-09-08,44,43,1485.06,Recibida
800898,1009,10,3,2025-09-16,2025-09-21,47,47,1485.06,Recibida
800899,1009,10,3,2025-09-24,2025-09-29,50,49,1485.06,Recibida
800900,1009,10,3,2025-10-04,2025-10-08,70,69,1485.06,Recibida
800901,1009,10,3,2025-10-21,2025-10-27,43,42,1485.06,Recibida
800902,1009,10,3,2025-11-01,2025-11-05,50,28,1485.06,Parcial
800903,1009,10,3,2025-11-07,2025-11-11,47,47,1485.06,Recibida
800904,1009,10,3,2025-11-21,2025-11-26,38,37,1485.06,Recibida
800905,1009,10,3,2025-11-29,2025-12-04,50,50,1485.06,Recibida
800906,1009,10,3,2025-12-10,2025-12-14,42,41,1485.06,Recibida
800907,1009,10,3,2025-12-18,2025-12-23,60,60,1485.06,Recibida
800908,1009,10,3,2025-12-31,2026-01-06,55,54,1485.06,Recibida
800909,1009,10,3,2026-01-10,2026-01-14,63,62,1485.06,Recibida
800910,1009,10,3,2026-01-19,2026-01-24,52,52,1485.06,Recibida
800911,1009,10,3,2026-01-27,2026-02-01,52,33,1485.06,Parcial
800912,1009,10,3,2026-02-01,2026-02-06,70,68,1485.06,Recibida
800913,1009,10,3,2026-02-18,2026-02-24,56,56,1485.06,Recibida
800914,1009,10,3,2026-03-03,2026-03-07,54,53,1485.06,Recibida
800915,1009,10,3,2026-03-13,2026-03-17,51,46,1485.06,Parcial
800916,1009,10,3,2026-03-24,2026-03-30,51,50,1485.06,Recibida
800917,1009,10,3,2026-04-02,2026-04-07,64,62,1485.06,Recibida
800918,1009,10,3,2026-04-11,2026-04-17,58,37,1485.06,Parcial
800919,1009,10,3,2026-04-18,2026-04-23,60,59,1485.06,Recibida
800920,1009,10,3,2026-05-02,2026-05-07,55,54,1485.06,Recibida
800921,1009,10,3,2026-05-12,2026-05-17,50,32,1485.06,Parcial
800922,1009,10,3,2026-05-17,2026-05-22,53,52,1485.06,Recibida
800923,1009,10,3,2026-06-03,2026-06-07,48,47,1485.06,Recibida
800924,1009,10,3,2026-06-15,2026-06-21,45,44,1485.06,Recibida
800925,1009,10,3,2026-06-27,2026-07-01,41,29,1485.06,Parcial
800926,1009,10,3,2026-07-05,2026-07-11,40,39,1485.06,Recibida
800927,1009,10,3,2026-07-15,2026-07-19,43,42,1485.06,Recibida
800928,1009,10,3,2026-07-26,2026-07-30,44,44,1485.06,Recibida
800929,1009,10,3,2026-08-01,,48,,1485.06,Pendiente
800930,1010,10,1,2025-07-11,2025-07-17,346,344,1630.66,Recibida
800931,1010,10,1,2025-07-17,2025-07-22,556,541,1630.66,Recibida
800932,1010,10,1,2025-07-24,2025-07-29,489,488,1630.66,Recibida
800933,1010,10,1,2025-08-03,2025-08-08,488,486,1630.66,Recibida
800934,1010,10,1,2025-08-14,2025-08-20,572,558,1630.66,Recibida
800935,1010,10,1,2025-08-22,2025-08-27,593,589,1630.66,Recibida
800936,1010,10,1,2025-09-04,2025-09-08,880,866,1630.66,Recibida
800937,1010,10,1,2025-09-14,2025-09-18,604,604,1630.66,Recibida
800938,1010,10,1,2025-09-26,2025-09-30,637,460,1630.66,Parcial
800939,1010,10,1,2025-10-11,2025-10-16,643,637,1630.66,Recibida
800940,1010,10,1,2025-10-25,2025-10-29,471,459,1630.66,Recibida
800941,1010,10,1,2025-11-08,2025-11-12,437,430,1630.66,Recibida
800942,1010,10,1,2025-11-16,2025-11-20,514,513,1630.66,Recibida
800943,1010,10,1,2025-11-27,2025-12-02,465,458,1630.66,Recibida
800944,1010,10,1,2025-12-04,2025-12-09,551,547,1630.66,Recibida
800945,1010,10,1,2025-12-11,2025-12-17,517,504,1630.66,Recibida
800946,1010,10,1,2025-12-17,2025-12-21,611,494,1630.66,Parcial
800947,1010,10,1,2025-12-26,2025-12-31,676,666,1630.66,Recibida
800948,1010,10,1,2026-01-08,2026-01-12,707,698,1630.66,Recibida
800949,1010,10,1,2026-01-23,2026-01-28,589,576,1630.66,Recibida
800950,1010,10,1,2026-02-06,2026-02-12,650,631,1630.66,Recibida
800951,1010,10,1,2026-02-15,2026-02-19,532,520,1630.66,Recibida
800952,1010,10,1,2026-02-25,2026-03-03,515,504,1630.66,Recibida
800953,1010,10,1,2026-03-07,2026-03-13,578,572,1630.66,Recibida
800954,1010,10,1,2026-03-17,2026-03-21,557,551,1630.66,Recibida
800955,1010,10,1,2026-04-03,2026-04-09,508,504,1630.66,Recibida
800956,1010,10,1,2026-04-15,2026-04-20,506,493,1630.66,Recibida
800957,1010,10,1,2026-04-20,2026-04-25,608,595,1630.66,Recibida
800958,1010,10,1,2026-04-27,2026-05-02,755,754,1630.66,Recibida
800959,1010,10,1,2026-05-06,2026-05-12,653,0,1630.66,Cancelada
800960,1010,10,1,2026-05-07,2026-05-13,643,637,1630.66,Recibida
800961,1010,10,1,2026-05-20,2026-05-25,679,662,1630.66,Recibida
800962,1010,10,1,2026-06-04,2026-06-09,572,562,1630.66,Recibida
800963,1010,10,1,2026-06-14,2026-06-19,537,522,1630.66,Recibida
800964,1010,10,1,2026-07-02,2026-07-07,466,375,1630.66,Parcial
800965,1010,10,1,2026-07-08,2026-07-12,594,593,1630.66,Recibida
800966,1010,10,1,2026-07-22,2026-07-28,504,504,1630.66,Recibida
800967,1010,10,2,2025-07-03,2025-07-08,346,342,1630.66,Recibida
800968,1010,10,2,2025-07-10,2025-07-16,463,0,1630.66,Cancelada
800969,1010,10,2,2025-07-11,2025-07-17,704,686,1630.66,Recibida
800970,1010,10,2,2025-07-21,2025-07-27,524,514,1630.66,Recibida
800971,1010,10,2,2025-07-28,2025-08-02,567,560,1630.66,Recibida
800972,1010,10,2,2025-08-14,2025-08-18,529,517,1630.66,Recibida
800973,1010,10,2,2025-08-30,2025-09-04,436,429,1630.66,Recibida
800974,1010,10,2,2025-09-11,2025-09-15,411,406,1630.66,Recibida
800975,1010,10,2,2025-09-19,2025-09-25,458,0,1630.66,Cancelada
800976,1010,10,2,2025-09-20,2025-09-25,537,536,1630.66,Recibida
800977,1010,10,2,2025-10-01,2025-10-06,472,464,1630.66,Recibida
800978,1010,10,2,2025-10-10,2025-10-16,475,464,1630.66,Recibida
800979,1010,10,2,2025-10-25,2025-10-30,452,448,1630.66,Recibida
800980,1010,10,2,2025-11-13,2025-11-19,354,352,1630.66,Recibida
800981,1010,10,2,2025-11-27,2025-12-03,320,314,1630.66,Recibida
800982,1010,10,2,2025-12-05,2025-12-11,405,400,1630.66,Recibida
800983,1010,10,2,2025-12-15,2025-12-21,673,663,1630.66,Recibida
800984,1010,10,2,2025-12-24,2025-12-30,441,432,1630.66,Recibida
800985,1010,10,2,2026-01-02,2026-01-08,509,303,1630.66,Parcial
800986,1010,10,2,2026-01-13,2026-01-18,455,448,1630.66,Recibida
800987,1010,10,2,2026-01-30,2026-02-04,416,304,1630.66,Parcial
800988,1010,10,2,2026-02-18,2026-02-22,304,297,1630.66,Recibida
800989,1010,10,2,2026-02-23,2026-03-01,325,322,1630.66,Recibida
800990,1010,10,2,2026-03-02,2026-03-08,335,334,1630.66,Recibida
800991,1010,10,2,2026-03-17,2026-03-21,352,349,1630.66,Recibida
800992,1010,10,2,2026-03-21,2026-03-26,405,399,1630.66,Recibida
800993,1010,10,2,2026-04-06,2026-04-12,366,362,1630.66,Recibida
800994,1010,10,2,2026-04-17,2026-04-23,319,317,1630.66,Recibida
800995,1010,10,2,2026-04-26,2026-05-01,364,363,1630.66,Recibida
800996,1010,10,2,2026-05-06,2026-05-12,347,0,1630.66,Cancelada
800997,1010,10,2,2026-05-07,2026-05-11,371,360,1630.66,Recibida
800998,1010,10,2,2026-05-13,2026-05-19,391,380,1630.66,Recibida
800999,1010,10,2,2026-05-22,2026-05-27,408,225,1630.66,Parcial
801000,1010,10,2,2026-05-27,2026-06-01,481,417,1630.66,Parcial
801001,1010,10,2,2026-06-04,2026-06-09,504,375,1630.66,Parcial
801002,1010,10,2,2026-06-13,2026-06-18,448,370,1630.66,Parcial
801003,1010,10,2,2026-06-23,2026-06-29,418,417,1630.66,Recibida
801004,1010,10,2,2026-07-02,2026-07-08,487,431,1630.66,Parcial
801005,1010,10,2,2026-07-11,2026-07-15,458,456,1630.66,Recibida
801006,1010,10,2,2026-07-24,2026-07-28,411,410,1630.66,Recibida
801007,1010,10,3,2025-07-05,2025-07-11,282,278,1630.66,Recibida
801008,1010,10,3,2025-07-11,2025-07-16,371,361,1630.66,Recibida
801009,1010,10,3,2025-07-17,2025-07-22,482,472,1630.66,Recibida
801010,1010,10,3,2025-08-04,2025-08-10,357,353,1630.66,Recibida
801011,1010,10,3,2025-08-16,2025-08-20,422,413,1630.66,Recibida
801012,1010,10,3,2025-08-21,2025-08-27,398,389,1630.66,Recibida
801013,1010,10,3,2025-09-02,2025-09-06,403,394,1630.66,Recibida
801014,1010,10,3,2025-09-13,2025-09-18,472,458,1630.66,Recibida
801015,1010,10,3,2025-09-23,2025-09-27,419,408,1630.66,Recibida
801016,1010,10,3,2025-10-06,2025-10-10,415,411,1630.66,Recibida
801017,1010,10,3,2025-10-24,2025-10-30,369,360,1630.66,Recibida
801018,1010,10,3,2025-11-10,2025-11-14,276,270,1630.66,Recibida
801019,1010,10,3,2025-11-20,2025-11-24,277,273,1630.66,Recibida
801020,1010,10,3,2025-11-28,2025-12-04,279,274,1630.66,Recibida
801021,1010,10,3,2025-12-04,2025-12-08,327,322,1630.66,Recibida
801022,1010,10,3,2025-12-10,2025-12-16,389,385,1630.66,Recibida
801023,1010,10,3,2025-12-17,2025-12-23,403,394,1630.66,Recibida
801024,1010,10,3,2025-12-26,2026-01-01,461,451,1630.66,Recibida
801025,1010,10,3,2026-01-07,2026-01-13,410,409,1630.66,Recibida
801026,1010,10,3,2026-01-15,2026-01-21,459,453,1630.66,Recibida
801027,1010,10,3,2026-01-31,2026-02-06,415,414,1630.66,Recibida
801028,1010,10,3,2026-02-15,2026-02-21,365,360,1630.66,Recibida
801029,1010,10,3,2026-03-03,2026-03-09,307,241,1630.66,Parcial
801030,1010,10,3,2026-03-09,2026-03-13,434,430,1630.66,Recibida
801031,1010,10,3,2026-03-23,2026-03-27,329,325,1630.66,Recibida
801032,1010,10,3,2026-04-02,2026-04-08,347,346,1630.66,Recibida
801033,1010,10,3,2026-04-14,2026-04-20,361,360,1630.66,Recibida
801034,1010,10,3,2026-04-26,2026-05-02,378,371,1630.66,Recibida
801035,1010,10,3,2026-05-04,2026-05-09,370,366,1630.66,Recibida
801036,1010,10,3,2026-05-16,2026-05-20,354,350,1630.66,Recibida
801037,1010,10,3,2026-05-30,2026-06-03,331,322,1630.66,Recibida
801038,1010,10,3,2026-06-10,2026-06-14,303,301,1630.66,Recibida
801039,1010,10,3,2026-06-20,2026-06-26,363,322,1630.66,Parcial
801040,1010,10,3,2026-07-02,2026-07-07,346,339,1630.66,Recibida
801041,1010,10,3,2026-07-15,2026-07-19,303,294,1630.66,Recibida
801042,1010,10,3,2026-07-20,2026-07-26,341,334,1630.66,Recibida
801043,1010,10,3,2026-07-30,,327,,1630.66,Pendiente
801044,1010,10,3,2026-07-31,,388,,1630.66,Pendiente
801045,1010,10,3,2026-08-01,,549,,1630.66,Pendiente
801046,1011,10,1,2025-07-05,2025-07-09,63,61,2154.25,Recibida
801047,1011,10,1,2025-07-12,2025-07-15,85,84,2154.25,Recibida
801048,1011,10,1,2025-07-31,2025-08-03,64,63,2154.25,Recibida
801049,1011,10,1,2025-08-11,2025-08-13,66,66,2154.25,Recibida
801050,1011,10,1,2025-08-29,2025-09-01,60,53,2154.25,Parcial
801051,1011,10,1,2025-09-15,2025-09-17,51,51,2154.25,Recibida
801052,1011,10,1,2025-09-26,2025-09-29,48,48,2154.25,Recibida
801053,1011,10,1,2025-10-05,2025-10-07,51,50,2154.25,Recibida
801054,1011,10,1,2025-10-19,2025-10-22,52,51,2154.25,Recibida
801055,1011,10,1,2025-10-25,2025-10-29,84,84,2154.25,Recibida
801056,1011,10,1,2025-11-10,2025-11-14,98,97,2154.25,Recibida
801057,1011,10,1,2025-11-27,2025-11-29,115,113,2154.25,Recibida
801058,1011,10,1,2025-12-13,2025-12-15,78,77,2154.25,Recibida
801059,1011,10,1,2025-12-26,2025-12-30,93,91,2154.25,Recibida
801060,1011,10,1,2026-01-12,2026-01-15,75,57,2154.25,Parcial
801061,1011,10,1,2026-01-17,2026-01-19,77,77,2154.25,Recibida
801062,1011,10,1,2026-02-01,2026-02-03,87,85,2154.25,Recibida
801063,1011,10,1,2026-02-21,2026-02-24,69,68,2154.25,Recibida
801064,1011,10,1,2026-03-09,2026-03-11,58,58,2154.25,Recibida
801065,1011,10,1,2026-03-24,2026-03-27,59,58,2154.25,Recibida
801066,1011,10,1,2026-04-06,2026-04-10,53,53,2154.25,Recibida
801067,1011,10,1,2026-04-17,2026-04-19,61,59,2154.25,Recibida
801068,1011,10,1,2026-04-28,2026-05-01,58,57,2154.25,Recibida
801069,1011,10,1,2026-05-09,2026-05-11,72,70,2154.25,Recibida
801070,1011,10,1,2026-05-28,2026-05-31,60,58,2154.25,Recibida
801071,1011,10,1,2026-06-11,2026-06-14,67,65,2154.25,Recibida
801072,1011,10,1,2026-06-25,2026-06-27,49,48,2154.25,Recibida
801073,1011,10,1,2026-07-03,2026-07-07,64,64,2154.25,Recibida
801074,1011,10,1,2026-07-18,2026-07-22,69,67,2154.25,Recibida
801075,1011,10,2,2025-07-04,2025-07-08,46,45,2154.25,Recibida
801076,1011,10,2,2025-07-08,2025-07-11,79,78,2154.25,Recibida
801077,1011,10,2,2025-08-02,2025-08-05,69,68,2154.25,Recibida
801078,1011,10,2,2025-08-14,2025-08-17,56,55,2154.25,Recibida
801079,1011,10,2,2025-09-05,2025-09-07,49,48,2154.25,Recibida
801080,1011,10,2,2025-09-17,2025-09-20,52,51,2154.25,Recibida
801081,1011,10,2,2025-10-05,2025-10-09,44,43,2154.25,Recibida
801082,1011,10,2,2025-10-18,2025-10-20,40,39,2154.25,Recibida
801083,1011,10,2,2025-10-29,2025-11-01,42,34,2154.25,Parcial
801084,1011,10,2,2025-11-07,2025-11-09,41,41,2154.25,Recibida
801085,1011,10,2,2025-11-25,2025-11-29,43,43,2154.25,Recibida
801086,1011,10,2,2025-12-04,2025-12-07,42,41,2154.25,Recibida
801087,1011,10,2,2025-12-11,2025-12-14,46,46,2154.25,Recibida
801088,1011,10,2,2025-12-22,2025-12-25,64,63,2154.25,Recibida
801089,1011,10,2,2025-12-30,2026-01-02,61,42,2154.25,Parcial
801090,1011,10,2,2026-01-04,2026-01-06,68,66,2154.25,Recibida
801091,1011,10,2,2026-01-16,2026-01-19,77,76,2154.25,Recibida
801092,1011,10,2,2026-01-31,2026-02-04,70,41,2154.25,Parcial
801093,1011,10,2,2026-02-18,2026-02-21,52,51,2154.25,Recibida
801094,1011,10,2,2026-03-04,2026-03-06,45,44,2154.25,Recibida
801095,1011,10,2,2026-03-11,2026-03-13,65,63,2154.25,Recibida
801096,1011,10,2,2026-03-27,2026-03-30,61,60,2154.25,Recibida
801097,1011,10,2,2026-04-15,2026-04-18,56,55,2154.25,Recibida
801098,1011,10,2,2026-05-05,2026-05-09,40,40,2154.25,Recibida
801099,1011,10,2,2026-05-13,2026-05-16,41,40,2154.25,Recibida
801100,1011,10,2,2026-05-30,2026-06-01,46,45,2154.25,Recibida
801101,1011,10,2,2026-06-09,2026-06-12,39,38,2154.25,Recibida
801102,1011,10,2,2026-06-19,2026-06-23,48,47,2154.25,Recibida
801103,1011,10,2,2026-06-26,2026-06-28,49,48,2154.25,Recibida
801104,1011,10,2,2026-07-07,2026-07-11,54,53,2154.25,Recibida
801105,1011,10,2,2026-07-13,2026-07-17,67,55,2154.25,Parcial
801106,1011,10,3,2025-07-11,2025-07-13,20,20,2154.25,Recibida
801107,1011,10,3,2025-07-18,2025-07-21,27,26,2154.25,Recibida
801108,1011,10,3,2025-08-03,2025-08-07,24,24,2154.25,Recibida
801109,1011,10,3,2025-08-08,2025-08-11,31,31,2154.25,Recibida
801110,1011,10,3,2025-08-17,2025-08-19,36,35,2154.25,Recibida
801111,1011,10,3,2025-08-25,2025-08-28,35,35,2154.25,Recibida
801112,1011,10,3,2025-09-06,2025-09-09,50,50,2154.25,Recibida
801113,1011,10,3,2025-09-21,2025-09-23,42,41,2154.25,Recibida
801114,1011,10,3,2025-09-30,2025-10-04,49,27,2154.25,Parcial
801115,1011,10,3,2025-10-07,2025-10-11,40,39,2154.25,Recibida
801116,1011,10,3,2025-10-21,2025-10-23,63,0,2154.25,Cancelada
801117,1011,10,3,2025-10-22,2025-10-26,64,38,2154.25,Parcial
801118,1011,10,3,2025-11-02,2025-11-04,43,38,2154.25,Parcial
801119,1011,10,3,2025-11-15,2025-11-17,40,30,2154.25,Parcial
801120,1011,10,3,2025-11-22,2025-11-24,57,56,2154.25,Recibida
801121,1011,10,3,2025-11-29,2025-12-01,50,50,2154.25,Recibida
801122,1011,10,3,2025-12-08,2025-12-11,52,51,2154.25,Recibida
801123,1011,10,3,2025-12-19,2025-12-21,71,70,2154.25,Recibida
801124,1011,10,3,2026-01-04,2026-01-06,61,53,2154.25,Parcial
801125,1011,10,3,2026-01-23,2026-01-27,56,55,2154.25,Recibida
801126,1011,10,3,2026-02-06,2026-02-08,43,42,2154.25,Recibida
801127,1011,10,3,2026-02-27,2026-03-02,48,47,2154.25,Recibida
801128,1011,10,3,2026-03-17,2026-03-20,31,31,2154.25,Recibida
801129,1011,10,3,2026-03-31,2026-04-02,39,35,2154.25,Parcial
801130,1011,10,3,2026-04-04,2026-04-08,37,36,2154.25,Recibida
801131,1011,10,3,2026-04-16,2026-04-19,39,38,2154.25,Recibida
801132,1011,10,3,2026-04-24,2026-04-26,60,59,2154.25,Recibida
801133,1011,10,3,2026-05-05,2026-05-09,50,49,2154.25,Recibida
801134,1011,10,3,2026-05-21,2026-05-25,53,52,2154.25,Recibida
801135,1011,10,3,2026-06-07,2026-06-09,45,0,2154.25,Cancelada
801136,1011,10,3,2026-06-08,2026-06-12,42,31,2154.25,Parcial
801137,1011,10,3,2026-06-23,2026-06-26,34,28,2154.25,Parcial
801138,1011,10,3,2026-06-27,2026-06-30,37,36,2154.25,Recibida
801139,1011,10,3,2026-07-08,2026-07-12,40,39,2154.25,Recibida
801140,1011,10,3,2026-07-21,2026-07-24,38,37,2154.25,Recibida
801141,1012,10,1,2025-07-03,2025-07-08,5,5,1245.95,Recibida
801142,1012,10,1,2025-07-08,2025-07-15,9,9,1245.95,Recibida
801143,1012,10,1,2025-10-11,2025-10-16,5,5,1245.95,Recibida
801144,1012,10,1,2025-10-21,2025-10-26,5,5,1245.95,Recibida
801145,1012,10,1,2025-10-31,2025-11-07,5,5,1245.95,Recibida
801146,1012,10,1,2025-12-02,2025-12-09,5,5,1245.95,Recibida
801147,1012,10,1,2025-12-13,2025-12-20,5,5,1245.95,Recibida
801148,1012,10,1,2025-12-27,2026-01-02,5,5,1245.95,Recibida
801149,1012,10,1,2026-01-06,2026-01-11,5,5,1245.95,Recibida
801150,1012,10,1,2026-01-14,2026-01-21,5,5,1245.95,Recibida
801151,1012,10,1,2026-02-07,2026-02-12,5,5,1245.95,Recibida
801152,1012,10,1,2026-05-16,2026-05-22,5,5,1245.95,Recibida
801153,1012,10,1,2026-05-26,2026-06-01,5,5,1245.95,Recibida
801154,1012,10,1,2026-06-17,2026-06-22,5,5,1245.95,Recibida
801155,1012,10,1,2026-07-24,2026-07-30,5,5,1245.95,Recibida
801156,1012,10,2,2025-07-04,2025-07-10,5,5,1245.95,Recibida
801157,1012,10,2,2025-07-12,2025-07-19,8,8,1245.95,Recibida
801158,1012,10,2,2025-08-09,2025-08-16,5,0,1245.95,Cancelada
801159,1012,10,2,2025-08-22,2025-08-29,5,5,1245.95,Recibida
801160,1012,10,2,2025-10-02,2025-10-08,5,5,1245.95,Recibida
801161,1012,10,2,2025-10-27,2025-11-03,5,5,1245.95,Recibida
801162,1012,10,2,2025-11-29,2025-12-05,5,5,1245.95,Recibida
801163,1012,10,2,2025-12-10,2025-12-15,5,5,1245.95,Recibida
801164,1012,10,2,2025-12-20,2025-12-25,5,5,1245.95,Recibida
801165,1012,10,2,2025-12-28,2026-01-02,5,5,1245.95,Recibida
801166,1012,10,2,2026-02-03,2026-02-09,5,5,1245.95,Recibida
801167,1012,10,2,2026-03-02,2026-03-08,5,5,1245.95,Recibida
801168,1012,10,2,2026-03-19,2026-03-25,5,5,1245.95,Recibida
801169,1012,10,2,2026-05-02,2026-05-09,5,5,1245.95,Recibida
801170,1012,10,2,2026-06-20,2026-06-26,5,5,1245.95,Recibida
801171,1012,10,2,2026-07-10,2026-07-15,5,5,1245.95,Recibida
801172,1012,10,3,2025-07-20,2025-07-25,5,5,1245.95,Recibida
801173,1012,10,3,2025-08-01,2025-08-07,5,5,1245.95,Recibida
801174,1012,10,3,2025-08-21,2025-08-27,5,5,1245.95,Recibida
801175,1012,10,3,2025-10-14,2025-10-19,5,5,1245.95,Recibida
801176,1012,10,3,2025-11-30,2025-12-05,5,5,1245.95,Recibida
801177,1012,10,3,2025-12-19,2025-12-25,5,5,1245.95,Recibida
801178,1012,10,3,2026-01-06,2026-01-13,5,5,1245.95,Recibida
801179,1012,10,3,2026-01-21,2026-01-28,6,6,1245.95,Recibida
801180,1012,10,3,2026-02-28,2026-03-05,5,5,1245.95,Recibida
801181,1012,10,3,2026-04-10,2026-04-16,5,5,1245.95,Recibida
801182,1012,10,3,2026-05-06,2026-05-12,5,5,1245.95,Recibida
801183,1012,10,3,2026-06-29,2026-07-06,5,5,1245.95,Recibida
801184,1012,10,3,2026-07-31,,5,,1245.95,Pendiente
801185,1012,10,3,2026-08-01,,5,,1245.95,Pendiente
801186,1013,10,1,2025-07-09,2025-07-14,137,134,911.82,Recibida
801187,1013,10,1,2025-07-16,2025-07-21,156,156,911.82,Recibida
801188,1013,10,1,2025-07-23,2025-07-28,145,145,911.82,Recibida
801189,1013,10,1,2025-08-05,2025-08-09,135,132,911.82,Recibida
801190,1013,10,1,2025-08-13,2025-08-19,142,109,911.82,Parcial
801191,1013,10,1,2025-08-24,2025-08-28,141,138,911.82,Recibida
801192,1013,10,1,2025-09-08,2025-09-13,127,127,911.82,Recibida
801193,1013,10,1,2025-09-18,2025-09-23,121,119,911.82,Recibida
801194,1013,10,1,2025-09-29,2025-10-03,110,75,911.82,Parcial
801195,1013,10,1,2025-10-12,2025-10-17,100,99,911.82,Recibida
801196,1013,10,1,2025-10-23,2025-10-29,105,102,911.82,Recibida
801197,1013,10,1,2025-11-07,2025-11-12,95,94,911.82,Recibida
801198,1013,10,1,2025-11-17,2025-11-22,93,93,911.82,Recibida
801199,1013,10,1,2025-11-27,2025-12-03,89,87,911.82,Recibida
801200,1013,10,1,2025-12-04,2025-12-10,108,107,911.82,Recibida
801201,1013,10,1,2025-12-11,2025-12-17,108,106,911.82,Recibida
801202,1013,10,1,2025-12-20,2025-12-25,185,183,911.82,Recibida
801203,1013,10,1,2026-01-04,2026-01-10,116,0,911.82,Cancelada
801204,1013,10,1,2026-01-05,2026-01-10,133,132,911.82,Recibida
801205,1013,10,1,2026-01-17,2026-01-22,128,127,911.82,Recibida
801206,1013,10,1,2026-01-26,2026-01-30,139,135,911.82,Recibida
801207,1013,10,1,2026-02-06,2026-02-11,111,109,911.82,Recibida
801208,1013,10,1,2026-02-12,2026-02-18,158,158,911.82,Recibida
801209,1013,10,1,2026-02-27,2026-03-04,138,135,911.82,Recibida
801210,1013,10,1,2026-03-09,2026-03-15,130,130,911.82,Recibida
801211,1013,10,1,2026-03-22,2026-03-27,128,126,911.82,Recibida
801212,1013,10,1,2026-04-02,2026-04-06,133,131,911.82,Recibida
801213,1013,10,1,2026-04-09,2026-04-14,127,126,911.82,Recibida
801214,1013,10,1,2026-04-23,2026-04-28,126,122,911.82,Recibida
801215,1013,10,1,2026-04-30,2026-05-06,130,128,911.82,Recibida
801216,1013,10,1,2026-05-15,2026-05-20,119,116,911.82,Recibida
801217,1013,10,1,2026-05-23,2026-05-29,135,132,911.82,Recibida
801218,1013,10,1,2026-06-06,2026-06-11,121,120,911.82,Recibida
801219,1013,10,1,2026-06-27,2026-07-02,96,95,911.82,Recibida
801220,1013,10,1,2026-07-08,2026-07-12,79,0,911.82,Cancelada
801221,1013,10,1,2026-07-09,2026-07-14,89,87,911.82,Recibida
801222,1013,10,1,2026-07-17,2026-07-22,95,85,911.82,Parcial
801223,1013,10,1,2026-07-24,2026-07-28,93,93,911.82,Recibida
801224,1013,10,1,2026-07-31,,157,,911.82,Pendiente
801225,1013,10,1,2026-08-01,,158,,911.82,Pendiente
801226,1013,10,2,2025-07-10,2025-07-16,65,63,911.82,Recibida
801227,1013,10,2,2025-07-16,2025-07-20,142,138,911.82,Recibida
801228,1013,10,2,2025-07-23,2025-07-29,145,142,911.82,Recibida
801229,1013,10,2,2025-08-08,2025-08-12,104,101,911.82,Recibida
801230,1013,10,2,2025-08-21,2025-08-26,119,116,911.82,Recibida
801231,1013,10,2,2025-09-06,2025-09-12,84,84,911.82,Recibida
801232,1013,10,2,2025-09-16,2025-09-20,93,92,911.82,Recibida
801233,1013,10,2,2025-09-23,2025-09-27,96,95,911.82,Recibida
801234,1013,10,2,2025-10-06,2025-10-10,111,110,911.82,Recibida
801235,1013,10,2,2025-10-13,2025-10-18,105,103,911.82,Recibida
801236,1013,10,2,2025-10-25,2025-10-31,127,126,911.82,Recibida
801237,1013,10,2,2025-11-04,2025-11-09,110,108,911.82,Recibida
801238,1013,10,2,2025-11-19,2025-11-23,100,99,911.82,Recibida
801239,1013,10,2,2025-12-04,2025-12-08,96,95,911.82,Recibida
801240,1013,10,2,2025-12-10,2025-12-16,96,95,911.82,Recibida
801241,1013,10,2,2025-12-22,2025-12-27,84,84,911.82,Recibida
801242,1013,10,2,2026-01-01,2026-01-06,89,87,911.82,Recibida
801243,1013,10,2,2026-01-13,2026-01-18,85,84,911.82,Recibida
801244,1013,10,2,2026-01-30,2026-02-04,82,80,911.82,Recibida
801245,1013,10,2,2026-02-12,2026-02-16,70,70,911.82,Recibida
801246,1013,10,2,2026-02-23,2026-02-28,60,59,911.82,Recibida
801247,1013,10,2,2026-03-02,2026-03-07,74,73,911.82,Recibida
801248,1013,10,2,2026-03-08,2026-03-13,77,75,911.82,Recibida
801249,1013,10,2,2026-03-13,2026-03-18,114,112,911.82,Recibida
801250,1013,10,2,2026-03-22,2026-03-27,94,94,911.82,Recibida
801251,1013,10,2,2026-04-01,2026-04-05,110,109,911.82,Recibida
801252,1013,10,2,2026-04-10,2026-04-14,131,84,911.82,Parcial
801253,1013,10,2,2026-04-20,2026-04-24,110,108,911.82,Recibida
801254,1013,10,2,2026-05-02,2026-05-07,128,86,911.82,Parcial
801255,1013,10,2,2026-05-12,2026-05-17,96,94,911.82,Recibida
801256,1013,10,2,2026-05-18,2026-05-23,111,110,911.82,Recibida
801257,1013,10,2,2026-05-26,2026-05-31,103,101,911.82,Recibida
801258,1013,10,2,2026-06-08,2026-06-12,101,0,911.82,Cancelada
801259,1013,10,2,2026-06-09,2026-06-13,109,109,911.82,Recibida
801260,1013,10,2,2026-06-21,2026-06-27,108,106,911.82,Recibida
801261,1013,10,2,2026-07-03,2026-07-08,92,90,911.82,Recibida
801262,1013,10,2,2026-07-13,2026-07-19,89,87,911.82,Recibida
801263,1013,10,2,2026-07-25,2026-07-30,103,103,911.82,Recibida
801264,1013,10,3,2025-07-04,2025-07-09,71,70,911.82,Recibida
801265,1013,10,3,2025-07-19,2025-07-23,120,87,911.82,Parcial
801266,1013,10,3,2025-07-25,2025-07-29,120,119,911.82,Recibida
801267,1013,10,3,2025-08-06,2025-08-12,104,103,911.82,Recibida
801268,1013,10,3,2025-08-20,2025-08-24,81,80,911.82,Recibida
801269,1013,10,3,2025-08-27,2025-08-31,99,98,911.82,Recibida
801270,1013,10,3,2025-09-12,2025-09-16,78,76,911.82,Recibida
801271,1013,10,3,2025-09-24,2025-09-29,75,75,911.82,Recibida
801272,1013,10,3,2025-10-02,2025-10-08,83,81,911.82,Recibida
801273,1013,10,3,2025-10-17,2025-10-23,79,78,911.82,Recibida
801274,1013,10,3,2025-10-25,2025-10-31,88,87,911.82,Recibida
801275,1013,10,3,2025-11-05,2025-11-09,81,79,911.82,Recibida
801276,1013,10,3,2025-11-12,2025-11-17,88,86,911.82,Recibida
801277,1013,10,3,2025-11-27,2025-12-01,81,80,911.82,Recibida
801278,1013,10,3,2025-12-06,2025-12-10,111,110,911.82,Recibida
801279,1013,10,3,2025-12-18,2025-12-23,93,92,911.82,Recibida
801280,1013,10,3,2025-12-27,2026-01-01,111,108,911.82,Recibida
801281,1013,10,3,2026-01-07,2026-01-12,106,104,911.82,Recibida
801282,1013,10,3,2026-01-13,2026-01-19,107,105,911.82,Recibida
801283,1013,10,3,2026-01-28,2026-02-01,101,99,911.82,Recibida
801284,1013,10,3,2026-02-07,2026-02-12,97,65,911.82,Parcial
801285,1013,10,3,2026-02-14,2026-02-19,117,115,911.82,Recibida
801286,1013,10,3,2026-03-04,2026-03-10,81,46,911.82,Parcial
801287,1013,10,3,2026-03-10,2026-03-15,106,0,911.82,Cancelada
801288,1013,10,3,2026-03-11,2026-03-16,122,121,911.82,Recibida
801289,1013,10,3,2026-03-25,2026-03-29,81,79,911.82,Recibida
801290,1013,10,3,2026-04-09,2026-04-13,75,75,911.82,Recibida
801291,1013,10,3,2026-04-22,2026-04-27,68,67,911.82,Recibida
801292,1013,10,3,2026-04-30,2026-05-04,78,77,911.82,Recibida
801293,1013,10,3,2026-05-10,2026-05-15,71,70,911.82,Recibida
801294,1013,10,3,2026-05-21,2026-05-27,83,82,911.82,Recibida
801295,1013,10,3,2026-05-29,2026-06-02,83,83,911.82,Recibida
801296,1013,10,3,2026-06-04,2026-06-08,83,82,911.82,Recibida
801297,1013,10,3,2026-06-16,2026-06-21,99,96,911.82,Recibida
801298,1013,10,3,2026-06-27,2026-07-03,113,113,911.82,Recibida
801299,1013,10,3,2026-07-07,2026-07-13,107,104,911.82,Recibida
801300,1013,10,3,2026-07-29,,94,,911.82,Pendiente
801301,1013,10,3,2026-07-30,,99,,911.82,Pendiente
801302,1013,10,3,2026-07-31,,93,,911.82,Pendiente
801303,1013,10,3,2026-08-01,,93,,911.82,Pendiente
801304,1014,2,1,2025-07-09,2025-07-14,109,106,390.41,Recibida
801305,1014,2,1,2025-07-24,2025-07-28,103,0,390.41,Cancelada
801306,1014,2,1,2025-07-25,2025-07-30,113,110,390.41,Recibida
801307,1014,2,1,2025-08-02,2025-08-05,114,0,390.41,Cancelada
801308,1014,2,1,2025-08-03,2025-08-08,113,111,390.41,Recibida
801309,1014,2,1,2025-08-09,2025-08-14,165,163,390.41,Recibida
801310,1014,2,1,2025-08-17,2025-08-20,128,73,390.41,Parcial
801311,1014,2,1,2025-08-22,2025-08-25,141,138,390.41,Recibida
801312,1014,2,1,2025-09-01,2025-09-06,147,146,390.41,Recibida
801313,1014,2,1,2025-09-12,2025-09-17,149,147,390.41,Recibida
801314,1014,2,1,2025-09-22,2025-09-27,152,149,390.41,Recibida
801315,1014,2,1,2025-10-02,2025-10-05,155,115,390.41,Parcial
801316,1014,2,1,2025-10-09,2025-10-13,140,139,390.41,Recibida
801317,1014,2,1,2025-10-18,2025-10-23,152,109,390.41,Parcial
801318,1014,2,1,2025-10-26,2025-10-30,157,155,390.41,Recibida
801319,1014,2,1,2025-11-03,2025-11-08,155,123,390.41,Parcial
801320,1014,2,1,2025-11-13,2025-11-18,157,129,390.41,Parcial
801321,1014,2,1,2025-11-22,2025-11-27,167,163,390.41,Recibida
801322,1014,2,1,2025-12-04,2025-12-08,172,172,390.41,Recibida
801323,1014,2,1,2025-12-09,2025-12-14,169,166,390.41,Recibida
801324,1014,2,1,2025-12-17,2025-12-21,170,168,390.41,Recibida
801325,1014,2,1,2025-12-24,2025-12-27,190,131,390.41,Parcial
801326,1014,2,1,2025-12-28,2026-01-02,199,194,390.41,Recibida
801327,1014,2,1,2026-01-03,2026-01-08,220,219,390.41,Recibida
801328,1014,2,1,2026-01-14,2026-01-19,261,261,390.41,Recibida
801329,1014,2,1,2026-01-27,2026-01-30,252,245,390.41,Recibida
801330,1014,2,1,2026-02-11,2026-02-14,214,213,390.41,Recibida
801331,1014,2,1,2026-02-25,2026-03-02,192,187,390.41,Recibida
801332,1014,2,1,2026-03-06,2026-03-09,192,189,390.41,Recibida
801333,1014,2,1,2026-03-20,2026-03-25,173,169,390.41,Recibida
801334,1014,2,1,2026-04-03,2026-04-06,189,188,390.41,Recibida
801335,1014,2,1,2026-04-16,2026-04-19,141,138,390.41,Recibida
801336,1014,2,1,2026-04-25,2026-04-30,179,176,390.41,Recibida
801337,1014,2,1,2026-05-06,2026-05-10,148,95,390.41,Parcial
801338,1014,2,1,2026-05-14,2026-05-17,148,144,390.41,Recibida
801339,1014,2,1,2026-05-22,2026-05-26,160,158,390.41,Recibida
801340,1014,2,1,2026-06-03,2026-06-07,153,151,390.41,Recibida
801341,1014,2,1,2026-06-19,2026-06-24,132,130,390.41,Recibida
801342,1014,2,1,2026-07-02,2026-07-06,126,107,390.41,Parcial
801343,1014,2,1,2026-07-10,2026-07-13,122,92,390.41,Parcial
801344,1014,2,1,2026-07-18,2026-07-22,120,118,390.41,Recibida
801345,1014,2,1,2026-07-31,,116,,390.41,Pendiente
801346,1014,2,1,2026-08-01,,140,,390.41,Pendiente
801347,1014,2,2,2025-07-06,2025-07-11,120,119,390.41,Recibida
801348,1014,2,2,2025-07-25,2025-07-29,86,84,390.41,Recibida
801349,1014,2,2,2025-08-02,2025-08-06,101,98,390.41,Recibida
801350,1014,2,2,2025-08-12,2025-08-17,111,109,390.41,Recibida
801351,1014,2,2,2025-08-21,2025-08-26,95,93,390.41,Recibida
801352,1014,2,2,2025-08-30,2025-09-03,103,90,390.41,Parcial
801353,1014,2,2,2025-09-06,2025-09-09,115,95,390.41,Parcial
801354,1014,2,2,2025-09-14,2025-09-18,114,111,390.41,Recibida
801355,1014,2,2,2025-09-25,2025-09-30,119,119,390.41,Recibida
801356,1014,2,2,2025-10-04,2025-10-08,139,136,390.41,Recibida
801357,1014,2,2,2025-10-14,2025-10-17,127,124,390.41,Recibida
801358,1014,2,2,2025-10-23,2025-10-28,125,122,390.41,Recibida
801359,1014,2,2,2025-11-05,2025-11-09,127,0,390.41,Cancelada
801360,1014,2,2,2025-11-06,2025-11-11,126,125,390.41,Recibida
801361,1014,2,2,2025-11-16,2025-11-21,118,118,390.41,Recibida
801362,1014,2,2,2025-11-27,2025-11-30,122,118,390.41,Recibida
801363,1014,2,2,2025-12-03,2025-12-06,143,140,390.41,Recibida
801364,1014,2,2,2025-12-07,2025-12-10,147,0,390.41,Cancelada
801365,1014,2,2,2025-12-08,2025-12-11,177,173,390.41,Recibida
801366,1014,2,2,2025-12-15,2025-12-19,178,173,390.41,Recibida
801367,1014,2,2,2025-12-23,2025-12-27,191,186,390.41,Recibida
801368,1014,2,2,2025-12-30,2026-01-03,194,194,390.41,Recibida
801369,1014,2,2,2026-01-07,2026-01-11,235,233,390.41,Recibida
801370,1014,2,2,2026-01-19,2026-01-22,221,216,390.41,Recibida
801371,1014,2,2,2026-01-30,2026-02-04,213,207,390.41,Recibida
801372,1014,2,2,2026-02-14,2026-02-17,185,180,390.41,Recibida
801373,1014,2,2,2026-02-28,2026-03-05,189,187,390.41,Recibida
801374,1014,2,2,2026-03-16,2026-03-21,147,147,390.41,Recibida
801375,1014,2,2,2026-04-02,2026-04-07,124,122,390.41,Recibida
801376,1014,2,2,2026-04-15,2026-04-20,112,109,390.41,Recibida
801377,1014,2,2,2026-04-25,2026-04-30,112,111,390.41,Recibida
801378,1014,2,2,2026-05-06,2026-05-10,123,120,390.41,Recibida
801379,1014,2,2,2026-05-15,2026-05-20,114,112,390.41,Recibida
801380,1014,2,2,2026-05-24,2026-05-28,116,113,390.41,Recibida
801381,1014,2,2,2026-06-04,2026-06-08,116,116,390.41,Recibida
801382,1014,2,2,2026-06-14,2026-06-18,117,114,390.41,Recibida
801383,1014,2,2,2026-06-30,2026-07-04,105,103,390.41,Recibida
801384,1014,2,2,2026-07-16,2026-07-21,93,92,390.41,Recibida
801385,1014,2,2,2026-07-28,2026-07-31,89,88,390.41,Recibida
801386,1014,2,2,2026-08-01,,99,,390.41,Pendiente
801387,1014,2,3,2025-07-04,2025-07-09,102,102,390.41,Recibida
801388,1014,2,3,2025-07-26,2025-07-29,66,65,390.41,Recibida
801389,1014,2,3,2025-08-03,2025-08-07,68,68,390.41,Recibida
801390,1014,2,3,2025-08-11,2025-08-15,77,0,390.41,Cancelada
801391,1014,2,3,2025-08-12,2025-08-15,81,80,390.41,Recibida
801392,1014,2,3,2025-08-19,2025-08-24,75,74,390.41,Recibida
801393,1014,2,3,2025-08-26,2025-08-31,82,81,390.41,Recibida
801394,1014,2,3,2025-09-03,2025-09-06,88,85,390.41,Recibida
801395,1014,2,3,2025-09-08,2025-09-11,98,97,390.41,Recibida
801396,1014,2,3,2025-09-19,2025-09-23,102,69,390.41,Parcial
801397,1014,2,3,2025-09-26,2025-09-29,115,114,390.41,Recibida
801398,1014,2,3,2025-10-09,2025-10-14,109,109,390.41,Recibida
801399,1014,2,3,2025-10-20,2025-10-24,158,154,390.41,Recibida
801400,1014,2,3,2025-10-29,2025-11-03,110,109,390.41,Recibida
801401,1014,2,3,2025-11-08,2025-11-13,115,112,390.41,Recibida
801402,1014,2,3,2025-11-20,2025-11-24,116,115,390.41,Recibida
801403,1014,2,3,2025-11-29,2025-12-02,126,125,390.41,Recibida
801404,1014,2,3,2025-12-05,2025-12-09,121,120,390.41,Recibida
801405,1014,2,3,2025-12-13,2025-12-17,134,132,390.41,Recibida
801406,1014,2,3,2025-12-20,2025-12-24,139,136,390.41,Recibida
801407,1014,2,3,2025-12-26,2025-12-30,157,0,390.41,Cancelada
801408,1014,2,3,2025-12-27,2025-12-31,188,183,390.41,Recibida
801409,1014,2,3,2026-01-07,2026-01-11,167,166,390.41,Recibida
801410,1014,2,3,2026-01-17,2026-01-21,168,116,390.41,Parcial
801411,1014,2,3,2026-01-26,2026-01-29,171,167,390.41,Recibida
801412,1014,2,3,2026-02-06,2026-02-11,166,165,390.41,Recibida
801413,1014,2,3,2026-02-15,2026-02-18,163,162,390.41,Recibida
801414,1014,2,3,2026-02-27,2026-03-03,182,181,390.41,Recibida
801415,1014,2,3,2026-03-20,2026-03-25,135,133,390.41,Recibida
801416,1014,2,3,2026-04-03,2026-04-06,113,112,390.41,Recibida
801417,1014,2,3,2026-04-17,2026-04-22,105,102,390.41,Recibida
801418,1014,2,3,2026-04-27,2026-05-01,101,100,390.41,Recibida
801419,1014,2,3,2026-05-07,2026-05-12,107,106,390.41,Recibida
801420,1014,2,3,2026-05-15,2026-05-18,106,106,390.41,Recibida
801421,1014,2,3,2026-05-25,2026-05-28,104,102,390.41,Recibida
801422,1014,2,3,2026-06-06,2026-06-10,105,103,390.41,Recibida
801423,1014,2,3,2026-06-23,2026-06-27,96,71,390.41,Parcial
801424,1014,2,3,2026-07-02,2026-07-07,86,85,390.41,Recibida
801425,1014,2,3,2026-07-11,2026-07-14,92,89,390.41,Recibida
801426,1014,2,3,2026-07-22,2026-07-26,90,88,390.41,Recibida
801427,1015,2,1,2025-07-03,2025-07-14,56,55,1032.25,Recibida
801428,1015,2,1,2025-07-17,2025-07-22,56,55,1032.25,Recibida
801429,1015,2,1,2025-07-27,2025-08-01,73,73,1032.25,Recibida
801430,1015,2,1,2025-08-04,2025-08-15,89,88,1032.25,Recibida
801431,1015,2,1,2025-08-23,2025-09-02,80,0,1032.25,Cancelada
801432,1015,2,1,2025-08-24,2025-08-28,72,70,1032.25,Recibida
801433,1015,2,1,2025-09-01,2025-09-04,69,68,1032.25,Recibida
801434,1015,2,1,2025-09-16,2025-09-25,67,67,1032.25,Recibida
801435,1015,2,1,2025-09-26,2025-10-01,81,81,1032.25,Recibida
801436,1015,2,1,2025-10-10,2025-10-13,61,36,1032.25,Parcial
801437,1015,2,1,2025-10-17,2025-10-20,87,87,1032.25,Recibida
801438,1015,2,1,2025-10-25,2025-10-28,77,76,1032.25,Recibida
801439,1015,2,1,2025-11-07,2025-11-12,70,57,1032.25,Parcial
801440,1015,2,1,2025-11-12,2025-11-16,95,93,1032.25,Recibida
801441,1015,2,1,2025-11-22,2025-11-26,89,87,1032.25,Recibida
801442,1015,2,1,2025-12-05,2025-12-14,121,98,1032.25,Parcial
801443,1015,2,1,2025-12-17,2025-12-22,118,114,1032.25,Recibida
801444,1015,2,1,2025-12-23,2025-12-27,141,138,1032.25,Recibida
801445,1015,2,1,2025-12-29,2026-01-01,152,149,1032.25,Recibida
801446,1015,2,1,2026-01-09,2026-01-14,148,147,1032.25,Recibida
801447,1015,2,1,2026-01-26,2026-01-29,151,150,1032.25,Recibida
801448,1015,2,1,2026-02-06,2026-02-18,122,121,1032.25,Recibida
801449,1015,2,1,2026-02-23,2026-03-04,133,133,1032.25,Recibida
801450,1015,2,1,2026-03-16,2026-03-20,90,89,1032.25,Recibida
801451,1015,2,1,2026-04-04,2026-04-13,78,46,1032.25,Parcial
801452,1015,2,1,2026-04-13,2026-04-23,64,63,1032.25,Recibida
801453,1015,2,1,2026-04-25,2026-04-28,84,83,1032.25,Recibida
801454,1015,2,1,2026-04-30,2026-05-03,71,70,1032.25,Recibida
801455,1015,2,1,2026-05-03,2026-05-08,97,94,1032.25,Recibida
801456,1015,2,1,2026-05-18,2026-05-22,83,82,1032.25,Recibida
801457,1015,2,1,2026-06-02,2026-06-07,84,83,1032.25,Recibida
801458,1015,2,1,2026-06-23,2026-06-28,51,50,1032.25,Recibida
801459,1015,2,1,2026-07-05,2026-07-10,78,77,1032.25,Recibida
801460,1015,2,1,2026-07-23,2026-07-26,57,50,1032.25,Parcial
801461,1015,2,1,2026-07-31,,61,,1032.25,Pendiente
801462,1015,2,1,2026-08-01,,92,,1032.25,Pendiente
801463,1015,2,2,2025-07-06,2025-07-10,46,45,1032.25,Recibida
801464,1015,2,2,2025-07-26,2025-07-29,32,31,1032.25,Recibida
801465,1015,2,2,2025-08-04,2025-08-08,37,36,1032.25,Recibida
801466,1015,2,2,2025-08-10,2025-08-17,42,41,1032.25,Recibida
801467,1015,2,2,2025-08-20,2025-08-24,43,27,1032.25,Parcial
801468,1015,2,2,2025-08-24,2025-08-29,50,40,1032.25,Parcial
801469,1015,2,2,2025-08-30,2025-09-04,60,59,1032.25,Recibida
801470,1015,2,2,2025-09-06,2025-09-11,55,53,1032.25,Recibida
801471,1015,2,2,2025-09-17,2025-09-20,57,0,1032.25,Cancelada
801472,1015,2,2,2025-09-18,2025-09-23,73,72,1032.25,Recibida
801473,1015,2,2,2025-09-27,2025-10-01,84,54,1032.25,Parcial
801474,1015,2,2,2025-10-07,2025-10-10,73,71,1032.25,Recibida
801475,1015,2,2,2025-10-18,2025-10-23,62,61,1032.25,Recibida
801476,1015,2,2,2025-10-31,2025-11-05,67,66,1032.25,Recibida
801477,1015,2,2,2025-11-09,2025-11-13,61,59,1032.25,Recibida
801478,1015,2,2,2025-11-20,2025-11-29,71,70,1032.25,Recibida
801479,1015,2,2,2025-12-02,2025-12-05,67,66,1032.25,Recibida
801480,1015,2,2,2025-12-05,2025-12-09,88,86,1032.25,Recibida
801481,1015,2,2,2025-12-10,2025-12-13,113,64,1032.25,Parcial
801482,1015,2,2,2025-12-13,2025-12-24,93,92,1032.25,Recibida
801483,1015,2,2,2025-12-26,2025-12-30,107,105,1032.25,Recibida
801484,1015,2,2,2026-01-13,2026-01-18,98,96,1032.25,Recibida
801485,1015,2,2,2026-01-30,2026-02-04,85,83,1032.25,Recibida
801486,1015,2,2,2026-02-11,2026-02-14,69,68,1032.25,Recibida
801487,1015,2,2,2026-02-16,2026-02-21,71,71,1032.25,Recibida
801488,1015,2,2,2026-02-27,2026-03-03,97,96,1032.25,Recibida
801489,1015,2,2,2026-03-06,2026-03-10,98,97,1032.25,Recibida
801490,1015,2,2,2026-03-24,2026-03-27,83,82,1032.25,Recibida
801491,1015,2,2,2026-04-03,2026-04-06,80,79,1032.25,Recibida
801492,1015,2,2,2026-04-09,2026-04-13,92,0,1032.25,Cancelada
801493,1015,2,2,2026-04-10,2026-04-14,88,88,1032.25,Recibida
801494,1015,2,2,2026-04-27,2026-05-02,75,58,1032.25,Parcial
801495,1015,2,2,2026-05-10,2026-05-13,72,70,1032.25,Recibida
801496,1015,2,2,2026-05-26,2026-05-30,52,52,1032.25,Recibida
801497,1015,2,2,2026-05-30,2026-06-03,72,72,1032.25,Recibida
801498,1015,2,2,2026-06-09,2026-06-20,89,86,1032.25,Recibida
801499,1015,2,2,2026-06-24,2026-06-30,70,70,1032.25,Recibida
801500,1015,2,2,2026-07-11,2026-07-15,65,64,1032.25,Recibida
801501,1015,2,3,2025-07-08,2025-07-13,31,31,1032.25,Recibida
801502,1015,2,3,2025-07-25,2025-07-29,35,34,1032.25,Recibida
801503,1015,2,3,2025-08-08,2025-08-11,31,23,1032.25,Parcial
801504,1015,2,3,2025-08-15,2025-08-19,29,29,1032.25,Recibida
801505,1015,2,3,2025-08-20,2025-08-25,29,29,1032.25,Recibida
801506,1015,2,3,2025-08-25,2025-08-30,40,28,1032.25,Parcial
801507,1015,2,3,2025-08-30,2025-09-07,35,34,1032.25,Recibida
801508,1015,2,3,2025-09-11,2025-09-16,45,44,1032.25,Recibida
801509,1015,2,3,2025-09-16,2025-09-19,53,52,1032.25,Recibida
801510,1015,2,3,2025-09-23,2025-09-27,58,58,1032.25,Recibida
801511,1015,2,3,2025-10-04,2025-10-07,56,55,1032.25,Recibida
801512,1015,2,3,2025-10-15,2025-10-18,52,52,1032.25,Recibida
801513,1015,2,3,2025-10-27,2025-10-31,67,65,1032.25,Recibida
801514,1015,2,3,2025-11-05,2025-11-10,56,56,1032.25,Recibida
801515,1015,2,3,2025-11-19,2025-11-24,65,63,1032.25,Recibida
801516,1015,2,3,2025-11-28,2025-12-01,68,66,1032.25,Recibida
801517,1015,2,3,2025-12-05,2025-12-15,112,109,1032.25,Recibida
801518,1015,2,3,2025-12-18,2025-12-28,78,76,1032.25,Recibida
801519,1015,2,3,2026-01-01,2026-01-06,90,90,1032.25,Recibida
801520,1015,2,3,2026-01-09,2026-01-16,93,91,1032.25,Recibida
801521,1015,2,3,2026-01-19,2026-01-23,94,94,1032.25,Recibida
801522,1015,2,3,2026-02-03,2026-02-07,82,61,1032.25,Parcial
801523,1015,2,3,2026-02-12,2026-02-17,86,84,1032.25,Recibida
801524,1015,2,3,2026-02-23,2026-02-28,79,77,1032.25,Recibida
801525,1015,2,3,2026-03-09,2026-03-13,71,71,1032.25,Recibida
801526,1015,2,3,2026-03-27,2026-03-31,59,58,1032.25,Recibida
801527,1015,2,3,2026-04-04,2026-04-07,60,39,1032.25,Parcial
801528,1015,2,3,2026-04-12,2026-04-20,65,64,1032.25,Recibida
801529,1015,2,3,2026-04-30,2026-05-08,54,54,1032.25,Recibida
801530,1015,2,3,2026-05-16,2026-05-23,49,28,1032.25,Parcial
801531,1015,2,3,2026-05-23,2026-05-28,59,58,1032.25,Recibida
801532,1015,2,3,2026-06-08,2026-06-12,44,44,1032.25,Recibida
801533,1015,2,3,2026-06-16,2026-06-19,46,45,1032.25,Recibida
801534,1015,2,3,2026-06-27,2026-07-02,49,49,1032.25,Recibida
801535,1015,2,3,2026-07-18,2026-07-21,45,45,1032.25,Recibida
801536,1016,2,1,2025-07-21,2025-07-27,5,5,1053.96,Recibida
801537,1016,2,1,2025-07-27,2025-08-02,5,5,1053.96,Recibida
801538,1016,2,1,2025-08-02,2025-08-09,10,10,1053.96,Recibida
801539,1016,2,1,2025-08-24,2025-08-31,5,5,1053.96,Recibida
801540,1016,2,1,2025-08-31,2025-09-07,6,6,1053.96,Recibida
801541,1016,2,1,2025-09-07,2025-09-13,6,6,1053.96,Recibida
801542,1016,2,1,2025-09-13,2025-09-19,5,5,1053.96,Recibida
801543,1016,2,1,2025-09-21,2025-09-27,5,5,1053.96,Recibida
801544,1016,2,1,2025-10-02,2025-10-08,9,9,1053.96,Recibida
801545,1016,2,1,2025-10-27,2025-11-03,6,6,1053.96,Recibida
801546,1016,2,1,2025-11-04,2025-11-10,9,7,1053.96,Parcial
801547,1016,2,1,2025-11-11,2025-11-18,5,5,1053.96,Recibida
801548,1016,2,1,2025-11-20,2025-11-27,5,5,1053.96,Recibida
801549,1016,2,1,2025-11-27,2025-12-03,7,7,1053.96,Recibida
801550,1016,2,1,2025-12-03,2025-12-10,14,14,1053.96,Recibida
801551,1016,2,1,2025-12-13,2025-12-20,15,15,1053.96,Recibida
801552,1016,2,1,2025-12-24,2025-12-31,9,9,1053.96,Recibida
801553,1016,2,1,2026-01-03,2026-01-11,9,9,1053.96,Recibida
801554,1016,2,1,2026-01-14,2026-01-22,10,10,1053.96,Recibida
801555,1016,2,1,2026-01-23,2026-01-30,9,9,1053.96,Recibida
801556,1016,2,1,2026-02-26,2026-03-04,8,8,1053.96,Recibida
801557,1016,2,1,2026-03-22,2026-03-30,5,5,1053.96,Recibida
801558,1016,2,1,2026-03-30,2026-04-06,6,6,1053.96,Recibida
801559,1016,2,1,2026-04-06,2026-04-14,7,7,1053.96,Recibida
801560,1016,2,1,2026-04-15,2026-04-21,5,5,1053.96,Recibida
801561,1016,2,1,2026-04-22,2026-04-28,6,6,1053.96,Recibida
801562,1016,2,1,2026-04-28,2026-05-06,5,5,1053.96,Recibida
801563,1016,2,1,2026-05-09,2026-05-15,8,8,1053.96,Recibida
801564,1016,2,1,2026-05-18,2026-05-24,7,7,1053.96,Recibida
801565,1016,2,1,2026-06-01,2026-06-08,6,6,1053.96,Recibida
801566,1016,2,1,2026-06-08,2026-06-15,5,5,1053.96,Recibida
801567,1016,2,1,2026-06-20,2026-06-27,5,5,1053.96,Recibida
801568,1016,2,1,2026-07-07,2026-07-15,5,5,1053.96,Recibida
801569,1016,2,1,2026-07-15,2026-07-23,5,5,1053.96,Recibida
801570,1016,2,2,2025-07-15,2025-07-23,10,8,1053.96,Parcial
801571,1016,2,2,2025-07-26,2025-08-02,6,4,1053.96,Parcial
801572,1016,2,2,2025-08-03,2025-08-09,9,9,1053.96,Recibida
801573,1016,2,2,2025-08-14,2025-08-20,5,5,1053.96,Recibida
801574,1016,2,2,2025-08-25,2025-09-02,6,6,1053.96,Recibida
801575,1016,2,2,2025-09-11,2025-09-18,5,5,1053.96,Recibida
801576,1016,2,2,2025-10-04,2025-10-11,5,5,1053.96,Recibida
801577,1016,2,2,2025-10-13,2025-10-21,5,5,1053.96,Recibida
801578,1016,2,2,2025-11-07,2025-11-15,5,5,1053.96,Recibida
801579,1016,2,2,2025-11-27,2025-12-04,5,5,1053.96,Recibida
801580,1016,2,2,2025-12-12,2025-12-20,5,4,1053.96,Parcial
801581,1016,2,2,2025-12-20,2025-12-26,5,5,1053.96,Recibida
801582,1016,2,2,2025-12-30,2026-01-06,6,4,1053.96,Parcial
801583,1016,2,2,2026-01-06,2026-01-12,5,4,1053.96,Parcial
801584,1016,2,2,2026-01-14,2026-01-22,5,5,1053.96,Recibida
801585,1016,2,2,2026-01-22,2026-01-29,8,8,1053.96,Recibida
801586,1016,2,2,2026-01-30,2026-02-07,7,7,1053.96,Recibida
801587,1016,2,2,2026-02-11,2026-02-18,5,4,1053.96,Parcial
801588,1016,2,2,2026-02-18,2026-02-24,9,9,1053.96,Recibida
801589,1016,2,2,2026-02-28,2026-03-07,6,6,1053.96,Recibida
801590,1016,2,2,2026-03-07,2026-03-15,10,0,1053.96,Cancelada
801591,1016,2,2,2026-03-08,2026-03-14,10,10,1053.96,Recibida
801592,1016,2,2,2026-03-18,2026-03-26,9,9,1053.96,Recibida
801593,1016,2,2,2026-03-28,2026-04-03,8,8,1053.96,Recibida
801594,1016,2,2,2026-04-18,2026-04-24,6,6,1053.96,Recibida
801595,1016,2,2,2026-05-06,2026-05-14,5,5,1053.96,Recibida
801596,1016,2,2,2026-05-17,2026-05-23,5,5,1053.96,Recibida
801597,1016,2,2,2026-05-30,2026-06-07,5,0,1053.96,Cancelada
801598,1016,2,2,2026-05-31,2026-06-08,5,5,1053.96,Recibida
801599,1016,2,2,2026-06-19,2026-06-25,5,5,1053.96,Recibida
801600,1016,2,2,2026-07-20,2026-07-27,5,5,1053.96,Recibida
801601,1016,2,3,2025-07-08,2025-07-14,5,5,1053.96,Recibida
801602,1016,2,3,2025-08-11,2025-08-19,5,5,1053.96,Recibida
801603,1016,2,3,2025-08-21,2025-08-27,5,5,1053.96,Recibida
801604,1016,2,3,2025-09-02,2025-09-08,5,5,1053.96,Recibida
801605,1016,2,3,2025-09-22,2025-09-29,8,8,1053.96,Recibida
801606,1016,2,3,2025-10-01,2025-10-07,5,5,1053.96,Recibida
801607,1016,2,3,2025-10-07,2025-10-13,5,5,1053.96,Recibida
801608,1016,2,3,2025-10-31,2025-11-08,5,5,1053.96,Recibida
801609,1016,2,3,2025-11-22,2025-11-29,5,5,1053.96,Recibida
801610,1016,2,3,2025-12-01,2025-12-08,5,5,1053.96,Recibida
801611,1016,2,3,2025-12-12,2025-12-19,5,5,1053.96,Recibida
801612,1016,2,3,2025-12-19,2025-12-27,5,5,1053.96,Recibida
801613,1016,2,3,2025-12-27,2026-01-03,6,6,1053.96,Recibida
801614,1016,2,3,2026-01-03,2026-01-10,6,6,1053.96,Recibida
801615,1016,2,3,2026-01-10,2026-01-16,8,5,1053.96,Parcial
801616,1016,2,3,2026-01-16,2026-01-23,12,12,1053.96,Recibida
801617,1016,2,3,2026-02-02,2026-02-08,6,6,1053.96,Recibida
801618,1016,2,3,2026-02-10,2026-02-16,9,9,1053.96,Recibida
801619,1016,2,3,2026-02-21,2026-03-01,6,4,1053.96,Parcial
801620,1016,2,3,2026-03-09,2026-03-16,5,5,1053.96,Recibida
801621,1016,2,3,2026-03-19,2026-03-26,5,5,1053.96,Recibida
801622,1016,2,3,2026-04-08,2026-04-15,5,4,1053.96,Parcial
801623,1016,2,3,2026-04-18,2026-04-24,7,7,1053.96,Recibida
801624,1016,2,3,2026-04-25,2026-05-03,5,5,1053.96,Recibida
801625,1016,2,3,2026-05-03,2026-05-11,5,5,1053.96,Recibida
801626,1016,2,3,2026-05-16,2026-05-23,5,5,1053.96,Recibida
801627,1016,2,3,2026-05-25,2026-06-02,6,6,1053.96,Recibida
801628,1016,2,3,2026-06-05,2026-06-11,7,7,1053.96,Recibida
801629,1016,2,3,2026-06-12,2026-06-20,5,5,1053.96,Recibida
801630,1016,2,3,2026-07-20,2026-07-27,5,5,1053.96,Recibida
801631,1017,2,1,2025-07-09,2025-07-15,241,237,791.7,Recibida
801632,1017,2,1,2025-07-19,2025-07-25,230,228,791.7,Recibida
801633,1017,2,1,2025-07-31,2025-08-06,205,200,791.7,Recibida
801634,1017,2,1,2025-08-07,2025-08-13,230,224,791.7,Recibida
801635,1017,2,1,2025-08-15,2025-08-20,236,236,791.7,Recibida
801636,1017,2,1,2025-08-22,2025-08-27,253,163,791.7,Parcial
801637,1017,2,1,2025-08-27,2025-09-01,270,262,791.7,Recibida
801638,1017,2,1,2025-09-02,2025-09-08,240,233,791.7,Recibida
801639,1017,2,1,2025-09-08,2025-09-15,269,268,791.7,Recibida
801640,1017,2,1,2025-09-17,2025-09-22,283,281,791.7,Recibida
801641,1017,2,1,2025-09-27,2025-10-02,309,309,791.7,Recibida
801642,1017,2,1,2025-10-07,2025-10-14,266,262,791.7,Recibida
801643,1017,2,1,2025-10-17,2025-10-23,284,282,791.7,Recibida
801644,1017,2,1,2025-10-24,2025-10-31,253,248,791.7,Recibida
801645,1017,2,1,2025-11-01,2025-11-08,282,281,791.7,Recibida
801646,1017,2,1,2025-11-09,2025-11-15,278,271,791.7,Recibida
801647,1017,2,1,2025-11-18,2025-11-25,265,260,791.7,Recibida
801648,1017,2,1,2025-11-26,2025-12-03,282,276,791.7,Recibida
801649,1017,2,1,2025-12-03,2025-12-08,281,250,791.7,Parcial
801650,1017,2,1,2025-12-08,2025-12-13,377,377,791.7,Recibida
801651,1017,2,1,2025-12-13,2025-12-20,461,453,791.7,Recibida
801652,1017,2,1,2025-12-20,2025-12-25,390,385,791.7,Recibida
801653,1017,2,1,2025-12-26,2026-01-02,405,398,791.7,Recibida
801654,1017,2,1,2026-01-02,2026-01-08,590,575,791.7,Recibida
801655,1017,2,1,2026-01-10,2026-01-17,492,480,791.7,Recibida
801656,1017,2,1,2026-01-21,2026-01-26,472,471,791.7,Recibida
801657,1017,2,1,2026-01-26,2026-02-01,467,461,791.7,Recibida
801658,1017,2,1,2026-02-04,2026-02-09,489,485,791.7,Recibida
801659,1017,2,1,2026-02-14,2026-02-20,439,437,791.7,Recibida
801660,1017,2,1,2026-02-26,2026-03-05,476,470,791.7,Recibida
801661,1017,2,1,2026-03-13,2026-03-19,361,356,791.7,Recibida
801662,1017,2,1,2026-03-26,2026-04-02,326,321,791.7,Recibida
801663,1017,2,1,2026-04-05,2026-04-10,301,299,791.7,Recibida
801664,1017,2,1,2026-04-15,2026-04-22,296,293,791.7,Recibida
801665,1017,2,1,2026-04-23,2026-04-29,276,271,791.7,Recibida
801666,1017,2,1,2026-04-29,2026-05-06,277,276,791.7,Recibida
801667,1017,2,1,2026-05-08,2026-05-15,285,282,791.7,Recibida
801668,1017,2,1,2026-05-16,2026-05-23,315,307,791.7,Recibida
801669,1017,2,1,2026-05-26,2026-06-02,268,261,791.7,Recibida
801670,1017,2,1,2026-06-04,2026-06-09,276,272,791.7,Recibida
801671,1017,2,1,2026-06-20,2026-06-26,226,157,791.7,Parcial
801672,1017,2,1,2026-06-27,2026-07-04,214,213,791.7,Recibida
801673,1017,2,1,2026-07-08,2026-07-14,218,214,791.7,Recibida
801674,1017,2,1,2026-07-18,2026-07-23,200,200,791.7,Recibida
801675,1017,2,1,2026-07-28,,220,,791.7,Pendiente
801676,1017,2,1,2026-07-29,,260,,791.7,Pendiente
801677,1017,2,1,2026-07-30,,291,,791.7,Pendiente
801678,1017,2,1,2026-07-31,,338,,791.7,Pendiente
801679,1017,2,1,2026-08-01,,372,,791.7,Pendiente
801680,1017,2,2,2025-07-14,2025-07-20,194,191,791.7,Recibida
801681,1017,2,2,2025-07-20,2025-07-26,197,137,791.7,Parcial
801682,1017,2,2,2025-07-26,2025-08-02,230,224,791.7,Recibida
801683,1017,2,2,2025-08-02,2025-08-08,191,188,791.7,Recibida
801684,1017,2,2,2025-08-08,2025-08-14,232,228,791.7,Recibida
801685,1017,2,2,2025-08-15,2025-08-21,215,209,791.7,Recibida
801686,1017,2,2,2025-08-22,2025-08-29,213,207,791.7,Recibida
801687,1017,2,2,2025-08-29,2025-09-05,251,213,791.7,Parcial
801688,1017,2,2,2025-09-05,2025-09-12,395,385,791.7,Recibida
801689,1017,2,2,2025-09-13,2025-09-18,273,272,791.7,Recibida
801690,1017,2,2,2025-09-24,2025-09-29,245,242,791.7,Recibida
801691,1017,2,2,2025-10-03,2025-10-08,266,264,791.7,Recibida
801692,1017,2,2,2025-10-09,2025-10-14,294,286,791.7,Recibida
801693,1017,2,2,2025-10-20,2025-10-25,243,242,791.7,Recibida
801694,1017,2,2,2025-10-31,2025-11-05,258,255,791.7,Recibida
801695,1017,2,2,2025-11-10,2025-11-15,224,0,791.7,Cancelada
801696,1017,2,2,2025-11-11,2025-11-17,240,237,791.7,Recibida
801697,1017,2,2,2025-11-20,2025-11-27,228,222,791.7,Recibida
801698,1017,2,2,2025-11-27,2025-12-03,278,195,791.7,Parcial
801699,1017,2,2,2025-12-03,2025-12-10,386,377,791.7,Recibida
801700,1017,2,2,2025-12-10,2025-12-16,279,167,791.7,Parcial
801701,1017,2,2,2025-12-16,2025-12-21,423,414,791.7,Recibida
801702,1017,2,2,2025-12-22,2025-12-28,301,293,791.7,Recibida
801703,1017,2,2,2025-12-28,2026-01-03,400,394,791.7,Recibida
801704,1017,2,2,2026-01-04,2026-01-10,363,358,791.7,Recibida
801705,1017,2,2,2026-01-10,2026-01-16,426,354,791.7,Parcial
801706,1017,2,2,2026-01-17,2026-01-22,475,468,791.7,Recibida
801707,1017,2,2,2026-01-28,2026-02-04,383,0,791.7,Cancelada
801708,1017,2,2,2026-01-29,2026-02-05,418,412,791.7,Recibida
801709,1017,2,2,2026-02-09,2026-02-14,362,203,791.7,Parcial
801710,1017,2,2,2026-02-14,2026-02-21,398,391,791.7,Recibida
801711,1017,2,2,2026-02-27,2026-03-04,352,343,791.7,Recibida
801712,1017,2,2,2026-03-11,2026-03-18,282,281,791.7,Recibida
801713,1017,2,2,2026-03-21,2026-03-28,273,268,791.7,Recibida
801714,1017,2,2,2026-04-03,2026-04-09,265,260,791.7,Recibida
801715,1017,2,2,2026-04-11,2026-04-17,263,261,791.7,Recibida
801716,1017,2,2,2026-04-23,2026-04-28,230,228,791.7,Recibida
801717,1017,2,2,2026-05-02,2026-05-09,216,215,791.7,Recibida
801718,1017,2,2,2026-05-12,2026-05-19,214,208,791.7,Recibida
801719,1017,2,2,2026-05-19,2026-05-26,233,226,791.7,Recibida
801720,1017,2,2,2026-05-28,2026-06-03,242,240,791.7,Recibida
801721,1017,2,2,2026-06-06,2026-06-11,205,205,791.7,Recibida
801722,1017,2,2,2026-06-17,2026-06-23,216,213,791.7,Recibida
801723,1017,2,2,2026-06-27,2026-07-04,210,205,791.7,Recibida
801724,1017,2,2,2026-07-10,2026-07-16,181,177,791.7,Recibida
801725,1017,2,2,2026-07-20,2026-07-27,167,166,791.7,Recibida
801726,1017,2,2,2026-07-27,2026-08-01,205,203,791.7,Recibida
801727,1017,2,3,2025-07-18,2025-07-25,146,144,791.7,Recibida
801728,1017,2,3,2025-07-26,2025-08-01,150,146,791.7,Recibida
801729,1017,2,3,2025-08-01,2025-08-07,135,134,791.7,Recibida
801730,1017,2,3,2025-08-07,2025-08-12,172,170,791.7,Recibida
801731,1017,2,3,2025-08-15,2025-08-21,145,145,791.7,Recibida
801732,1017,2,3,2025-08-21,2025-08-26,155,154,791.7,Recibida
801733,1017,2,3,2025-08-27,2025-09-02,180,178,791.7,Recibida
801734,1017,2,3,2025-09-03,2025-09-08,212,208,791.7,Recibida
801735,1017,2,3,2025-09-11,2025-09-17,199,197,791.7,Recibida
801736,1017,2,3,2025-09-19,2025-09-25,206,201,791.7,Recibida
801737,1017,2,3,2025-09-27,2025-10-04,213,208,791.7,Recibida
801738,1017,2,3,2025-10-06,2025-10-13,196,194,791.7,Recibida
801739,1017,2,3,2025-10-16,2025-10-23,202,196,791.7,Recibida
801740,1017,2,3,2025-10-26,2025-10-31,176,172,791.7,Recibida
801741,1017,2,3,2025-11-04,2025-11-09,172,170,791.7,Recibida
801742,1017,2,3,2025-11-14,2025-11-19,220,214,791.7,Recibida
801743,1017,2,3,2025-11-21,2025-11-27,183,179,791.7,Recibida
801744,1017,2,3,2025-11-27,2025-12-02,180,176,791.7,Recibida
801745,1017,2,3,2025-12-03,2025-12-09,196,192,791.7,Recibida
801746,1017,2,3,2025-12-09,2025-12-15,307,303,791.7,Recibida
801747,1017,2,3,2025-12-15,2025-12-20,223,220,791.7,Recibida
801748,1017,2,3,2025-12-20,2025-12-27,319,189,791.7,Parcial
801749,1017,2,3,2025-12-27,2026-01-03,412,0,791.7,Cancelada
801750,1017,2,3,2025-12-28,2026-01-02,529,527,791.7,Recibida
801751,1017,2,3,2026-01-06,2026-01-13,302,300,791.7,Recibida
801752,1017,2,3,2026-01-14,2026-01-21,322,312,791.7,Recibida
801753,1017,2,3,2026-01-24,2026-01-30,342,333,791.7,Recibida
801754,1017,2,3,2026-02-03,2026-02-10,297,297,791.7,Recibida
801755,1017,2,3,2026-02-14,2026-02-19,323,316,791.7,Recibida
801756,1017,2,3,2026-02-23,2026-03-01,277,273,791.7,Recibida
801757,1017,2,3,2026-03-09,2026-03-16,238,233,791.7,Recibida
801758,1017,2,3,2026-03-23,2026-03-28,203,199,791.7,Recibida
801759,1017,2,3,2026-03-30,2026-04-05,203,200,791.7,Recibida
801760,1017,2,3,2026-04-08,2026-04-14,202,176,791.7,Parcial
801761,1017,2,3,2026-04-15,2026-04-20,197,194,791.7,Recibida
801762,1017,2,3,2026-04-24,2026-04-29,225,223,791.7,Recibida
801763,1017,2,3,2026-05-02,2026-05-08,211,206,791.7,Recibida
801764,1017,2,3,2026-05-12,2026-05-18,195,193,791.7,Recibida
801765,1017,2,3,2026-05-20,2026-05-27,193,192,791.7,Recibida
801766,1017,2,3,2026-05-28,2026-06-04,205,204,791.7,Recibida
801767,1017,2,3,2026-06-08,2026-06-14,190,188,791.7,Recibida
801768,1017,2,3,2026-06-19,2026-06-26,170,170,791.7,Recibida
801769,1017,2,3,2026-06-29,2026-07-06,178,173,791.7,Recibida
801770,1017,2,3,2026-07-10,2026-07-16,159,156,791.7,Recibida
801771,1017,2,3,2026-07-20,2026-07-26,141,0,791.7,Cancelada
801772,1017,2,3,2026-07-21,2026-07-28,168,166,791.7,Recibida
801773,1017,2,3,2026-07-30,,150,,791.7,Pendiente
801774,1017,2,3,2026-07-31,,180,,791.7,Pendiente
801775,1017,2,3,2026-08-01,,212,,791.7,Pendiente
801776,1018,2,1,2025-07-04,2025-07-09,81,80,619.52,Recibida
801777,1018,2,1,2025-07-24,2025-07-31,49,43,619.52,Parcial
801778,1018,2,1,2025-07-31,2025-08-12,73,0,619.52,Cancelada
801779,1018,2,1,2025-08-01,2025-08-10,94,92,619.52,Recibida
801780,1018,2,1,2025-08-12,2025-08-17,59,59,619.52,Recibida
801781,1018,2,1,2025-08-19,2025-08-25,58,56,619.52,Recibida
801782,1018,2,1,2025-08-26,2025-09-06,64,63,619.52,Recibida
801783,1018,2,1,2025-09-06,2025-09-11,105,104,619.52,Recibida
801784,1018,2,1,2025-09-13,2025-09-19,75,75,619.52,Recibida
801785,1018,2,1,2025-09-20,2025-09-25,96,94,619.52,Recibida
801786,1018,2,1,2025-09-27,2025-10-03,90,90,619.52,Recibida
801787,1018,2,1,2025-10-07,2025-10-17,83,82,619.52,Recibida
801788,1018,2,1,2025-10-17,2025-10-22,111,96,619.52,Parcial
801789,1018,2,1,2025-10-24,2025-11-05,103,100,619.52,Recibida
801790,1018,2,1,2025-11-05,2025-11-15,90,88,619.52,Recibida
801791,1018,2,1,2025-11-15,2025-11-29,84,0,619.52,Cancelada
801792,1018,2,1,2025-11-16,2025-11-21,90,89,619.52,Recibida
801793,1018,2,1,2025-11-26,2025-12-03,84,83,619.52,Recibida
801794,1018,2,1,2025-12-03,2025-12-08,108,105,619.52,Recibida
801795,1018,2,1,2025-12-08,2025-12-17,108,86,619.52,Parcial
801796,1018,2,1,2025-12-17,2025-12-22,134,132,619.52,Recibida
801797,1018,2,1,2025-12-22,2026-01-01,124,123,619.52,Recibida
801798,1018,2,1,2026-01-01,2026-01-07,151,148,619.52,Recibida
801799,1018,2,1,2026-01-09,2026-01-14,135,133,619.52,Recibida
801800,1018,2,1,2026-01-16,2026-01-22,140,138,619.52,Recibida
801801,1018,2,1,2026-01-26,2026-01-31,152,86,619.52,Parcial
801802,1018,2,1,2026-01-31,2026-02-07,156,154,619.52,Recibida
801803,1018,2,1,2026-02-14,2026-02-20,134,130,619.52,Recibida
801804,1018,2,1,2026-02-23,2026-03-06,117,117,619.52,Recibida
801805,1018,2,1,2026-03-12,2026-03-22,95,64,619.52,Parcial
801806,1018,2,1,2026-03-22,2026-03-28,118,117,619.52,Recibida
801807,1018,2,1,2026-04-02,2026-04-13,83,82,619.52,Recibida
801808,1018,2,1,2026-04-13,2026-04-19,77,76,619.52,Recibida
801809,1018,2,1,2026-04-20,2026-04-25,85,84,619.52,Recibida
801810,1018,2,1,2026-04-29,2026-05-06,79,77,619.52,Recibida
801811,1018,2,1,2026-05-09,2026-05-22,72,0,619.52,Cancelada
801812,1018,2,1,2026-05-10,2026-05-22,75,75,619.52,Recibida
801813,1018,2,1,2026-05-22,2026-05-30,102,100,619.52,Recibida
801814,1018,2,1,2026-06-01,2026-06-08,69,57,619.52,Parcial
801815,1018,2,1,2026-06-13,2026-06-20,66,66,619.52,Recibida
801816,1018,2,1,2026-06-26,2026-07-05,75,74,619.52,Recibida
801817,1018,2,1,2026-07-07,2026-07-20,56,0,619.52,Cancelada
801818,1018,2,1,2026-07-08,2026-07-14,59,58,619.52,Recibida
801819,1018,2,1,2026-07-16,2026-07-30,54,52,619.52,Recibida
801820,1018,2,1,2026-07-30,,70,,619.52,Pendiente
801821,1018,2,1,2026-07-31,,78,,619.52,Pendiente
801822,1018,2,1,2026-08-01,,90,,619.52,Pendiente
801823,1018,2,2,2025-07-18,2025-07-23,36,35,619.52,Recibida
801824,1018,2,2,2025-07-23,2025-08-04,43,43,619.52,Recibida
801825,1018,2,2,2025-08-04,2025-08-10,41,40,619.52,Recibida
801826,1018,2,2,2025-08-10,2025-08-21,40,39,619.52,Recibida
801827,1018,2,2,2025-08-21,2025-08-26,61,37,619.52,Parcial
801828,1018,2,2,2025-08-26,2025-09-01,67,65,619.52,Recibida
801829,1018,2,2,2025-09-02,2025-09-09,58,57,619.52,Recibida
801830,1018,2,2,2025-09-09,2025-09-16,61,60,619.52,Recibida
801831,1018,2,2,2025-09-16,2025-09-23,71,69,619.52,Recibida
801832,1018,2,2,2025-09-23,2025-09-28,87,86,619.52,Recibida
801833,1018,2,2,2025-10-01,2025-10-07,69,68,619.52,Recibida
801834,1018,2,2,2025-10-12,2025-10-17,68,66,619.52,Recibida
801835,1018,2,2,2025-10-20,2025-10-27,68,67,619.52,Recibida
801836,1018,2,2,2025-10-30,2025-11-05,76,61,619.52,Parcial
801837,1018,2,2,2025-11-05,2025-11-17,67,65,619.52,Recibida
801838,1018,2,2,2025-11-17,2025-11-30,80,79,619.52,Recibida
801839,1018,2,2,2025-12-01,2025-12-07,73,72,619.52,Recibida
801840,1018,2,2,2025-12-07,2025-12-14,94,92,619.52,Recibida
801841,1018,2,2,2025-12-15,2025-12-26,82,82,619.52,Recibida
801842,1018,2,2,2025-12-26,2026-01-01,100,98,619.52,Recibida
801843,1018,2,2,2026-01-02,2026-01-07,82,82,619.52,Recibida
801844,1018,2,2,2026-01-10,2026-01-16,96,95,619.52,Recibida
801845,1018,2,2,2026-01-16,2026-01-23,97,95,619.52,Recibida
801846,1018,2,2,2026-01-24,2026-01-30,102,100,619.52,Recibida
801847,1018,2,2,2026-02-03,2026-02-10,115,115,619.52,Recibida
801848,1018,2,2,2026-02-13,2026-02-25,122,121,619.52,Recibida
801849,1018,2,2,2026-02-25,2026-03-04,103,102,619.52,Recibida
801850,1018,2,2,2026-03-13,2026-03-20,87,86,619.52,Recibida
801851,1018,2,2,2026-03-28,2026-04-07,87,85,619.52,Recibida
801852,1018,2,2,2026-04-07,2026-04-19,77,44,619.52,Parcial
801853,1018,2,2,2026-04-19,2026-04-24,76,75,619.52,Recibida
801854,1018,2,2,2026-04-25,2026-05-04,67,66,619.52,Recibida
801855,1018,2,2,2026-05-05,2026-05-14,65,64,619.52,Recibida
801856,1018,2,2,2026-05-14,2026-05-19,72,72,619.52,Recibida
801857,1018,2,2,2026-05-25,2026-06-01,63,63,619.52,Recibida
801858,1018,2,2,2026-06-03,2026-06-08,64,63,619.52,Recibida
801859,1018,2,2,2026-06-11,2026-06-18,64,63,619.52,Recibida
801860,1018,2,2,2026-06-21,2026-06-30,55,54,619.52,Recibida
801861,1018,2,2,2026-07-01,2026-07-08,59,57,619.52,Recibida
801862,1018,2,2,2026-07-10,2026-07-16,54,53,619.52,Recibida
801863,1018,2,2,2026-07-21,2026-07-28,62,62,619.52,Recibida
801864,1018,2,2,2026-07-31,,52,,619.52,Pendiente
801865,1018,2,2,2026-08-01,,58,,619.52,Pendiente
801866,1018,2,3,2025-07-11,2025-07-19,47,46,619.52,Recibida
801867,1018,2,3,2025-07-25,2025-07-31,35,35,619.52,Recibida
801868,1018,2,3,2025-07-31,2025-08-07,54,53,619.52,Recibida
801869,1018,2,3,2025-08-07,2025-08-12,69,67,619.52,Recibida
801870,1018,2,3,2025-08-17,2025-08-29,47,46,619.52,Recibida
801871,1018,2,3,2025-08-29,2025-09-05,58,35,619.52,Parcial
801872,1018,2,3,2025-09-05,2025-09-12,67,38,619.52,Parcial
801873,1018,2,3,2025-09-12,2025-09-22,78,77,619.52,Recibida
801874,1018,2,3,2025-09-24,2025-09-30,62,61,619.52,Recibida
801875,1018,2,3,2025-10-02,2025-10-11,48,47,619.52,Recibida
801876,1018,2,3,2025-10-11,2025-10-17,56,56,619.52,Recibida
801877,1018,2,3,2025-10-21,2025-10-26,50,49,619.52,Recibida
801878,1018,2,3,2025-10-30,2025-11-06,51,49,619.52,Recibida
801879,1018,2,3,2025-11-07,2025-11-17,50,49,619.52,Recibida
801880,1018,2,3,2025-11-17,2025-11-30,46,46,619.52,Recibida
801881,1018,2,3,2025-11-30,2025-12-06,58,57,619.52,Recibida
801882,1018,2,3,2025-12-06,2025-12-12,76,75,619.52,Recibida
801883,1018,2,3,2025-12-12,2025-12-17,84,82,619.52,Recibida
801884,1018,2,3,2025-12-18,2025-12-25,97,96,619.52,Recibida
801885,1018,2,3,2025-12-25,2025-12-31,83,82,619.52,Recibida
801886,1018,2,3,2025-12-31,2026-01-13,95,93,619.52,Recibida
801887,1018,2,3,2026-01-13,2026-01-19,111,110,619.52,Recibida
801888,1018,2,3,2026-01-22,2026-02-05,106,106,619.52,Recibida
801889,1018,2,3,2026-02-07,2026-02-19,81,80,619.52,Recibida
801890,1018,2,3,2026-02-19,2026-02-24,97,95,619.52,Recibida
801891,1018,2,3,2026-03-02,2026-03-07,75,74,619.52,Recibida
801892,1018,2,3,2026-03-18,2026-03-30,64,63,619.52,Recibida
801893,1018,2,3,2026-04-02,2026-04-08,48,47,619.52,Recibida
801894,1018,2,3,2026-04-08,2026-04-14,55,54,619.52,Recibida
801895,1018,2,3,2026-04-16,2026-04-27,65,63,619.52,Recibida
801896,1018,2,3,2026-04-28,2026-05-11,55,45,619.52,Parcial
801897,1018,2,3,2026-05-11,2026-05-23,82,81,619.52,Recibida
801898,1018,2,3,2026-05-23,2026-05-30,62,43,619.52,Parcial
801899,1018,2,3,2026-05-30,2026-06-06,78,76,619.52,Recibida
801900,1018,2,3,2026-06-24,2026-07-01,41,40,619.52,Recibida
801901,1018,2,3,2026-07-06,2026-07-11,39,39,619.52,Recibida
801902,1018,2,3,2026-07-16,2026-07-23,36,35,619.52,Recibida
801903,1018,2,3,2026-07-23,2026-07-31,42,41,619.52,Recibida
801904,1018,2,3,2026-07-31,,39,,619.52,Pendiente
801905,1018,2,3,2026-08-01,,93,,619.52,Pendiente
801906,1019,2,1,2025-07-04,2025-07-09,234,234,456.15,Recibida
801907,1019,2,1,2025-07-19,2025-07-24,195,194,456.15,Recibida
801908,1019,2,1,2025-07-30,2025-08-04,198,196,456.15,Recibida
801909,1019,2,1,2025-08-08,2025-08-13,203,144,456.15,Parcial
801910,1019,2,1,2025-08-13,2025-08-18,262,260,456.15,Recibida
801911,1019,2,1,2025-08-21,2025-08-26,281,194,456.15,Parcial
801912,1019,2,1,2025-08-27,2025-08-30,251,247,456.15,Recibida
801913,1019,2,1,2025-09-04,2025-09-07,260,259,456.15,Recibida
801914,1019,2,1,2025-09-17,2025-09-22,269,265,456.15,Recibida
801915,1019,2,1,2025-09-26,2025-09-29,259,258,456.15,Recibida
801916,1019,2,1,2025-10-08,2025-10-13,281,275,456.15,Recibida
801917,1019,2,1,2025-10-20,2025-10-23,237,232,456.15,Recibida
801918,1019,2,1,2025-11-01,2025-11-06,247,240,456.15,Recibida
801919,1019,2,1,2025-11-14,2025-11-19,251,246,456.15,Recibida
801920,1019,2,1,2025-11-25,2025-11-28,210,210,456.15,Recibida
801921,1019,2,1,2025-12-03,2025-12-08,254,247,456.15,Recibida
801922,1019,2,1,2025-12-09,2025-12-13,289,202,456.15,Parcial
801923,1019,2,1,2025-12-13,2025-12-16,366,360,456.15,Recibida
801924,1019,2,1,2025-12-20,2025-12-24,315,232,456.15,Parcial
801925,1019,2,1,2025-12-25,2025-12-28,372,362,456.15,Recibida
801926,1019,2,1,2026-01-06,2026-01-10,366,360,456.15,Recibida
801927,1019,2,1,2026-01-20,2026-01-24,352,307,456.15,Parcial
801928,1019,2,1,2026-01-28,2026-02-01,335,329,456.15,Recibida
801929,1019,2,1,2026-02-11,2026-02-14,314,305,456.15,Recibida
801930,1019,2,1,2026-02-20,2026-02-24,322,313,456.15,Recibida
801931,1019,2,1,2026-02-28,2026-03-03,333,328,456.15,Recibida
801932,1019,2,1,2026-03-16,2026-03-20,317,309,456.15,Recibida
801933,1019,2,1,2026-03-28,2026-03-31,282,241,456.15,Parcial
801934,1019,2,1,2026-04-10,2026-04-14,270,270,456.15,Recibida
801935,1019,2,1,2026-04-17,2026-04-20,267,198,456.15,Parcial
801936,1019,2,1,2026-04-27,2026-04-30,255,248,456.15,Recibida
801937,1019,2,1,2026-05-09,2026-05-12,268,264,456.15,Recibida
801938,1019,2,1,2026-05-19,2026-05-22,246,240,456.15,Recibida
801939,1019,2,1,2026-06-03,2026-06-07,231,225,456.15,Recibida
801940,1019,2,1,2026-06-18,2026-06-23,201,199,456.15,Recibida
801941,1019,2,1,2026-06-27,2026-07-02,200,197,456.15,Recibida
801942,1019,2,1,2026-07-10,2026-07-14,204,198,456.15,Recibida
801943,1019,2,1,2026-07-23,2026-07-28,174,173,456.15,Recibida
801944,1019,2,2,2025-07-11,2025-07-15,122,120,456.15,Recibida
801945,1019,2,2,2025-07-21,2025-07-25,129,127,456.15,Recibida
801946,1019,2,2,2025-07-30,2025-08-04,143,118,456.15,Parcial
801947,1019,2,2,2025-08-05,2025-08-10,173,171,456.15,Recibida
801948,1019,2,2,2025-08-13,2025-08-16,186,184,456.15,Recibida
801949,1019,2,2,2025-08-23,2025-08-28,214,211,456.15,Recibida
801950,1019,2,2,2025-09-04,2025-09-08,186,125,456.15,Parcial
801951,1019,2,2,2025-09-11,2025-09-15,180,161,456.15,Parcial
801952,1019,2,2,2025-09-20,2025-09-24,180,178,456.15,Recibida
801953,1019,2,2,2025-10-01,2025-10-05,188,185,456.15,Recibida
801954,1019,2,2,2025-10-11,2025-10-15,191,191,456.15,Recibida
801955,1019,2,2,2025-10-23,2025-10-27,180,175,456.15,Recibida
801956,1019,2,2,2025-11-02,2025-11-06,174,171,456.15,Recibida
801957,1019,2,2,2025-11-12,2025-11-17,166,162,456.15,Recibida
801958,1019,2,2,2025-11-21,2025-11-26,173,172,456.15,Recibida
801959,1019,2,2,2025-11-29,2025-12-04,178,174,456.15,Recibida
801960,1019,2,2,2025-12-05,2025-12-09,279,271,456.15,Recibida
801961,1019,2,2,2025-12-11,2025-12-14,251,251,456.15,Recibida
801962,1019,2,2,2025-12-19,2025-12-22,311,306,456.15,Recibida
801963,1019,2,2,2025-12-27,2025-12-30,353,266,456.15,Parcial
801964,1019,2,2,2026-01-01,2026-01-06,328,323,456.15,Recibida
801965,1019,2,2,2026-01-10,2026-01-13,366,365,456.15,Recibida
801966,1019,2,2,2026-01-22,2026-01-25,338,333,456.15,Recibida
801967,1019,2,2,2026-02-04,2026-02-09,329,320,456.15,Recibida
801968,1019,2,2,2026-02-17,2026-02-22,280,228,456.15,Parcial
801969,1019,2,2,2026-02-25,2026-03-02,302,0,456.15,Cancelada
801970,1019,2,2,2026-02-26,2026-03-02,302,228,456.15,Parcial
801971,1019,2,2,2026-03-09,2026-03-13,288,282,456.15,Recibida
801972,1019,2,2,2026-03-21,2026-03-24,261,0,456.15,Cancelada
801973,1019,2,2,2026-03-22,2026-03-25,270,269,456.15,Recibida
801974,1019,2,2,2026-04-09,2026-04-14,208,148,456.15,Parcial
801975,1019,2,2,2026-04-18,2026-04-23,201,197,456.15,Recibida
801976,1019,2,2,2026-04-30,2026-05-05,195,192,456.15,Recibida
801977,1019,2,2,2026-05-09,2026-05-14,196,194,456.15,Recibida
801978,1019,2,2,2026-05-19,2026-05-24,180,179,456.15,Recibida
801979,1019,2,2,2026-05-30,2026-06-04,190,105,456.15,Parcial
801980,1019,2,2,2026-06-08,2026-06-12,218,216,456.15,Recibida
801981,1019,2,2,2026-06-20,2026-06-24,176,171,456.15,Recibida
801982,1019,2,2,2026-07-03,2026-07-06,168,166,456.15,Recibida
801983,1019,2,2,2026-07-20,2026-07-23,145,142,456.15,Recibida
801984,1019,2,2,2026-07-31,,147,,456.15,Pendiente
801985,1019,2,2,2026-08-01,,164,,456.15,Pendiente
801986,1019,2,3,2025-07-04,2025-07-07,170,168,456.15,Recibida
801987,1019,2,3,2025-07-19,2025-07-23,127,125,456.15,Recibida
801988,1019,2,3,2025-08-01,2025-08-05,131,129,456.15,Recibida
801989,1019,2,3,2025-08-09,2025-08-13,149,147,456.15,Recibida
801990,1019,2,3,2025-08-18,2025-08-23,142,141,456.15,Recibida
801991,1019,2,3,2025-08-27,2025-08-31,143,141,456.15,Recibida
801992,1019,2,3,2025-09-04,2025-09-09,151,147,456.15,Recibida
801993,1019,2,3,2025-09-14,2025-09-19,152,148,456.15,Recibida
801994,1019,2,3,2025-09-23,2025-09-26,158,157,456.15,Recibida
801995,1019,2,3,2025-10-01,2025-10-06,222,216,456.15,Recibida
801996,1019,2,3,2025-10-12,2025-10-16,189,186,456.15,Recibida
801997,1019,2,3,2025-10-22,2025-10-27,185,183,456.15,Recibida
801998,1019,2,3,2025-11-01,2025-11-06,197,117,456.15,Parcial
801999,1019,2,3,2025-11-07,2025-11-10,204,203,456.15,Recibida
802000,1019,2,3,2025-11-22,2025-11-25,168,167,456.15,Recibida
802001,1019,2,3,2025-12-03,2025-12-08,210,209,456.15,Recibida
802002,1019,2,3,2025-12-10,2025-12-13,188,186,456.15,Recibida
802003,1019,2,3,2025-12-16,2025-12-19,237,235,456.15,Recibida
802004,1019,2,3,2025-12-24,2025-12-28,242,236,456.15,Recibida
802005,1019,2,3,2025-12-30,2026-01-04,249,244,456.15,Recibida
802006,1019,2,3,2026-01-08,2026-01-12,279,274,456.15,Recibida
802007,1019,2,3,2026-01-21,2026-01-24,265,263,456.15,Recibida
802008,1019,2,3,2026-02-07,2026-02-10,250,247,456.15,Recibida
802009,1019,2,3,2026-02-26,2026-03-02,195,190,456.15,Recibida
802010,1019,2,3,2026-03-06,2026-03-09,190,187,456.15,Recibida
802011,1019,2,3,2026-03-17,2026-03-20,181,178,456.15,Recibida
802012,1019,2,3,2026-03-28,2026-04-02,199,111,456.15,Parcial
802013,1019,2,3,2026-04-03,2026-04-07,199,0,456.15,Cancelada
802014,1019,2,3,2026-04-04,2026-04-08,218,0,456.15,Cancelada
802015,1019,2,3,2026-04-05,2026-04-09,214,129,456.15,Parcial
802016,1019,2,3,2026-04-10,2026-04-15,191,188,456.15,Recibida
802017,1019,2,3,2026-04-22,2026-04-27,184,182,456.15,Recibida
802018,1019,2,3,2026-05-01,2026-05-06,179,177,456.15,Recibida
802019,1019,2,3,2026-05-15,2026-05-18,165,164,456.15,Recibida
802020,1019,2,3,2026-05-25,2026-05-30,163,158,456.15,Recibida
802021,1019,2,3,2026-06-05,2026-06-10,156,156,456.15,Recibida
802022,1019,2,3,2026-06-20,2026-06-23,165,161,456.15,Recibida
802023,1019,2,3,2026-07-07,2026-07-10,121,121,456.15,Recibida
802024,1019,2,3,2026-07-17,2026-07-22,124,124,456.15,Recibida
802025,1019,2,3,2026-07-25,2026-07-30,121,118,456.15,Recibida
802026,1020,2,1,2025-07-12,2025-07-18,133,129,1352.28,Recibida
802027,1020,2,1,2025-07-21,2025-07-25,115,114,1352.28,Recibida
802028,1020,2,1,2025-07-29,2025-08-02,113,110,1352.28,Recibida
802029,1020,2,1,2025-08-04,2025-08-09,125,125,1352.28,Recibida
802030,1020,2,1,2025-08-12,2025-08-16,124,121,1352.28,Recibida
802031,1020,2,1,2025-08-18,2025-08-23,148,144,1352.28,Recibida
802032,1020,2,1,2025-08-24,2025-08-29,136,133,1352.28,Recibida
802033,1020,2,1,2025-08-30,2025-09-04,157,153,1352.28,Recibida
802034,1020,2,1,2025-09-08,2025-09-12,156,97,1352.28,Parcial
802035,1020,2,1,2025-09-13,2025-09-17,162,162,1352.28,Recibida
802036,1020,2,1,2025-09-20,2025-09-26,169,164,1352.28,Recibida
802037,1020,2,1,2025-09-27,2025-10-02,165,164,1352.28,Recibida
802038,1020,2,1,2025-10-08,2025-10-12,154,137,1352.28,Parcial
802039,1020,2,1,2025-10-15,2025-10-20,155,154,1352.28,Recibida
802040,1020,2,1,2025-10-22,2025-10-28,171,168,1352.28,Recibida
802041,1020,2,1,2025-11-01,2025-11-06,177,175,1352.28,Recibida
802042,1020,2,1,2025-11-13,2025-11-17,150,147,1352.28,Recibida
802043,1020,2,1,2025-11-21,2025-11-26,156,154,1352.28,Recibida
802044,1020,2,1,2025-11-29,2025-12-04,170,170,1352.28,Recibida
802045,1020,2,1,2025-12-04,2025-12-09,167,165,1352.28,Recibida
802046,1020,2,1,2025-12-09,2025-12-15,243,242,1352.28,Recibida
802047,1020,2,1,2025-12-15,2025-12-20,201,0,1352.28,Cancelada
802048,1020,2,1,2025-12-16,2025-12-22,255,247,1352.28,Recibida
802049,1020,2,1,2025-12-22,2025-12-28,266,258,1352.28,Recibida
802050,1020,2,1,2025-12-28,2026-01-03,293,289,1352.28,Recibida
802051,1020,2,1,2026-01-05,2026-01-10,271,267,1352.28,Recibida
802052,1020,2,1,2026-01-14,2026-01-18,267,260,1352.28,Recibida
802053,1020,2,1,2026-01-23,2026-01-27,326,316,1352.28,Recibida
802054,1020,2,1,2026-02-05,2026-02-11,266,261,1352.28,Recibida
802055,1020,2,1,2026-02-14,2026-02-19,227,226,1352.28,Recibida
802056,1020,2,1,2026-02-23,2026-03-01,262,261,1352.28,Recibida
802057,1020,2,1,2026-03-06,2026-03-12,226,224,1352.28,Recibida
802058,1020,2,1,2026-03-19,2026-03-23,199,196,1352.28,Recibida
802059,1020,2,1,2026-03-29,2026-04-02,185,185,1352.28,Recibida
802060,1020,2,1,2026-04-10,2026-04-14,249,161,1352.28,Parcial
802061,1020,2,1,2026-04-16,2026-04-21,173,170,1352.28,Recibida
802062,1020,2,1,2026-04-24,2026-04-30,172,168,1352.28,Recibida
802063,1020,2,1,2026-05-02,2026-05-06,202,201,1352.28,Recibida
802064,1020,2,1,2026-05-11,2026-05-17,174,172,1352.28,Recibida
802065,1020,2,1,2026-05-20,2026-05-26,183,180,1352.28,Recibida
802066,1020,2,1,2026-05-30,2026-06-04,162,160,1352.28,Recibida
802067,1020,2,1,2026-06-13,2026-06-19,157,153,1352.28,Recibida
802068,1020,2,1,2026-06-25,2026-07-01,150,149,1352.28,Recibida
802069,1020,2,1,2026-07-07,2026-07-11,117,100,1352.28,Parcial
802070,1020,2,1,2026-07-15,2026-07-19,120,118,1352.28,Recibida
802071,1020,2,1,2026-07-24,2026-07-29,114,113,1352.28,Recibida
802072,1020,2,1,2026-08-01,,138,,1352.28,Pendiente
802073,1020,2,2,2025-07-14,2025-07-20,98,97,1352.28,Recibida
802074,1020,2,2,2025-07-23,2025-07-29,121,119,1352.28,Recibida
802075,1020,2,2,2025-08-01,2025-08-06,107,104,1352.28,Recibida
802076,1020,2,2,2025-08-06,2025-08-12,120,117,1352.28,Recibida
802077,1020,2,2,2025-08-14,2025-08-18,118,115,1352.28,Recibida
802078,1020,2,2,2025-08-20,2025-08-26,110,110,1352.28,Recibida
802079,1020,2,2,2025-08-27,2025-08-31,117,114,1352.28,Recibida
802080,1020,2,2,2025-09-02,2025-09-07,130,130,1352.28,Recibida
802081,1020,2,2,2025-09-09,2025-09-13,135,131,1352.28,Recibida
802082,1020,2,2,2025-09-18,2025-09-24,142,139,1352.28,Recibida
802083,1020,2,2,2025-09-24,2025-09-29,142,0,1352.28,Cancelada
802084,1020,2,2,2025-09-25,2025-10-01,159,157,1352.28,Recibida
802085,1020,2,2,2025-10-03,2025-10-08,135,135,1352.28,Recibida
802086,1020,2,2,2025-10-13,2025-10-19,134,133,1352.28,Recibida
802087,1020,2,2,2025-10-23,2025-10-27,146,145,1352.28,Recibida
802088,1020,2,2,2025-11-02,2025-11-08,133,132,1352.28,Recibida
802089,1020,2,2,2025-11-11,2025-11-15,118,117,1352.28,Recibida
802090,1020,2,2,2025-11-19,2025-11-25,120,119,1352.28,Recibida
802091,1020,2,2,2025-11-26,2025-12-02,143,141,1352.28,Recibida
802092,1020,2,2,2025-12-02,2025-12-08,138,134,1352.28,Recibida
802093,1020,2,2,2025-12-08,2025-12-14,186,185,1352.28,Recibida
802094,1020,2,2,2025-12-14,2025-12-19,164,161,1352.28,Recibida
802095,1020,2,2,2025-12-19,2025-12-24,195,190,1352.28,Recibida
802096,1020,2,2,2025-12-24,2025-12-30,178,176,1352.28,Recibida
802097,1020,2,2,2025-12-30,2026-01-03,214,208,1352.28,Recibida
802098,1020,2,2,2026-01-07,2026-01-13,226,221,1352.28,Recibida
802099,1020,2,2,2026-01-15,2026-01-19,236,230,1352.28,Recibida
802100,1020,2,2,2026-01-23,2026-01-29,232,231,1352.28,Recibida
802101,1020,2,2,2026-01-31,2026-02-04,240,235,1352.28,Recibida
802102,1020,2,2,2026-02-12,2026-02-18,223,221,1352.28,Recibida
802103,1020,2,2,2026-02-22,2026-02-26,199,198,1352.28,Recibida
802104,1020,2,2,2026-03-07,2026-03-12,194,162,1352.28,Parcial
802105,1020,2,2,2026-03-18,2026-03-23,168,100,1352.28,Parcial
802106,1020,2,2,2026-03-26,2026-04-01,157,0,1352.28,Cancelada
802107,1020,2,2,2026-03-27,2026-04-02,186,185,1352.28,Recibida
802108,1020,2,2,2026-04-10,2026-04-14,128,126,1352.28,Recibida
802109,1020,2,2,2026-04-18,2026-04-24,147,146,1352.28,Recibida
802110,1020,2,2,2026-04-25,2026-04-29,134,134,1352.28,Recibida
802111,1020,2,2,2026-05-03,2026-05-08,132,132,1352.28,Recibida
802112,1020,2,2,2026-05-11,2026-05-16,137,0,1352.28,Cancelada
802113,1020,2,2,2026-05-12,2026-05-18,159,155,1352.28,Recibida
802114,1020,2,2,2026-05-20,2026-05-25,143,0,1352.28,Cancelada
802115,1020,2,2,2026-05-21,2026-05-25,154,152,1352.28,Recibida
802116,1020,2,2,2026-06-01,2026-06-07,143,141,1352.28,Recibida
802117,1020,2,2,2026-06-17,2026-06-23,115,112,1352.28,Recibida
802118,1020,2,2,2026-07-03,2026-07-09,117,116,1352.28,Recibida
802119,1020,2,2,2026-07-11,2026-07-15,105,103,1352.28,Recibida
802120,1020,2,2,2026-07-24,2026-07-30,84,82,1352.28,Recibida
802121,1020,2,2,2026-08-01,,93,,1352.28,Pendiente
802122,1020,2,3,2025-07-18,2025-07-23,57,37,1352.28,Parcial
802123,1020,2,3,2025-07-23,2025-07-29,123,123,1352.28,Recibida
802124,1020,2,3,2025-07-30,2025-08-04,83,81,1352.28,Recibida
802125,1020,2,3,2025-08-06,2025-08-12,90,90,1352.28,Recibida
802126,1020,2,3,2025-08-12,2025-08-18,112,63,1352.28,Parcial
802127,1020,2,3,2025-08-18,2025-08-22,142,139,1352.28,Recibida
802128,1020,2,3,2025-08-26,2025-08-30,111,108,1352.28,Recibida
802129,1020,2,3,2025-09-04,2025-09-09,108,106,1352.28,Recibida
802130,1020,2,3,2025-09-13,2025-09-17,116,116,1352.28,Recibida
802131,1020,2,3,2025-09-18,2025-09-22,111,108,1352.28,Recibida
802132,1020,2,3,2025-09-26,2025-09-30,125,124,1352.28,Recibida
802133,1020,2,3,2025-10-04,2025-10-10,119,118,1352.28,Recibida
802134,1020,2,3,2025-10-16,2025-10-20,111,70,1352.28,Parcial
802135,1020,2,3,2025-10-21,2025-10-27,114,114,1352.28,Recibida
802136,1020,2,3,2025-10-27,2025-11-02,150,148,1352.28,Recibida
802137,1020,2,3,2025-11-03,2025-11-08,125,124,1352.28,Recibida
802138,1020,2,3,2025-11-14,2025-11-18,117,116,1352.28,Recibida
802139,1020,2,3,2025-11-22,2025-11-27,140,139,1352.28,Recibida
802140,1020,2,3,2025-12-01,2025-12-06,131,129,1352.28,Recibida
802141,1020,2,3,2025-12-06,2025-12-11,187,139,1352.28,Parcial
802142,1020,2,3,2025-12-11,2025-12-16,185,0,1352.28,Cancelada
802143,1020,2,3,2025-12-12,2025-12-18,196,193,1352.28,Recibida
802144,1020,2,3,2025-12-18,2025-12-22,168,167,1352.28,Recibida
802145,1020,2,3,2025-12-25,2025-12-30,169,168,1352.28,Recibida
802146,1020,2,3,2026-01-01,2026-01-06,187,114,1352.28,Parcial
802147,1020,2,3,2026-01-07,2026-01-12,185,180,1352.28,Recibida
802148,1020,2,3,2026-01-12,2026-01-17,208,206,1352.28,Recibida
802149,1020,2,3,2026-01-23,2026-01-29,224,217,1352.28,Recibida
802150,1020,2,3,2026-02-01,2026-02-05,180,178,1352.28,Recibida
802151,1020,2,3,2026-02-13,2026-02-18,176,171,1352.28,Recibida
802152,1020,2,3,2026-02-25,2026-03-03,161,160,1352.28,Recibida
802153,1020,2,3,2026-03-06,2026-03-10,156,102,1352.28,Parcial
802154,1020,2,3,2026-03-16,2026-03-21,141,137,1352.28,Recibida
802155,1020,2,3,2026-03-24,2026-03-29,141,137,1352.28,Recibida
802156,1020,2,3,2026-04-03,2026-04-07,131,130,1352.28,Recibida
802157,1020,2,3,2026-04-17,2026-04-21,124,122,1352.28,Recibida
802158,1020,2,3,2026-04-25,2026-04-29,116,113,1352.28,Recibida
802159,1020,2,3,2026-05-06,2026-05-10,122,119,1352.28,Recibida
802160,1020,2,3,2026-05-15,2026-05-21,111,108,1352.28,Recibida
802161,1020,2,3,2026-05-22,2026-05-27,115,89,1352.28,Parcial
802162,1020,2,3,2026-05-30,2026-06-04,125,94,1352.28,Parcial
802163,1020,2,3,2026-06-09,2026-06-15,99,97,1352.28,Recibida
802164,1020,2,3,2026-06-20,2026-06-25,92,90,1352.28,Recibida
802165,1020,2,3,2026-07-01,2026-07-07,83,81,1352.28,Recibida
802166,1020,2,3,2026-07-10,2026-07-16,92,0,1352.28,Cancelada
802167,1020,2,3,2026-07-11,2026-07-15,102,99,1352.28,Recibida
802168,1020,2,3,2026-07-18,2026-07-23,82,80,1352.28,Recibida
802169,1020,2,3,2026-07-27,2026-07-31,82,81,1352.28,Recibida
802170,1021,2,1,2025-07-19,2025-07-23,103,76,2614.38,Parcial
802171,1021,2,1,2025-07-27,2025-07-31,73,72,2614.38,Recibida
802172,1021,2,1,2025-08-04,2025-08-10,95,94,2614.38,Recibida
802173,1021,2,1,2025-08-10,2025-08-15,80,79,2614.38,Recibida
802174,1021,2,1,2025-08-16,2025-08-21,95,63,2614.38,Parcial
802175,1021,2,1,2025-08-21,2025-08-25,118,118,2614.38,Recibida
802176,1021,2,1,2025-08-27,2025-09-02,98,98,2614.38,Recibida
802177,1021,2,1,2025-09-02,2025-09-06,117,115,2614.38,Recibida
802178,1021,2,1,2025-09-12,2025-09-18,135,133,2614.38,Recibida
802179,1021,2,1,2025-09-19,2025-09-23,119,119,2614.38,Recibida
802180,1021,2,1,2025-09-25,2025-09-30,133,132,2614.38,Recibida
802181,1021,2,1,2025-10-01,2025-10-05,136,134,2614.38,Recibida
802182,1021,2,1,2025-10-10,2025-10-14,144,143,2614.38,Recibida
802183,1021,2,1,2025-10-17,2025-10-22,132,129,2614.38,Recibida
802184,1021,2,1,2025-10-26,2025-11-01,141,140,2614.38,Recibida
802185,1021,2,1,2025-11-01,2025-11-05,144,141,2614.38,Recibida
802186,1021,2,1,2025-11-08,2025-11-14,180,177,2614.38,Recibida
802187,1021,2,1,2025-11-22,2025-11-26,166,164,2614.38,Recibida
802188,1021,2,1,2025-12-01,2025-12-06,177,174,2614.38,Recibida
802189,1021,2,1,2025-12-06,2025-12-11,249,248,2614.38,Recibida
802190,1021,2,1,2025-12-14,2025-12-19,185,182,2614.38,Recibida
802191,1021,2,1,2025-12-20,2025-12-26,202,199,2614.38,Recibida
802192,1021,2,1,2025-12-27,2025-12-31,266,197,2614.38,Parcial
802193,1021,2,1,2026-01-02,2026-01-07,206,201,2614.38,Recibida
802194,1021,2,1,2026-01-10,2026-01-15,244,237,2614.38,Recibida
802195,1021,2,1,2026-01-17,2026-01-22,250,249,2614.38,Recibida
802196,1021,2,1,2026-01-26,2026-01-31,235,233,2614.38,Recibida
802197,1021,2,1,2026-02-07,2026-02-13,215,211,2614.38,Recibida
802198,1021,2,1,2026-02-18,2026-02-22,257,254,2614.38,Recibida
802199,1021,2,1,2026-03-03,2026-03-08,185,181,2614.38,Recibida
802200,1021,2,1,2026-03-18,2026-03-23,201,201,2614.38,Recibida
802201,1021,2,1,2026-03-30,2026-04-04,158,155,2614.38,Recibida
802202,1021,2,1,2026-04-11,2026-04-17,148,85,2614.38,Parcial
802203,1021,2,1,2026-04-17,2026-04-23,138,117,2614.38,Parcial
802204,1021,2,1,2026-04-25,2026-04-29,125,84,2614.38,Parcial
802205,1021,2,1,2026-05-03,2026-05-09,146,142,2614.38,Recibida
802206,1021,2,1,2026-05-13,2026-05-17,127,124,2614.38,Recibida
802207,1021,2,1,2026-05-25,2026-05-30,106,69,2614.38,Parcial
802208,1021,2,1,2026-05-31,2026-06-06,109,107,2614.38,Recibida
802209,1021,2,1,2026-06-10,2026-06-14,100,98,2614.38,Recibida
802210,1021,2,1,2026-06-24,2026-06-28,111,108,2614.38,Recibida
802211,1021,2,1,2026-07-01,2026-07-05,100,99,2614.38,Recibida
802212,1021,2,1,2026-07-09,2026-07-15,91,89,2614.38,Recibida
802213,1021,2,1,2026-07-18,2026-07-23,109,107,2614.38,Recibida
802214,1021,2,1,2026-07-28,2026-08-01,105,76,2614.38,Parcial
802215,1021,2,2,2025-07-06,2025-07-12,101,0,2614.38,Cancelada
802216,1021,2,2,2025-07-11,2025-07-15,77,77,2614.38,Recibida
802217,1021,2,2,2025-07-21,2025-07-26,102,101,2614.38,Recibida
802218,1021,2,2,2025-07-30,2025-08-03,95,95,2614.38,Recibida
802219,1021,2,2,2025-08-04,2025-08-09,88,87,2614.38,Recibida
802220,1021,2,2,2025-08-09,2025-08-14,124,121,2614.38,Recibida
802221,1021,2,2,2025-08-14,2025-08-20,130,128,2614.38,Recibida
802222,1021,2,2,2025-08-20,2025-08-26,112,112,2614.38,Recibida
802223,1021,2,2,2025-08-28,2025-09-01,141,140,2614.38,Recibida
802224,1021,2,2,2025-09-03,2025-09-09,144,140,2614.38,Recibida
802225,1021,2,2,2025-09-10,2025-09-16,145,144,2614.38,Recibida
802226,1021,2,2,2025-09-20,2025-09-25,155,155,2614.38,Recibida
802227,1021,2,2,2025-10-06,2025-10-11,128,126,2614.38,Recibida
802228,1021,2,2,2025-10-16,2025-10-21,125,0,2614.38,Cancelada
802229,1021,2,2,2025-10-17,2025-10-22,154,154,2614.38,Recibida
802230,1021,2,2,2025-10-30,2025-11-03,111,110,2614.38,Recibida
802231,1021,2,2,2025-11-05,2025-11-11,113,110,2614.38,Recibida
802232,1021,2,2,2025-11-11,2025-11-17,116,114,2614.38,Recibida
802233,1021,2,2,2025-11-17,2025-11-21,128,127,2614.38,Recibida
802234,1021,2,2,2025-11-28,2025-12-04,116,114,2614.38,Recibida
802235,1021,2,2,2025-12-05,2025-12-09,155,153,2614.38,Recibida
802236,1021,2,2,2025-12-10,2025-12-16,154,150,2614.38,Recibida
802237,1021,2,2,2025-12-16,2025-12-21,233,226,2614.38,Recibida
802238,1021,2,2,2025-12-22,2025-12-28,181,115,2614.38,Parcial
802239,1021,2,2,2025-12-28,2026-01-03,167,165,2614.38,Recibida
802240,1021,2,2,2026-01-03,2026-01-09,215,214,2614.38,Recibida
802241,1021,2,2,2026-01-13,2026-01-19,220,214,2614.38,Recibida
802242,1021,2,2,2026-01-24,2026-01-30,195,195,2614.38,Recibida
802243,1021,2,2,2026-02-04,2026-02-09,164,163,2614.38,Recibida
802244,1021,2,2,2026-02-12,2026-02-17,180,176,2614.38,Recibida
802245,1021,2,2,2026-02-21,2026-02-25,178,177,2614.38,Recibida
802246,1021,2,2,2026-02-28,2026-03-06,167,165,2614.38,Recibida
802247,1021,2,2,2026-03-07,2026-03-13,171,125,2614.38,Parcial
802248,1021,2,2,2026-03-23,2026-03-28,156,152,2614.38,Recibida
802249,1021,2,2,2026-04-04,2026-04-08,180,176,2614.38,Recibida
802250,1021,2,2,2026-04-18,2026-04-22,162,160,2614.38,Recibida
802251,1021,2,2,2026-04-30,2026-05-05,130,126,2614.38,Recibida
802252,1021,2,2,2026-05-08,2026-05-13,120,117,2614.38,Recibida
802253,1021,2,2,2026-05-23,2026-05-27,127,125,2614.38,Recibida
802254,1021,2,2,2026-05-28,2026-06-01,136,121,2614.38,Parcial
802255,1021,2,2,2026-06-08,2026-06-13,103,100,2614.38,Recibida
802256,1021,2,2,2026-06-26,2026-07-01,96,86,2614.38,Parcial
802257,1021,2,2,2026-07-06,2026-07-12,90,89,2614.38,Recibida
802258,1021,2,2,2026-07-13,2026-07-18,78,76,2614.38,Recibida
802259,1021,2,2,2026-07-23,2026-07-28,72,71,2614.38,Recibida
802260,1021,2,2,2026-08-01,,85,,2614.38,Pendiente
802261,1021,2,3,2025-07-05,2025-07-09,84,83,2614.38,Recibida
802262,1021,2,3,2025-07-18,2025-07-22,93,92,2614.38,Recibida
802263,1021,2,3,2025-08-01,2025-08-06,142,139,2614.38,Recibida
802264,1021,2,3,2025-08-08,2025-08-12,85,47,2614.38,Parcial
802265,1021,2,3,2025-08-16,2025-08-22,86,84,2614.38,Recibida
802266,1021,2,3,2025-08-25,2025-08-29,93,92,2614.38,Recibida
802267,1021,2,3,2025-09-06,2025-09-11,90,90,2614.38,Recibida
802268,1021,2,3,2025-09-13,2025-09-17,91,89,2614.38,Recibida
802269,1021,2,3,2025-09-23,2025-09-29,76,74,2614.38,Recibida
802270,1021,2,3,2025-10-02,2025-10-08,88,59,2614.38,Parcial
802271,1021,2,3,2025-10-08,2025-10-14,87,85,2614.38,Recibida
802272,1021,2,3,2025-10-15,2025-10-20,116,0,2614.38,Cancelada
802273,1021,2,3,2025-10-16,2025-10-21,123,121,2614.38,Recibida
802274,1021,2,3,2025-10-21,2025-10-25,93,91,2614.38,Recibida
802275,1021,2,3,2025-10-28,2025-11-01,90,52,2614.38,Parcial
802276,1021,2,3,2025-11-01,2025-11-06,120,75,2614.38,Parcial
802277,1021,2,3,2025-11-06,2025-11-10,107,106,2614.38,Recibida
802278,1021,2,3,2025-11-17,2025-11-23,118,117,2614.38,Recibida
802279,1021,2,3,2025-11-24,2025-11-30,104,61,2614.38,Parcial
802280,1021,2,3,2025-11-30,2025-12-05,104,103,2614.38,Recibida
802281,1021,2,3,2025-12-07,2025-12-12,106,104,2614.38,Recibida
802282,1021,2,3,2025-12-12,2025-12-18,149,146,2614.38,Recibida
802283,1021,2,3,2025-12-18,2025-12-23,164,160,2614.38,Recibida
802284,1021,2,3,2025-12-23,2025-12-27,164,160,2614.38,Recibida
802285,1021,2,3,2025-12-29,2026-01-03,167,165,2614.38,Recibida
802286,1021,2,3,2026-01-09,2026-01-13,156,0,2614.38,Cancelada
802287,1021,2,3,2026-01-10,2026-01-15,163,161,2614.38,Recibida
802288,1021,2,3,2026-01-19,2026-01-24,171,108,2614.38,Parcial
802289,1021,2,3,2026-01-30,2026-02-04,144,140,2614.38,Recibida
802290,1021,2,3,2026-02-07,2026-02-12,180,176,2614.38,Recibida
802291,1021,2,3,2026-02-18,2026-02-23,124,123,2614.38,Recibida
802292,1021,2,3,2026-02-25,2026-03-01,134,130,2614.38,Recibida
802293,1021,2,3,2026-03-07,2026-03-13,119,119,2614.38,Recibida
802294,1021,2,3,2026-03-20,2026-03-25,129,129,2614.38,Recibida
802295,1021,2,3,2026-04-04,2026-04-10,121,120,2614.38,Recibida
802296,1021,2,3,2026-04-12,2026-04-17,107,107,2614.38,Recibida
802297,1021,2,3,2026-04-23,2026-04-28,96,94,2614.38,Recibida
802298,1021,2,3,2026-05-01,2026-05-06,111,108,2614.38,Recibida
802299,1021,2,3,2026-05-08,2026-05-13,103,103,2614.38,Recibida
802300,1021,2,3,2026-05-17,2026-05-23,106,103,2614.38,Recibida
802301,1021,2,3,2026-05-29,2026-06-04,91,90,2614.38,Recibida
802302,1021,2,3,2026-06-16,2026-06-22,79,79,2614.38,Recibida
802303,1021,2,3,2026-06-26,2026-07-01,80,80,2614.38,Recibida
802304,1021,2,3,2026-07-07,2026-07-11,70,69,2614.38,Recibida
802305,1021,2,3,2026-07-15,2026-07-20,76,76,2614.38,Recibida
802306,1021,2,3,2026-07-23,2026-07-28,80,79,2614.38,Recibida
802307,1021,2,3,2026-08-01,,85,,2614.38,Pendiente
802308,1022,2,1,2025-07-15,2025-07-20,145,141,2073.85,Recibida
802309,1022,2,1,2025-07-20,2025-07-24,151,149,2073.85,Recibida
802310,1022,2,1,2025-07-28,2025-08-02,165,161,2073.85,Recibida
802311,1022,2,1,2025-08-02,2025-08-06,184,181,2073.85,Recibida
802312,1022,2,1,2025-08-09,2025-08-13,173,172,2073.85,Recibida
802313,1022,2,1,2025-08-15,2025-08-18,203,200,2073.85,Recibida
802314,1022,2,1,2025-08-20,2025-08-25,234,144,2073.85,Parcial
802315,1022,2,1,2025-08-26,2025-08-30,237,175,2073.85,Parcial
802316,1022,2,1,2025-09-03,2025-09-06,240,233,2073.85,Recibida
802317,1022,2,1,2025-09-17,2025-09-20,207,183,2073.85,Parcial
802318,1022,2,1,2025-10-01,2025-10-06,171,166,2073.85,Recibida
802319,1022,2,1,2025-10-10,2025-10-15,198,140,2073.85,Parcial
802320,1022,2,1,2025-10-15,2025-10-18,170,169,2073.85,Recibida
802321,1022,2,1,2025-10-22,2025-10-27,188,183,2073.85,Recibida
802322,1022,2,1,2025-11-05,2025-11-09,188,0,2073.85,Cancelada
802323,1022,2,1,2025-11-06,2025-11-11,199,114,2073.85,Parcial
802324,1022,2,1,2025-11-11,2025-11-15,202,178,2073.85,Parcial
802325,1022,2,1,2025-11-17,2025-11-21,200,196,2073.85,Recibida
802326,1022,2,1,2025-11-21,2025-11-26,217,212,2073.85,Recibida
802327,1022,2,1,2025-11-29,2025-12-02,202,201,2073.85,Recibida
802328,1022,2,1,2025-12-03,2025-12-07,231,229,2073.85,Recibida
802329,1022,2,1,2025-12-07,2025-12-12,299,290,2073.85,Recibida
802330,1022,2,1,2025-12-13,2025-12-16,350,344,2073.85,Recibida
802331,1022,2,1,2025-12-17,2025-12-20,407,402,2073.85,Recibida
802332,1022,2,1,2025-12-26,2025-12-31,366,363,2073.85,Recibida
802333,1022,2,1,2026-01-06,2026-01-10,373,372,2073.85,Recibida
802334,1022,2,1,2026-01-18,2026-01-21,387,377,2073.85,Recibida
802335,1022,2,1,2026-01-29,2026-02-03,354,353,2073.85,Recibida
802336,1022,2,1,2026-02-12,2026-02-15,400,396,2073.85,Recibida
802337,1022,2,1,2026-03-03,2026-03-06,261,254,2073.85,Recibida
802338,1022,2,1,2026-03-17,2026-03-22,222,220,2073.85,Recibida
802339,1022,2,1,2026-04-02,2026-04-05,204,199,2073.85,Recibida
802340,1022,2,1,2026-04-10,2026-04-15,215,211,2073.85,Recibida
802341,1022,2,1,2026-04-22,2026-04-26,194,189,2073.85,Recibida
802342,1022,2,1,2026-04-27,2026-04-30,188,186,2073.85,Recibida
802343,1022,2,1,2026-05-02,2026-05-05,211,207,2073.85,Recibida
802344,1022,2,1,2026-05-14,2026-05-18,207,201,2073.85,Recibida
802345,1022,2,1,2026-05-20,2026-05-23,234,232,2073.85,Recibida
802346,1022,2,1,2026-05-30,2026-06-02,311,246,2073.85,Parcial
802347,1022,2,1,2026-06-11,2026-06-14,213,211,2073.85,Recibida
802348,1022,2,1,2026-06-27,2026-07-02,183,0,2073.85,Cancelada
802349,1022,2,1,2026-06-28,2026-07-01,202,146,2073.85,Parcial
802350,1022,2,1,2026-07-10,2026-07-14,194,190,2073.85,Recibida
802351,1022,2,1,2026-07-21,2026-07-26,165,160,2073.85,Recibida
802352,1022,2,1,2026-08-01,,142,,2073.85,Pendiente
802353,1022,2,2,2025-07-22,2025-07-25,95,94,2073.85,Recibida
802354,1022,2,2,2025-07-29,2025-08-03,83,83,2073.85,Recibida
802355,1022,2,2,2025-08-04,2025-08-09,94,92,2073.85,Recibida
802356,1022,2,2,2025-08-09,2025-08-14,121,82,2073.85,Parcial
802357,1022,2,2,2025-08-14,2025-08-18,148,147,2073.85,Recibida
802358,1022,2,2,2025-08-21,2025-08-26,114,111,2073.85,Recibida
802359,1022,2,2,2025-08-26,2025-08-31,174,169,2073.85,Recibida
802360,1022,2,2,2025-09-01,2025-09-04,162,161,2073.85,Recibida
802361,1022,2,2,2025-09-09,2025-09-14,198,192,2073.85,Recibida
802362,1022,2,2,2025-09-20,2025-09-25,195,133,2073.85,Parcial
802363,1022,2,2,2025-09-26,2025-09-30,180,175,2073.85,Recibida
802364,1022,2,2,2025-10-07,2025-10-10,173,171,2073.85,Recibida
802365,1022,2,2,2025-10-20,2025-10-24,163,160,2073.85,Recibida
802366,1022,2,2,2025-10-29,2025-11-03,161,158,2073.85,Recibida
802367,1022,2,2,2025-11-12,2025-11-17,167,166,2073.85,Recibida
802368,1022,2,2,2025-11-18,2025-11-21,185,184,2073.85,Recibida
802369,1022,2,2,2025-11-27,2025-12-02,158,118,2073.85,Parcial
802370,1022,2,2,2025-12-06,2025-12-10,170,167,2073.85,Recibida
802371,1022,2,2,2025-12-10,2025-12-14,212,207,2073.85,Recibida
802372,1022,2,2,2025-12-15,2025-12-19,196,190,2073.85,Recibida
802373,1022,2,2,2025-12-19,2025-12-22,229,228,2073.85,Recibida
802374,1022,2,2,2025-12-24,2025-12-27,281,276,2073.85,Recibida
802375,1022,2,2,2025-12-30,2026-01-02,343,342,2073.85,Recibida
802376,1022,2,2,2026-01-07,2026-01-11,376,310,2073.85,Parcial
802377,1022,2,2,2026-01-16,2026-01-21,360,353,2073.85,Recibida
802378,1022,2,2,2026-01-31,2026-02-05,350,349,2073.85,Recibida
802379,1022,2,2,2026-02-15,2026-02-18,257,253,2073.85,Recibida
802380,1022,2,2,2026-02-20,2026-02-25,288,287,2073.85,Recibida
802381,1022,2,2,2026-02-28,2026-03-04,317,260,2073.85,Parcial
802382,1022,2,2,2026-03-13,2026-03-18,266,264,2073.85,Recibida
802383,1022,2,2,2026-04-02,2026-04-05,220,220,2073.85,Recibida
802384,1022,2,2,2026-04-13,2026-04-16,178,175,2073.85,Recibida
802385,1022,2,2,2026-04-21,2026-04-26,179,177,2073.85,Recibida
802386,1022,2,2,2026-05-03,2026-05-07,175,173,2073.85,Recibida
802387,1022,2,2,2026-05-15,2026-05-19,229,229,2073.85,Recibida
802388,1022,2,2,2026-05-30,2026-06-03,155,153,2073.85,Recibida
802389,1022,2,2,2026-06-06,2026-06-09,158,158,2073.85,Recibida
802390,1022,2,2,2026-06-18,2026-06-23,158,156,2073.85,Recibida
802391,1022,2,2,2026-07-04,2026-07-07,129,128,2073.85,Recibida
802392,1022,2,2,2026-07-18,2026-07-21,108,107,2073.85,Recibida
802393,1022,2,2,2026-07-30,,123,,2073.85,Pendiente
802394,1022,2,2,2026-07-31,,130,,2073.85,Pendiente
802395,1022,2,2,2026-08-01,,184,,2073.85,Pendiente
802396,1022,2,3,2025-07-04,2025-07-07,156,156,2073.85,Recibida
802397,1022,2,3,2025-07-12,2025-07-16,247,247,2073.85,Recibida
802398,1022,2,3,2025-07-31,2025-08-03,146,145,2073.85,Recibida
802399,1022,2,3,2025-08-08,2025-08-13,222,216,2073.85,Recibida
802400,1022,2,3,2025-08-19,2025-08-22,148,147,2073.85,Recibida
802401,1022,2,3,2025-09-03,2025-09-08,138,136,2073.85,Recibida
802402,1022,2,3,2025-09-10,2025-09-15,144,142,2073.85,Recibida
802403,1022,2,3,2025-09-18,2025-09-22,141,137,2073.85,Recibida
802404,1022,2,3,2025-09-23,2025-09-28,146,146,2073.85,Recibida
802405,1022,2,3,2025-09-30,2025-10-03,151,105,2073.85,Parcial
802406,1022,2,3,2025-10-07,2025-10-11,163,137,2073.85,Parcial
802407,1022,2,3,2025-10-18,2025-10-21,203,199,2073.85,Recibida
802408,1022,2,3,2025-10-29,2025-11-01,167,163,2073.85,Recibida
802409,1022,2,3,2025-11-15,2025-11-18,130,128,2073.85,Recibida
802410,1022,2,3,2025-11-20,2025-11-23,144,140,2073.85,Recibida
802411,1022,2,3,2025-11-28,2025-12-02,141,138,2073.85,Recibida
802412,1022,2,3,2025-12-04,2025-12-07,257,250,2073.85,Recibida
802413,1022,2,3,2025-12-10,2025-12-15,224,221,2073.85,Recibida
802414,1022,2,3,2025-12-17,2025-12-22,213,168,2073.85,Parcial
802415,1022,2,3,2025-12-25,2025-12-30,215,213,2073.85,Recibida
802416,1022,2,3,2025-12-30,2026-01-04,242,241,2073.85,Recibida
802417,1022,2,3,2026-01-07,2026-01-10,262,256,2073.85,Recibida
802418,1022,2,3,2026-01-16,2026-01-20,262,258,2073.85,Recibida
802419,1022,2,3,2026-01-27,2026-01-31,250,244,2073.85,Recibida
802420,1022,2,3,2026-02-07,2026-02-12,282,276,2073.85,Recibida
802421,1022,2,3,2026-02-21,2026-02-26,225,225,2073.85,Recibida
802422,1022,2,3,2026-03-06,2026-03-10,215,212,2073.85,Recibida
802423,1022,2,3,2026-03-26,2026-03-31,167,163,2073.85,Recibida
802424,1022,2,3,2026-04-09,2026-04-13,136,135,2073.85,Recibida
802425,1022,2,3,2026-04-20,2026-04-25,114,79,2073.85,Parcial
802426,1022,2,3,2026-04-27,2026-05-01,130,0,2073.85,Cancelada
802427,1022,2,3,2026-04-28,2026-05-03,131,129,2073.85,Recibida
802428,1022,2,3,2026-05-03,2026-05-07,126,124,2073.85,Recibida
802429,1022,2,3,2026-05-09,2026-05-14,165,165,2073.85,Recibida
802430,1022,2,3,2026-05-21,2026-05-25,160,156,2073.85,Recibida
802431,1022,2,3,2026-06-04,2026-06-07,131,131,2073.85,Recibida
802432,1022,2,3,2026-06-26,2026-06-30,116,115,2073.85,Recibida
802433,1022,2,3,2026-07-07,2026-07-12,83,82,2073.85,Recibida
802434,1022,2,3,2026-07-17,2026-07-21,93,92,2073.85,Recibida
802435,1022,2,3,2026-07-24,2026-07-29,93,93,2073.85,Recibida
802436,1023,2,1,2025-07-12,2025-07-19,42,29,5729.05,Parcial
802437,1023,2,1,2025-07-19,2025-07-25,53,43,5729.05,Parcial
802438,1023,2,1,2025-07-25,2025-07-31,41,40,5729.05,Recibida
802439,1023,2,1,2025-08-08,2025-08-13,40,29,5729.05,Parcial
802440,1023,2,1,2025-08-13,2025-08-20,52,51,5729.05,Recibida
802441,1023,2,1,2025-08-20,2025-08-25,45,45,5729.05,Recibida
802442,1023,2,1,2025-08-26,2025-09-02,41,40,5729.05,Recibida
802443,1023,2,1,2025-09-04,2025-09-11,38,25,5729.05,Parcial
802444,1023,2,1,2025-09-11,2025-09-16,67,66,5729.05,Recibida
802445,1023,2,1,2025-09-16,2025-09-23,43,42,5729.05,Recibida
802446,1023,2,1,2025-09-23,2025-09-29,90,88,5729.05,Recibida
802447,1023,2,1,2025-10-03,2025-10-08,49,0,5729.05,Cancelada
802448,1023,2,1,2025-10-04,2025-10-11,52,52,5729.05,Recibida
802449,1023,2,1,2025-10-12,2025-10-19,53,52,5729.05,Recibida
802450,1023,2,1,2025-10-20,2025-10-26,52,51,5729.05,Recibida
802451,1023,2,1,2025-10-28,2025-11-03,60,50,5729.05,Parcial
802452,1023,2,1,2025-11-03,2025-11-08,52,51,5729.05,Recibida
802453,1023,2,1,2025-11-10,2025-11-15,58,57,5729.05,Recibida
802454,1023,2,1,2025-11-17,2025-11-23,49,48,5729.05,Recibida
802455,1023,2,1,2025-11-28,2025-12-05,55,48,5729.05,Parcial
802456,1023,2,1,2025-12-05,2025-12-10,59,48,5729.05,Parcial
802457,1023,2,1,2025-12-10,2025-12-17,100,99,5729.05,Recibida
802458,1023,2,1,2025-12-17,2025-12-23,62,61,5729.05,Recibida
802459,1023,2,1,2025-12-23,2025-12-28,67,65,5729.05,Recibida
802460,1023,2,1,2025-12-28,2026-01-03,116,66,5729.05,Parcial
802461,1023,2,1,2026-01-03,2026-01-10,128,126,5729.05,Recibida
802462,1023,2,1,2026-01-10,2026-01-17,118,118,5729.05,Recibida
802463,1023,2,1,2026-01-17,2026-01-24,131,128,5729.05,Recibida
802464,1023,2,1,2026-01-30,2026-02-05,106,105,5729.05,Recibida
802465,1023,2,1,2026-02-16,2026-02-21,69,68,5729.05,Recibida
802466,1023,2,1,2026-02-24,2026-03-02,70,69,5729.05,Recibida
802467,1023,2,1,2026-03-03,2026-03-08,74,65,5729.05,Parcial
802468,1023,2,1,2026-03-08,2026-03-13,101,98,5729.05,Recibida
802469,1023,2,1,2026-03-19,2026-03-26,100,97,5729.05,Recibida
802470,1023,2,1,2026-03-28,2026-04-03,76,74,5729.05,Recibida
802471,1023,2,1,2026-04-10,2026-04-16,67,66,5729.05,Recibida
802472,1023,2,1,2026-04-24,2026-04-29,57,57,5729.05,Recibida
802473,1023,2,1,2026-05-06,2026-05-11,56,54,5729.05,Recibida
802474,1023,2,1,2026-05-11,2026-05-17,53,51,5729.05,Recibida
802475,1023,2,1,2026-05-21,2026-05-28,46,45,5729.05,Recibida
802476,1023,2,1,2026-05-28,2026-06-03,57,57,5729.05,Recibida
802477,1023,2,1,2026-06-06,2026-06-12,51,50,5729.05,Recibida
802478,1023,2,1,2026-06-16,2026-06-21,50,49,5729.05,Recibida
802479,1023,2,1,2026-07-02,2026-07-07,45,45,5729.05,Recibida
802480,1023,2,1,2026-07-23,2026-07-29,26,0,5729.05,Cancelada
802481,1023,2,1,2026-07-24,2026-07-31,24,24,5729.05,Recibida
802482,1023,2,1,2026-07-31,,36,,5729.05,Pendiente
802483,1023,2,1,2026-08-01,,50,,5729.05,Pendiente
802484,1023,2,2,2025-07-12,2025-07-19,48,47,5729.05,Recibida
802485,1023,2,2,2025-07-25,2025-08-01,27,26,5729.05,Recibida
802486,1023,2,2,2025-08-01,2025-08-06,41,41,5729.05,Recibida
802487,1023,2,2,2025-08-07,2025-08-14,31,30,5729.05,Recibida
802488,1023,2,2,2025-08-16,2025-08-21,49,49,5729.05,Recibida
802489,1023,2,2,2025-08-23,2025-08-29,38,37,5729.05,Recibida
802490,1023,2,2,2025-08-30,2025-09-06,32,24,5729.05,Parcial
802491,1023,2,2,2025-09-06,2025-09-11,36,35,5729.05,Recibida
802492,1023,2,2,2025-09-13,2025-09-19,36,35,5729.05,Recibida
802493,1023,2,2,2025-09-20,2025-09-27,61,60,5729.05,Recibida
802494,1023,2,2,2025-09-27,2025-10-02,39,39,5729.05,Recibida
802495,1023,2,2,2025-10-07,2025-10-13,35,34,5729.05,Recibida
802496,1023,2,2,2025-10-17,2025-10-22,38,38,5729.05,Recibida
802497,1023,2,2,2025-10-23,2025-10-28,53,53,5729.05,Recibida
802498,1023,2,2,2025-10-28,2025-11-03,40,39,5729.05,Recibida
802499,1023,2,2,2025-11-03,2025-11-10,70,50,5729.05,Parcial
802500,1023,2,2,2025-11-11,2025-11-17,43,43,5729.05,Recibida
802501,1023,2,2,2025-11-19,2025-11-25,42,42,5729.05,Recibida
802502,1023,2,2,2025-12-03,2025-12-10,50,50,5729.05,Recibida
802503,1023,2,2,2025-12-10,2025-12-16,61,61,5729.05,Recibida
802504,1023,2,2,2025-12-16,2025-12-21,56,56,5729.05,Recibida
802505,1023,2,2,2025-12-21,2025-12-27,68,66,5729.05,Recibida
802506,1023,2,2,2025-12-27,2026-01-01,103,101,5729.05,Recibida
802507,1023,2,2,2026-01-02,2026-01-09,59,58,5729.05,Recibida
802508,1023,2,2,2026-01-10,2026-01-15,70,0,5729.05,Cancelada
802509,1023,2,2,2026-01-11,2026-01-18,69,69,5729.05,Recibida
802510,1023,2,2,2026-01-20,2026-01-25,70,69,5729.05,Recibida
802511,1023,2,2,2026-01-30,2026-02-06,64,63,5729.05,Recibida
802512,1023,2,2,2026-02-06,2026-02-12,62,53,5729.05,Parcial
802513,1023,2,2,2026-02-14,2026-02-20,55,54,5729.05,Recibida
802514,1023,2,2,2026-03-01,2026-03-08,50,50,5729.05,Recibida
802515,1023,2,2,2026-03-10,2026-03-17,55,54,5729.05,Recibida
802516,1023,2,2,2026-03-20,2026-03-27,43,42,5729.05,Recibida
802517,1023,2,2,2026-03-27,2026-04-01,39,38,5729.05,Recibida
802518,1023,2,2,2026-04-13,2026-04-18,36,36,5729.05,Recibida
802519,1023,2,2,2026-04-21,2026-04-26,37,36,5729.05,Recibida
802520,1023,2,2,2026-04-28,2026-05-03,35,34,5729.05,Recibida
802521,1023,2,2,2026-05-03,2026-05-08,34,22,5729.05,Parcial
802522,1023,2,2,2026-05-08,2026-05-14,34,33,5729.05,Recibida
802523,1023,2,2,2026-05-14,2026-05-19,32,32,5729.05,Recibida
802524,1023,2,2,2026-05-19,2026-05-26,35,30,5729.05,Parcial
802525,1023,2,2,2026-05-27,2026-06-02,37,36,5729.05,Recibida
802526,1023,2,2,2026-06-02,2026-06-07,72,70,5729.05,Recibida
802527,1023,2,2,2026-06-11,2026-06-16,40,39,5729.05,Recibida
802528,1023,2,2,2026-06-29,2026-07-06,31,30,5729.05,Recibida
802529,1023,2,2,2026-07-06,2026-07-12,47,46,5729.05,Recibida
802530,1023,2,2,2026-07-24,2026-07-30,26,26,5729.05,Recibida
802531,1023,2,2,2026-08-01,,34,,5729.05,Pendiente
802532,1023,2,3,2025-07-17,2025-07-22,24,24,5729.05,Recibida
802533,1023,2,3,2025-07-26,2025-07-31,17,17,5729.05,Recibida
802534,1023,2,3,2025-07-31,2025-08-05,27,27,5729.05,Recibida
802535,1023,2,3,2025-08-06,2025-08-11,20,20,5729.05,Recibida
802536,1023,2,3,2025-08-11,2025-08-18,28,27,5729.05,Recibida
802537,1023,2,3,2025-08-18,2025-08-24,37,37,5729.05,Recibida
802538,1023,2,3,2025-08-24,2025-08-29,32,32,5729.05,Recibida
802539,1023,2,3,2025-08-29,2025-09-05,33,18,5729.05,Parcial
802540,1023,2,3,2025-09-05,2025-09-10,64,62,5729.05,Recibida
802541,1023,2,3,2025-09-13,2025-09-20,37,37,5729.05,Recibida
802542,1023,2,3,2025-09-22,2025-09-28,36,35,5729.05,Recibida
802543,1023,2,3,2025-09-28,2025-10-03,68,66,5729.05,Recibida
802544,1023,2,3,2025-10-08,2025-10-15,36,36,5729.05,Recibida
802545,1023,2,3,2025-10-15,2025-10-20,43,42,5729.05,Recibida
802546,1023,2,3,2025-10-22,2025-10-28,51,51,5729.05,Recibida
802547,1023,2,3,2025-11-01,2025-11-07,51,50,5729.05,Recibida
802548,1023,2,3,2025-11-19,2025-11-26,36,35,5729.05,Recibida
802549,1023,2,3,2025-11-27,2025-12-03,39,38,5729.05,Recibida
802550,1023,2,3,2025-12-03,2025-12-09,45,44,5729.05,Recibida
802551,1023,2,3,2025-12-09,2025-12-14,50,50,5729.05,Recibida
802552,1023,2,3,2025-12-14,2025-12-19,50,50,5729.05,Recibida
802553,1023,2,3,2025-12-20,2025-12-26,71,71,5729.05,Recibida
802554,1023,2,3,2025-12-26,2026-01-01,55,54,5729.05,Recibida
802555,1023,2,3,2026-01-01,2026-01-07,63,63,5729.05,Recibida
802556,1023,2,3,2026-01-09,2026-01-15,58,57,5729.05,Recibida
802557,1023,2,3,2026-01-21,2026-01-26,62,52,5729.05,Parcial
802558,1023,2,3,2026-01-26,2026-02-01,57,56,5729.05,Recibida
802559,1023,2,3,2026-02-09,2026-02-16,75,75,5729.05,Recibida
802560,1023,2,3,2026-02-19,2026-02-26,56,56,5729.05,Recibida
802561,1023,2,3,2026-02-27,2026-03-05,46,45,5729.05,Recibida
802562,1023,2,3,2026-03-12,2026-03-17,62,40,5729.05,Parcial
802563,1023,2,3,2026-03-19,2026-03-24,42,41,5729.05,Recibida
802564,1023,2,3,2026-04-08,2026-04-15,31,30,5729.05,Recibida
802565,1023,2,3,2026-04-15,2026-04-20,60,60,5729.05,Recibida
802566,1023,2,3,2026-04-20,2026-04-27,36,35,5729.05,Recibida
802567,1023,2,3,2026-04-29,2026-05-04,35,35,5729.05,Recibida
802568,1023,2,3,2026-05-06,2026-05-12,35,0,5729.05,Cancelada
802569,1023,2,3,2026-05-07,2026-05-13,36,36,5729.05,Recibida
802570,1023,2,3,2026-05-16,2026-05-21,35,35,5729.05,Recibida
802571,1023,2,3,2026-05-21,2026-05-28,45,0,5729.05,Cancelada
802572,1023,2,3,2026-05-22,2026-05-27,54,54,5729.05,Recibida
802573,1023,2,3,2026-06-04,2026-06-10,33,19,5729.05,Parcial
802574,1023,2,3,2026-06-13,2026-06-20,28,28,5729.05,Recibida
802575,1023,2,3,2026-06-27,2026-07-02,31,17,5729.05,Parcial
802576,1023,2,3,2026-07-04,2026-07-09,26,25,5729.05,Recibida
802577,1023,2,3,2026-07-16,2026-07-22,22,22,5729.05,Recibida
802578,1023,2,3,2026-07-22,2026-07-28,25,25,5729.05,Recibida
802579,1023,2,3,2026-07-29,,22,,5729.05,Pendiente
802580,1023,2,3,2026-07-30,,28,,5729.05,Pendiente
802581,1023,2,3,2026-07-31,,44,,5729.05,Pendiente
802582,1023,2,3,2026-08-01,,54,,5729.05,Pendiente
802583,1024,2,1,2025-07-11,2025-07-17,113,112,2640.7,Recibida
802584,1024,2,1,2025-07-21,2025-07-28,114,112,2640.7,Recibida
802585,1024,2,1,2025-07-31,2025-08-05,96,96,2640.7,Recibida
802586,1024,2,1,2025-08-05,2025-08-12,102,102,2640.7,Recibida
802587,1024,2,1,2025-08-12,2025-08-18,186,184,2640.7,Recibida
802588,1024,2,1,2025-08-20,2025-08-25,131,130,2640.7,Recibida
802589,1024,2,1,2025-08-25,2025-08-30,115,115,2640.7,Recibida
802590,1024,2,1,2025-08-30,2025-09-06,142,138,2640.7,Recibida
802591,1024,2,1,2025-09-06,2025-09-12,147,146,2640.7,Recibida
802592,1024,2,1,2025-09-12,2025-09-17,141,138,2640.7,Recibida
802593,1024,2,1,2025-09-19,2025-09-25,148,146,2640.7,Recibida
802594,1024,2,1,2025-09-25,2025-09-30,144,140,2640.7,Recibida
802595,1024,2,1,2025-10-04,2025-10-11,146,143,2640.7,Recibida
802596,1024,2,1,2025-10-14,2025-10-21,129,127,2640.7,Recibida
802597,1024,2,1,2025-10-21,2025-10-26,148,97,2640.7,Parcial
802598,1024,2,1,2025-10-28,2025-11-04,143,139,2640.7,Recibida
802599,1024,2,1,2025-11-04,2025-11-10,151,149,2640.7,Recibida
802600,1024,2,1,2025-11-10,2025-11-17,128,128,2640.7,Recibida
802601,1024,2,1,2025-11-19,2025-11-25,133,130,2640.7,Recibida
802602,1024,2,1,2025-11-25,2025-11-30,139,138,2640.7,Recibida
802603,1024,2,1,2025-12-01,2025-12-07,131,130,2640.7,Recibida
802604,1024,2,1,2025-12-07,2025-12-12,230,230,2640.7,Recibida
802605,1024,2,1,2025-12-12,2025-12-19,188,188,2640.7,Recibida
802606,1024,2,1,2025-12-19,2025-12-25,281,273,2640.7,Recibida
802607,1024,2,1,2025-12-25,2025-12-30,231,0,2640.7,Cancelada
802608,1024,2,1,2025-12-26,2026-01-02,272,266,2640.7,Recibida
802609,1024,2,1,2026-01-02,2026-01-08,321,313,2640.7,Recibida
802610,1024,2,1,2026-01-09,2026-01-16,224,218,2640.7,Recibida
802611,1024,2,1,2026-01-17,2026-01-23,221,218,2640.7,Recibida
802612,1024,2,1,2026-01-27,2026-02-01,210,206,2640.7,Recibida
802613,1024,2,1,2026-02-05,2026-02-10,217,215,2640.7,Recibida
802614,1024,2,1,2026-02-15,2026-02-20,184,183,2640.7,Recibida
802615,1024,2,1,2026-02-21,2026-02-26,184,184,2640.7,Recibida
802616,1024,2,1,2026-02-28,2026-03-07,212,207,2640.7,Recibida
802617,1024,2,1,2026-03-10,2026-03-15,183,151,2640.7,Parcial
802618,1024,2,1,2026-03-15,2026-03-20,183,179,2640.7,Recibida
802619,1024,2,1,2026-03-25,2026-03-30,197,193,2640.7,Recibida
802620,1024,2,1,2026-04-04,2026-04-11,169,165,2640.7,Recibida
802621,1024,2,1,2026-04-17,2026-04-23,159,155,2640.7,Recibida
802622,1024,2,1,2026-04-25,2026-04-30,160,159,2640.7,Recibida
802623,1024,2,1,2026-05-04,2026-05-11,131,129,2640.7,Recibida
802624,1024,2,1,2026-05-11,2026-05-16,156,155,2640.7,Recibida
802625,1024,2,1,2026-05-17,2026-05-24,139,138,2640.7,Recibida
802626,1024,2,1,2026-05-26,2026-05-31,148,147,2640.7,Recibida
802627,1024,2,1,2026-06-02,2026-06-08,142,142,2640.7,Recibida
802628,1024,2,1,2026-06-16,2026-06-23,118,115,2640.7,Recibida
802629,1024,2,1,2026-06-27,2026-07-03,104,103,2640.7,Recibida
802630,1024,2,1,2026-07-07,2026-07-14,94,93,2640.7,Recibida
802631,1024,2,1,2026-07-15,2026-07-20,99,97,2640.7,Recibida
802632,1024,2,1,2026-07-21,2026-07-28,100,97,2640.7,Recibida
802633,1024,2,1,2026-07-28,,101,,2640.7,Pendiente
802634,1024,2,1,2026-07-29,,127,,2640.7,Pendiente
802635,1024,2,1,2026-07-30,,151,,2640.7,Pendiente
802636,1024,2,1,2026-07-31,,194,,2640.7,Pendiente
802637,1024,2,1,2026-08-01,,214,,2640.7,Pendiente
802638,1024,2,2,2025-07-05,2025-07-11,143,142,2640.7,Recibida
802639,1024,2,2,2025-07-17,2025-07-22,135,133,2640.7,Recibida
802640,1024,2,2,2025-07-28,2025-08-02,97,0,2640.7,Cancelada
802641,1024,2,2,2025-07-29,2025-08-03,114,69,2640.7,Parcial
802642,1024,2,2,2025-08-03,2025-08-09,125,125,2640.7,Recibida
802643,1024,2,2,2025-08-09,2025-08-16,96,94,2640.7,Recibida
802644,1024,2,2,2025-08-17,2025-08-22,99,96,2640.7,Recibida
802645,1024,2,2,2025-08-23,2025-08-28,102,99,2640.7,Recibida
802646,1024,2,2,2025-09-02,2025-09-08,92,0,2640.7,Cancelada
802647,1024,2,2,2025-09-03,2025-09-09,111,108,2640.7,Recibida
802648,1024,2,2,2025-09-09,2025-09-16,101,86,2640.7,Parcial
802649,1024,2,2,2025-09-16,2025-09-21,150,146,2640.7,Recibida
802650,1024,2,2,2025-09-23,2025-09-28,105,103,2640.7,Recibida
802651,1024,2,2,2025-09-28,2025-10-04,128,105,2640.7,Parcial
802652,1024,2,2,2025-10-05,2025-10-11,118,117,2640.7,Recibida
802653,1024,2,2,2025-10-14,2025-10-21,125,123,2640.7,Recibida
802654,1024,2,2,2025-10-22,2025-10-28,117,114,2640.7,Recibida
802655,1024,2,2,2025-10-31,2025-11-05,113,111,2640.7,Recibida
802656,1024,2,2,2025-11-07,2025-11-12,103,102,2640.7,Recibida
802657,1024,2,2,2025-11-17,2025-11-22,104,104,2640.7,Recibida
802658,1024,2,2,2025-11-23,2025-11-30,104,102,2640.7,Recibida
802659,1024,2,2,2025-11-30,2025-12-07,167,164,2640.7,Recibida
802660,1024,2,2,2025-12-07,2025-12-13,146,144,2640.7,Recibida
802661,1024,2,2,2025-12-13,2025-12-18,224,220,2640.7,Recibida
802662,1024,2,2,2025-12-18,2025-12-24,165,163,2640.7,Recibida
802663,1024,2,2,2025-12-24,2025-12-29,253,251,2640.7,Recibida
802664,1024,2,2,2025-12-29,2026-01-04,211,207,2640.7,Recibida
802665,1024,2,2,2026-01-04,2026-01-10,361,360,2640.7,Recibida
802666,1024,2,2,2026-01-11,2026-01-18,217,168,2640.7,Parcial
802667,1024,2,2,2026-01-18,2026-01-25,245,238,2640.7,Recibida
802668,1024,2,2,2026-01-31,2026-02-05,242,242,2640.7,Recibida
802669,1024,2,2,2026-02-11,2026-02-17,190,138,2640.7,Parcial
802670,1024,2,2,2026-02-19,2026-02-24,171,106,2640.7,Parcial
802671,1024,2,2,2026-02-25,2026-03-03,164,163,2640.7,Recibida
802672,1024,2,2,2026-03-07,2026-03-13,182,179,2640.7,Recibida
802673,1024,2,2,2026-03-17,2026-03-24,142,141,2640.7,Recibida
802674,1024,2,2,2026-03-27,2026-04-01,130,126,2640.7,Recibida
802675,1024,2,2,2026-04-07,2026-04-12,118,117,2640.7,Recibida
802676,1024,2,2,2026-04-15,2026-04-21,114,113,2640.7,Recibida
802677,1024,2,2,2026-04-22,2026-04-29,123,0,2640.7,Cancelada
802678,1024,2,2,2026-04-23,2026-04-28,145,141,2640.7,Recibida
802679,1024,2,2,2026-05-01,2026-05-08,114,111,2640.7,Recibida
802680,1024,2,2,2026-05-09,2026-05-16,147,144,2640.7,Recibida
802681,1024,2,2,2026-05-18,2026-05-24,144,141,2640.7,Recibida
802682,1024,2,2,2026-05-24,2026-05-31,136,132,2640.7,Recibida
802683,1024,2,2,2026-06-03,2026-06-08,111,111,2640.7,Recibida
802684,1024,2,2,2026-06-14,2026-06-20,104,0,2640.7,Cancelada
802685,1024,2,2,2026-06-16,2026-06-23,107,107,2640.7,Recibida
802686,1024,2,2,2026-06-27,2026-07-03,103,102,2640.7,Recibida
802687,1024,2,2,2026-07-06,2026-07-11,86,52,2640.7,Parcial
802688,1024,2,2,2026-07-13,2026-07-18,84,83,2640.7,Recibida
802689,1024,2,2,2026-07-21,2026-07-26,85,84,2640.7,Recibida
802690,1024,2,2,2026-07-26,2026-08-01,88,87,2640.7,Recibida
802691,1024,2,3,2025-07-24,2025-07-30,46,45,2640.7,Recibida
802692,1024,2,3,2025-07-30,2025-08-04,76,58,2640.7,Parcial
802693,1024,2,3,2025-08-04,2025-08-11,103,102,2640.7,Recibida
802694,1024,2,3,2025-08-11,2025-08-18,75,57,2640.7,Parcial
802695,1024,2,3,2025-08-18,2025-08-24,109,76,2640.7,Parcial
802696,1024,2,3,2025-08-24,2025-08-31,120,0,2640.7,Cancelada
802697,1024,2,3,2025-08-25,2025-08-30,127,126,2640.7,Recibida
802698,1024,2,3,2025-08-30,2025-09-05,88,87,2640.7,Recibida
802699,1024,2,3,2025-09-05,2025-09-10,89,88,2640.7,Recibida
802700,1024,2,3,2025-09-12,2025-09-18,98,96,2640.7,Recibida
802701,1024,2,3,2025-09-19,2025-09-24,99,98,2640.7,Recibida
802702,1024,2,3,2025-09-27,2025-10-04,98,98,2640.7,Recibida
802703,1024,2,3,2025-10-04,2025-10-10,117,117,2640.7,Recibida
802704,1024,2,3,2025-10-10,2025-10-17,156,154,2640.7,Recibida
802705,1024,2,3,2025-10-17,2025-10-22,111,111,2640.7,Recibida
802706,1024,2,3,2025-10-25,2025-11-01,125,123,2640.7,Recibida
802707,1024,2,3,2025-11-01,2025-11-06,119,117,2640.7,Recibida
802708,1024,2,3,2025-11-10,2025-11-17,122,75,2640.7,Parcial
802709,1024,2,3,2025-11-17,2025-11-24,128,124,2640.7,Recibida
802710,1024,2,3,2025-11-29,2025-12-04,103,100,2640.7,Recibida
802711,1024,2,3,2025-12-04,2025-12-10,144,143,2640.7,Recibida
802712,1024,2,3,2025-12-10,2025-12-15,189,184,2640.7,Recibida
802713,1024,2,3,2025-12-15,2025-12-20,220,215,2640.7,Recibida
802714,1024,2,3,2025-12-21,2025-12-28,147,115,2640.7,Parcial
802715,1024,2,3,2025-12-28,2026-01-04,241,150,2640.7,Parcial
802716,1024,2,3,2026-01-04,2026-01-09,264,258,2640.7,Recibida
802717,1024,2,3,2026-01-11,2026-01-17,184,183,2640.7,Recibida
802718,1024,2,3,2026-01-19,2026-01-25,190,185,2640.7,Recibida
802719,1024,2,3,2026-01-29,2026-02-05,163,0,2640.7,Cancelada
802720,1024,2,3,2026-01-30,2026-02-05,189,147,2640.7,Parcial
802721,1024,2,3,2026-02-06,2026-02-12,149,119,2640.7,Parcial
802722,1024,2,3,2026-02-12,2026-02-17,160,159,2640.7,Recibida
802723,1024,2,3,2026-02-22,2026-03-01,149,146,2640.7,Recibida
802724,1024,2,3,2026-03-07,2026-03-14,139,137,2640.7,Recibida
802725,1024,2,3,2026-03-20,2026-03-27,122,119,2640.7,Recibida
802726,1024,2,3,2026-03-30,2026-04-04,113,111,2640.7,Recibida
802727,1024,2,3,2026-04-05,2026-04-12,112,109,2640.7,Recibida
802728,1024,2,3,2026-04-17,2026-04-24,94,92,2640.7,Recibida
802729,1024,2,3,2026-04-24,2026-04-29,122,122,2640.7,Recibida
802730,1024,2,3,2026-05-02,2026-05-07,121,119,2640.7,Recibida
802731,1024,2,3,2026-05-09,2026-05-16,115,86,2640.7,Parcial
802732,1024,2,3,2026-05-16,2026-05-23,98,61,2640.7,Parcial
802733,1024,2,3,2026-05-23,2026-05-29,124,123,2640.7,Recibida
802734,1024,2,3,2026-05-29,2026-06-04,99,97,2640.7,Recibida
802735,1024,2,3,2026-06-11,2026-06-16,104,104,2640.7,Recibida
802736,1024,2,3,2026-06-24,2026-06-30,76,75,2640.7,Recibida
802737,1024,2,3,2026-07-02,2026-07-08,75,75,2640.7,Recibida
802738,1024,2,3,2026-07-09,2026-07-14,76,75,2640.7,Recibida
802739,1024,2,3,2026-07-19,2026-07-24,71,42,2640.7,Parcial
802740,1024,2,3,2026-07-24,2026-07-29,70,70,2640.7,Recibida
802741,1024,2,3,2026-08-01,,71,,2640.7,Pendiente
802742,1025,3,1,2025-07-09,2025-07-14,49,49,1142.53,Recibida
802743,1025,3,1,2025-07-17,2025-07-24,58,57,1142.53,Recibida
802744,1025,3,1,2025-07-26,2025-08-01,72,72,1142.53,Recibida
802745,1025,3,1,2025-08-10,2025-08-16,61,60,1142.53,Recibida
802746,1025,3,1,2025-08-19,2025-08-24,57,57,1142.53,Recibida
802747,1025,3,1,2025-08-27,2025-09-03,63,61,1142.53,Recibida
802748,1025,3,1,2025-09-10,2025-09-17,62,42,1142.53,Parcial
802749,1025,3,1,2025-09-18,2025-09-23,66,51,1142.53,Parcial
802750,1025,3,1,2025-09-27,2025-10-03,76,74,1142.53,Recibida
802751,1025,3,1,2025-10-13,2025-10-19,54,52,1142.53,Recibida
802752,1025,3,1,2025-10-23,2025-10-30,57,57,1142.53,Recibida
802753,1025,3,1,2025-11-01,2025-11-07,76,54,1142.53,Parcial
802754,1025,3,1,2025-11-10,2025-11-16,66,65,1142.53,Recibida
802755,1025,3,1,2025-11-20,2025-11-26,64,64,1142.53,Recibida
802756,1025,3,1,2025-11-26,2025-12-02,66,45,1142.53,Parcial
802757,1025,3,1,2025-12-05,2025-12-10,73,72,1142.53,Recibida
802758,1025,3,1,2025-12-13,2025-12-20,100,100,1142.53,Recibida
802759,1025,3,1,2025-12-24,2025-12-31,84,49,1142.53,Parcial
802760,1025,3,1,2025-12-31,2026-01-06,107,87,1142.53,Parcial
802761,1025,3,1,2026-01-10,2026-01-16,89,73,1142.53,Parcial
802762,1025,3,1,2026-01-28,2026-02-03,73,72,1142.53,Recibida
802763,1025,3,1,2026-02-16,2026-02-21,77,76,1142.53,Recibida
802764,1025,3,1,2026-03-03,2026-03-10,52,51,1142.53,Recibida
802765,1025,3,1,2026-03-11,2026-03-17,52,38,1142.53,Parcial
802766,1025,3,1,2026-03-19,2026-03-25,59,58,1142.53,Recibida
802767,1025,3,1,2026-03-30,2026-04-06,56,54,1142.53,Recibida
802768,1025,3,1,2026-04-13,2026-04-18,58,37,1142.53,Parcial
802769,1025,3,1,2026-04-21,2026-04-27,49,49,1142.53,Recibida
802770,1025,3,1,2026-04-30,2026-05-07,53,52,1142.53,Recibida
802771,1025,3,1,2026-05-09,2026-05-16,56,55,1142.53,Recibida
802772,1025,3,1,2026-05-18,2026-05-25,56,37,1142.53,Parcial
802773,1025,3,1,2026-05-25,2026-05-30,64,63,1142.53,Recibida
802774,1025,3,1,2026-06-11,2026-06-18,55,38,1142.53,Parcial
802775,1025,3,1,2026-06-20,2026-06-27,48,47,1142.53,Recibida
802776,1025,3,1,2026-07-04,2026-07-10,46,45,1142.53,Recibida
802777,1025,3,1,2026-07-14,2026-07-19,44,44,1142.53,Recibida
802778,1025,3,1,2026-07-25,2026-07-30,60,60,1142.53,Recibida
802779,1025,3,1,2026-08-01,,51,,1142.53,Pendiente
802780,1025,3,2,2025-07-10,2025-07-17,44,0,1142.53,Cancelada
802781,1025,3,2,2025-07-11,2025-07-16,49,35,1142.53,Parcial
802782,1025,3,2,2025-07-18,2025-07-25,54,54,1142.53,Recibida
802783,1025,3,2,2025-08-06,2025-08-13,34,33,1142.53,Recibida
802784,1025,3,2,2025-08-16,2025-08-22,34,33,1142.53,Recibida
802785,1025,3,2,2025-08-29,2025-09-05,31,30,1142.53,Recibida
802786,1025,3,2,2025-09-09,2025-09-14,36,35,1142.53,Recibida
802787,1025,3,2,2025-09-18,2025-09-23,32,31,1142.53,Recibida
802788,1025,3,2,2025-09-23,2025-09-28,38,37,1142.53,Recibida
802789,1025,3,2,2025-09-30,2025-10-05,47,46,1142.53,Recibida
802790,1025,3,2,2025-10-09,2025-10-14,46,0,1142.53,Cancelada
802791,1025,3,2,2025-10-10,2025-10-15,59,58,1142.53,Recibida
802792,1025,3,2,2025-10-18,2025-10-25,56,55,1142.53,Recibida
802793,1025,3,2,2025-10-30,2025-11-04,60,60,1142.53,Recibida
802794,1025,3,2,2025-11-12,2025-11-18,65,37,1142.53,Parcial
802795,1025,3,2,2025-11-23,2025-11-29,48,47,1142.53,Recibida
802796,1025,3,2,2025-12-04,2025-12-09,56,55,1142.53,Recibida
802797,1025,3,2,2025-12-11,2025-12-18,61,60,1142.53,Recibida
802798,1025,3,2,2025-12-23,2025-12-28,62,61,1142.53,Recibida
802799,1025,3,2,2025-12-28,2026-01-04,64,63,1142.53,Recibida
802800,1025,3,2,2026-01-07,2026-01-14,68,41,1142.53,Parcial
802801,1025,3,2,2026-01-17,2026-01-24,84,83,1142.53,Recibida
802802,1025,3,2,2026-01-31,2026-02-05,75,74,1142.53,Recibida
802803,1025,3,2,2026-02-14,2026-02-20,58,58,1142.53,Recibida
802804,1025,3,2,2026-03-04,2026-03-11,51,50,1142.53,Recibida
802805,1025,3,2,2026-03-20,2026-03-26,44,44,1142.53,Recibida
802806,1025,3,2,2026-03-28,2026-04-02,42,42,1142.53,Recibida
802807,1025,3,2,2026-04-10,2026-04-16,42,0,1142.53,Cancelada
802808,1025,3,2,2026-04-11,2026-04-18,48,0,1142.53,Cancelada
802809,1025,3,2,2026-04-12,2026-04-19,57,56,1142.53,Recibida
802810,1025,3,2,2026-04-22,2026-04-27,40,39,1142.53,Recibida
802811,1025,3,2,2026-05-01,2026-05-06,43,37,1142.53,Parcial
802812,1025,3,2,2026-05-08,2026-05-15,45,44,1142.53,Recibida
802813,1025,3,2,2026-05-17,2026-05-23,48,47,1142.53,Recibida
802814,1025,3,2,2026-06-04,2026-06-10,42,28,1142.53,Parcial
802815,1025,3,2,2026-06-10,2026-06-17,45,44,1142.53,Recibida
802816,1025,3,2,2026-06-22,2026-06-27,37,36,1142.53,Recibida
802817,1025,3,2,2026-07-02,2026-07-08,43,43,1142.53,Recibida
802818,1025,3,2,2026-07-10,2026-07-17,47,46,1142.53,Recibida
802819,1025,3,2,2026-07-30,,34,,1142.53,Pendiente
802820,1025,3,2,2026-07-31,,40,,1142.53,Pendiente
802821,1025,3,2,2026-08-01,,52,,1142.53,Pendiente
802822,1025,3,3,2025-07-05,2025-07-11,35,34,1142.53,Recibida
802823,1025,3,3,2025-07-14,2025-07-21,38,37,1142.53,Recibida
802824,1025,3,3,2025-07-27,2025-08-01,34,27,1142.53,Parcial
802825,1025,3,3,2025-08-10,2025-08-15,32,31,1142.53,Recibida
802826,1025,3,3,2025-08-19,2025-08-26,31,31,1142.53,Recibida
802827,1025,3,3,2025-08-29,2025-09-03,35,35,1142.53,Recibida
802828,1025,3,3,2025-09-07,2025-09-12,42,35,1142.53,Parcial
802829,1025,3,3,2025-09-13,2025-09-18,44,43,1142.53,Recibida
802830,1025,3,3,2025-09-26,2025-10-03,48,48,1142.53,Recibida
802831,1025,3,3,2025-10-06,2025-10-12,42,41,1142.53,Recibida
802832,1025,3,3,2025-11-04,2025-11-11,41,41,1142.53,Recibida
802833,1025,3,3,2025-11-19,2025-11-24,33,26,1142.53,Parcial
802834,1025,3,3,2025-11-25,2025-12-01,29,29,1142.53,Recibida
802835,1025,3,3,2025-12-03,2025-12-09,41,40,1142.53,Recibida
802836,1025,3,3,2025-12-11,2025-12-17,37,37,1142.53,Recibida
802837,1025,3,3,2025-12-19,2025-12-25,46,29,1142.53,Parcial
802838,1025,3,3,2025-12-25,2026-01-01,71,70,1142.53,Recibida
802839,1025,3,3,2026-01-10,2026-01-16,73,72,1142.53,Recibida
802840,1025,3,3,2026-02-09,2026-02-15,43,43,1142.53,Recibida
802841,1025,3,3,2026-02-26,2026-03-04,31,31,1142.53,Recibida
802842,1025,3,3,2026-03-07,2026-03-12,33,33,1142.53,Recibida
802843,1025,3,3,2026-03-14,2026-03-20,33,32,1142.53,Recibida
802844,1025,3,3,2026-03-21,2026-03-27,41,40,1142.53,Recibida
802845,1025,3,3,2026-03-30,2026-04-04,37,37,1142.53,Recibida
802846,1025,3,3,2026-04-07,2026-04-12,46,46,1142.53,Recibida
802847,1025,3,3,2026-04-16,2026-04-23,44,44,1142.53,Recibida
802848,1025,3,3,2026-04-30,2026-05-05,54,53,1142.53,Recibida
802849,1025,3,3,2026-05-07,2026-05-13,45,45,1142.53,Recibida
802850,1025,3,3,2026-05-26,2026-05-31,39,38,1142.53,Recibida
802851,1025,3,3,2026-06-03,2026-06-10,40,40,1142.53,Recibida
802852,1025,3,3,2026-06-20,2026-06-26,39,38,1142.53,Recibida
802853,1025,3,3,2026-06-27,2026-07-02,51,51,1142.53,Recibida
802854,1025,3,3,2026-07-11,2026-07-17,35,31,1142.53,Parcial
802855,1025,3,3,2026-07-25,2026-08-01,34,33,1142.53,Recibida
802856,1026,3,1,2025-07-07,2025-07-12,16,16,2257.15,Recibida
802857,1026,3,1,2025-07-16,2025-07-22,17,0,2257.15,Cancelada
802858,1026,3,1,2025-07-17,2025-07-22,18,18,2257.15,Recibida
802859,1026,3,1,2025-07-25,2025-07-30,18,0,2257.15,Cancelada
802860,1026,3,1,2025-07-26,2025-07-31,19,19,2257.15,Recibida
802861,1026,3,1,2025-09-05,2025-09-11,8,8,2257.15,Recibida
802862,1026,3,1,2025-09-19,2025-09-25,9,9,2257.15,Recibida
802863,1026,3,1,2025-09-27,2025-10-01,9,9,2257.15,Recibida
802864,1026,3,1,2025-10-10,2025-10-14,9,9,2257.15,Recibida
802865,1026,3,1,2025-10-22,2025-10-26,8,8,2257.15,Recibida
802866,1026,3,1,2025-10-29,2025-11-04,10,10,2257.15,Recibida
802867,1026,3,1,2025-11-10,2025-11-16,11,11,2257.15,Recibida
802868,1026,3,1,2025-11-26,2025-12-02,10,10,2257.15,Recibida
802869,1026,3,1,2025-12-06,2025-12-10,11,11,2257.15,Recibida
802870,1026,3,1,2025-12-12,2025-12-17,15,15,2257.15,Recibida
802871,1026,3,1,2025-12-20,2025-12-26,13,13,2257.15,Recibida
802872,1026,3,1,2025-12-28,2026-01-03,14,14,2257.15,Recibida
802873,1026,3,1,2026-01-07,2026-01-13,17,17,2257.15,Recibida
802874,1026,3,1,2026-02-05,2026-02-09,11,11,2257.15,Recibida
802875,1026,3,1,2026-03-04,2026-03-09,8,8,2257.15,Recibida
802876,1026,3,1,2026-03-14,2026-03-20,8,8,2257.15,Recibida
802877,1026,3,1,2026-03-23,2026-03-27,8,8,2257.15,Recibida
802878,1026,3,1,2026-04-01,2026-04-06,8,8,2257.15,Recibida
802879,1026,3,1,2026-04-14,2026-04-19,8,8,2257.15,Recibida
802880,1026,3,1,2026-04-23,2026-04-27,8,8,2257.15,Recibida
802881,1026,3,1,2026-05-01,2026-05-07,10,8,2257.15,Parcial
802882,1026,3,1,2026-05-09,2026-05-15,14,14,2257.15,Recibida
802883,1026,3,1,2026-05-17,2026-05-22,11,11,2257.15,Recibida
802884,1026,3,1,2026-06-05,2026-06-10,12,12,2257.15,Recibida
802885,1026,3,1,2026-06-12,2026-06-18,11,11,2257.15,Recibida
802886,1026,3,1,2026-06-22,2026-06-28,13,13,2257.15,Recibida
802887,1026,3,1,2026-07-03,2026-07-08,12,12,2257.15,Recibida
802888,1026,3,1,2026-07-28,2026-08-01,9,7,2257.15,Parcial
802889,1026,3,2,2025-07-18,2025-07-23,5,4,2257.15,Parcial
802890,1026,3,2,2025-07-24,2025-07-30,6,6,2257.15,Recibida
802891,1026,3,2,2025-08-13,2025-08-18,6,6,2257.15,Recibida
802892,1026,3,2,2025-08-23,2025-08-28,6,3,2257.15,Parcial
802893,1026,3,2,2025-08-28,2025-09-02,7,7,2257.15,Recibida
802894,1026,3,2,2025-09-11,2025-09-16,8,8,2257.15,Recibida
802895,1026,3,2,2025-09-25,2025-10-01,7,7,2257.15,Recibida
802896,1026,3,2,2025-10-12,2025-10-18,6,3,2257.15,Parcial
802897,1026,3,2,2025-10-18,2025-10-23,6,6,2257.15,Recibida
802898,1026,3,2,2025-10-26,2025-10-30,7,7,2257.15,Recibida
802899,1026,3,2,2025-11-06,2025-11-10,7,7,2257.15,Recibida
802900,1026,3,2,2025-11-15,2025-11-19,8,8,2257.15,Recibida
802901,1026,3,2,2025-11-27,2025-12-03,8,5,2257.15,Parcial
802902,1026,3,2,2025-12-04,2025-12-09,9,7,2257.15,Parcial
802903,1026,3,2,2025-12-10,2025-12-15,8,8,2257.15,Recibida
802904,1026,3,2,2025-12-17,2025-12-22,11,11,2257.15,Recibida
802905,1026,3,2,2025-12-27,2026-01-02,12,12,2257.15,Recibida
802906,1026,3,2,2026-01-08,2026-01-14,11,11,2257.15,Recibida
802907,1026,3,2,2026-01-23,2026-01-27,11,11,2257.15,Recibida
802908,1026,3,2,2026-02-07,2026-02-12,10,10,2257.15,Recibida
802909,1026,3,2,2026-03-07,2026-03-11,6,6,2257.15,Recibida
802910,1026,3,2,2026-03-18,2026-03-23,6,6,2257.15,Recibida
802911,1026,3,2,2026-03-27,2026-04-01,7,7,2257.15,Recibida
802912,1026,3,2,2026-04-12,2026-04-18,7,7,2257.15,Recibida
802913,1026,3,2,2026-04-18,2026-04-24,7,7,2257.15,Recibida
802914,1026,3,2,2026-04-30,2026-05-06,8,8,2257.15,Recibida
802915,1026,3,2,2026-05-14,2026-05-18,8,8,2257.15,Recibida
802916,1026,3,2,2026-06-01,2026-06-07,7,7,2257.15,Recibida
802917,1026,3,2,2026-06-14,2026-06-19,6,6,2257.15,Recibida
802918,1026,3,2,2026-06-27,2026-07-01,6,0,2257.15,Cancelada
802919,1026,3,2,2026-06-28,2026-07-02,6,6,2257.15,Recibida
802920,1026,3,2,2026-07-06,2026-07-10,6,5,2257.15,Parcial
802921,1026,3,2,2026-07-15,2026-07-20,12,7,2257.15,Parcial
802922,1026,3,2,2026-07-22,2026-07-27,8,8,2257.15,Recibida
802923,1026,3,3,2025-07-05,2025-07-09,6,4,2257.15,Parcial
802924,1026,3,3,2025-07-20,2025-07-25,8,8,2257.15,Recibida
802925,1026,3,3,2025-07-29,2025-08-04,10,10,2257.15,Recibida
802926,1026,3,3,2025-08-15,2025-08-20,7,4,2257.15,Parcial
802927,1026,3,3,2025-08-20,2025-08-24,7,7,2257.15,Recibida
802928,1026,3,3,2025-09-04,2025-09-09,8,8,2257.15,Recibida
802929,1026,3,3,2025-09-20,2025-09-25,7,7,2257.15,Recibida
802930,1026,3,3,2025-09-26,2025-09-30,10,10,2257.15,Recibida
802931,1026,3,3,2025-10-29,2025-11-03,5,5,2257.15,Recibida
802932,1026,3,3,2025-11-05,2025-11-11,5,5,2257.15,Recibida
802933,1026,3,3,2025-11-12,2025-11-18,7,7,2257.15,Recibida
802934,1026,3,3,2025-11-28,2025-12-04,8,8,2257.15,Recibida
802935,1026,3,3,2025-12-08,2025-12-14,12,12,2257.15,Recibida
802936,1026,3,3,2025-12-23,2025-12-29,9,6,2257.15,Parcial
802937,1026,3,3,2025-12-29,2026-01-04,14,11,2257.15,Parcial
802938,1026,3,3,2026-01-22,2026-01-27,10,10,2257.15,Recibida
802939,1026,3,3,2026-02-07,2026-02-12,10,10,2257.15,Recibida
802940,1026,3,3,2026-02-20,2026-02-24,6,6,2257.15,Recibida
802941,1026,3,3,2026-02-28,2026-03-06,8,8,2257.15,Recibida
802942,1026,3,3,2026-03-15,2026-03-20,12,12,2257.15,Recibida
802943,1026,3,3,2026-03-31,2026-04-05,9,9,2257.15,Recibida
802944,1026,3,3,2026-04-10,2026-04-15,8,8,2257.15,Recibida
802945,1026,3,3,2026-04-18,2026-04-22,9,9,2257.15,Recibida
802946,1026,3,3,2026-05-09,2026-05-14,12,12,2257.15,Recibida
802947,1026,3,3,2026-05-23,2026-05-28,10,10,2257.15,Recibida
802948,1026,3,3,2026-06-10,2026-06-14,8,8,2257.15,Recibida
802949,1026,3,3,2026-07-04,2026-07-10,8,8,2257.15,Recibida
802950,1026,3,3,2026-07-24,2026-07-30,6,6,2257.15,Recibida
802951,1027,3,1,2025-07-03,2025-07-09,71,69,1824.1,Recibida
802952,1027,3,1,2025-07-09,2025-07-15,117,114,1824.1,Recibida
802953,1027,3,1,2025-07-18,2025-07-23,115,0,1824.1,Cancelada
802954,1027,3,1,2025-07-19,2025-07-25,186,183,1824.1,Recibida
802955,1027,3,1,2025-08-17,2025-08-24,79,78,1824.1,Recibida
802956,1027,3,1,2025-08-30,2025-09-06,78,77,1824.1,Recibida
802957,1027,3,1,2025-09-09,2025-09-16,77,43,1824.1,Parcial
802958,1027,3,1,2025-09-16,2025-09-23,92,90,1824.1,Recibida
802959,1027,3,1,2025-09-26,2025-10-01,78,76,1824.1,Recibida
802960,1027,3,1,2025-10-08,2025-10-15,76,48,1824.1,Parcial
802961,1027,3,1,2025-10-15,2025-10-20,77,59,1824.1,Parcial
802962,1027,3,1,2025-10-31,2025-11-06,73,73,1824.1,Recibida
802963,1027,3,1,2025-11-12,2025-11-17,62,61,1824.1,Recibida
802964,1027,3,1,2025-11-20,2025-11-25,57,36,1824.1,Parcial
802965,1027,3,1,2025-11-26,2025-12-02,58,57,1824.1,Recibida
802966,1027,3,1,2025-12-02,2025-12-08,70,70,1824.1,Recibida
802967,1027,3,1,2025-12-08,2025-12-13,82,0,1824.1,Cancelada
802968,1027,3,1,2025-12-09,2025-12-16,84,82,1824.1,Recibida
802969,1027,3,1,2025-12-16,2025-12-21,103,102,1824.1,Recibida
802970,1027,3,1,2025-12-23,2025-12-30,98,98,1824.1,Recibida
802971,1027,3,1,2025-12-30,2026-01-06,130,127,1824.1,Recibida
802972,1027,3,1,2026-01-16,2026-01-21,106,77,1824.1,Parcial
802973,1027,3,1,2026-01-26,2026-02-02,111,108,1824.1,Recibida
802974,1027,3,1,2026-02-11,2026-02-18,90,88,1824.1,Recibida
802975,1027,3,1,2026-02-23,2026-02-28,88,52,1824.1,Parcial
802976,1027,3,1,2026-03-03,2026-03-09,79,78,1824.1,Recibida
802977,1027,3,1,2026-03-14,2026-03-20,83,81,1824.1,Recibida
802978,1027,3,1,2026-03-21,2026-03-28,79,79,1824.1,Recibida
802979,1027,3,1,2026-03-31,2026-04-05,79,78,1824.1,Recibida
802980,1027,3,1,2026-04-11,2026-04-18,97,94,1824.1,Recibida
802981,1027,3,1,2026-04-21,2026-04-27,92,89,1824.1,Recibida
802982,1027,3,1,2026-05-03,2026-05-08,86,86,1824.1,Recibida
802983,1027,3,1,2026-05-14,2026-05-21,82,82,1824.1,Recibida
802984,1027,3,1,2026-06-02,2026-06-09,83,83,1824.1,Recibida
802985,1027,3,1,2026-06-19,2026-06-25,89,89,1824.1,Recibida
802986,1027,3,1,2026-07-02,2026-07-07,61,61,1824.1,Recibida
802987,1027,3,1,2026-07-14,2026-07-19,58,57,1824.1,Recibida
802988,1027,3,1,2026-07-26,2026-08-01,58,57,1824.1,Recibida
802989,1027,3,1,2026-08-01,,63,,1824.1,Pendiente
802990,1027,3,2,2025-07-03,2025-07-10,55,54,1824.1,Recibida
802991,1027,3,2,2025-07-16,2025-07-21,82,80,1824.1,Recibida
802992,1027,3,2,2025-07-31,2025-08-06,51,50,1824.1,Recibida
802993,1027,3,2,2025-08-09,2025-08-15,53,52,1824.1,Recibida
802994,1027,3,2,2025-08-23,2025-08-29,54,48,1824.1,Parcial
802995,1027,3,2,2025-08-30,2025-09-04,60,54,1824.1,Parcial
802996,1027,3,2,2025-09-12,2025-09-17,73,45,1824.1,Parcial
802997,1027,3,2,2025-09-17,2025-09-22,50,50,1824.1,Recibida
802998,1027,3,2,2025-09-29,2025-10-06,54,53,1824.1,Recibida
802999,1027,3,2,2025-10-06,2025-10-11,66,65,1824.1,Recibida
803000,1027,3,2,2025-10-20,2025-10-25,64,64,1824.1,Recibida
803001,1027,3,2,2025-11-01,2025-11-07,60,60,1824.1,Recibida
803002,1027,3,2,2025-11-14,2025-11-19,53,52,1824.1,Recibida
803003,1027,3,2,2025-11-30,2025-12-06,48,48,1824.1,Recibida
803004,1027,3,2,2025-12-06,2025-12-13,78,78,1824.1,Recibida
803005,1027,3,2,2025-12-19,2025-12-25,68,66,1824.1,Recibida
803006,1027,3,2,2025-12-25,2026-01-01,89,86,1824.1,Recibida
803007,1027,3,2,2026-01-06,2026-01-12,79,78,1824.1,Recibida
803008,1027,3,2,2026-01-16,2026-01-23,91,60,1824.1,Parcial
803009,1027,3,2,2026-01-23,2026-01-28,101,100,1824.1,Recibida
803010,1027,3,2,2026-02-18,2026-02-24,61,60,1824.1,Recibida
803011,1027,3,2,2026-03-04,2026-03-11,66,65,1824.1,Recibida
803012,1027,3,2,2026-03-18,2026-03-24,55,33,1824.1,Parcial
803013,1027,3,2,2026-03-24,2026-03-31,57,57,1824.1,Recibida
803014,1027,3,2,2026-04-02,2026-04-08,55,55,1824.1,Recibida
803015,1027,3,2,2026-04-11,2026-04-18,72,71,1824.1,Recibida
803016,1027,3,2,2026-04-23,2026-04-28,61,61,1824.1,Recibida
803017,1027,3,2,2026-05-08,2026-05-14,82,80,1824.1,Recibida
803018,1027,3,2,2026-05-26,2026-06-02,47,47,1824.1,Recibida
803019,1027,3,2,2026-06-03,2026-06-10,52,51,1824.1,Recibida
803020,1027,3,2,2026-06-14,2026-06-21,59,58,1824.1,Recibida
803021,1027,3,2,2026-06-27,2026-07-04,54,53,1824.1,Recibida
803022,1027,3,2,2026-07-04,2026-07-09,54,54,1824.1,Recibida
803023,1027,3,2,2026-07-12,2026-07-17,57,56,1824.1,Recibida
803024,1027,3,2,2026-07-23,2026-07-30,56,55,1824.1,Recibida
803025,1027,3,3,2025-07-05,2025-07-12,52,51,1824.1,Recibida
803026,1027,3,3,2025-07-17,2025-07-23,61,34,1824.1,Parcial
803027,1027,3,3,2025-07-25,2025-07-31,42,0,1824.1,Cancelada
803028,1027,3,3,2025-07-26,2025-08-01,52,52,1824.1,Recibida
803029,1027,3,3,2025-08-11,2025-08-17,39,39,1824.1,Recibida
803030,1027,3,3,2025-08-19,2025-08-25,51,31,1824.1,Parcial
803031,1027,3,3,2025-08-28,2025-09-02,42,42,1824.1,Recibida
803032,1027,3,3,2025-09-06,2025-09-11,42,37,1824.1,Parcial
803033,1027,3,3,2025-09-15,2025-09-21,39,38,1824.1,Recibida
803034,1027,3,3,2025-09-24,2025-09-30,47,46,1824.1,Recibida
803035,1027,3,3,2025-10-01,2025-10-07,47,46,1824.1,Recibida
803036,1027,3,3,2025-10-18,2025-10-23,44,0,1824.1,Cancelada
803037,1027,3,3,2025-10-19,2025-10-24,47,46,1824.1,Recibida
803038,1027,3,3,2025-11-02,2025-11-07,39,27,1824.1,Parcial
803039,1027,3,3,2025-11-08,2025-11-15,40,40,1824.1,Recibida
803040,1027,3,3,2025-11-23,2025-11-29,34,34,1824.1,Recibida
803041,1027,3,3,2025-11-29,2025-12-06,36,36,1824.1,Recibida
803042,1027,3,3,2025-12-08,2025-12-14,45,44,1824.1,Recibida
803043,1027,3,3,2025-12-15,2025-12-20,55,54,1824.1,Recibida
803044,1027,3,3,2025-12-20,2025-12-25,65,64,1824.1,Recibida
803045,1027,3,3,2025-12-26,2026-01-01,74,73,1824.1,Recibida
803046,1027,3,3,2026-01-02,2026-01-07,69,69,1824.1,Recibida
803047,1027,3,3,2026-01-14,2026-01-21,93,92,1824.1,Recibida
803048,1027,3,3,2026-01-31,2026-02-07,73,72,1824.1,Recibida
803049,1027,3,3,2026-02-17,2026-02-23,54,54,1824.1,Recibida
803050,1027,3,3,2026-02-26,2026-03-03,70,69,1824.1,Recibida
803051,1027,3,3,2026-03-18,2026-03-23,55,55,1824.1,Recibida
803052,1027,3,3,2026-03-29,2026-04-05,56,55,1824.1,Recibida
803053,1027,3,3,2026-04-15,2026-04-22,40,39,1824.1,Recibida
803054,1027,3,3,2026-04-23,2026-04-29,41,40,1824.1,Recibida
803055,1027,3,3,2026-05-01,2026-05-07,54,54,1824.1,Recibida
803056,1027,3,3,2026-05-10,2026-05-15,46,45,1824.1,Recibida
803057,1027,3,3,2026-05-23,2026-05-30,43,43,1824.1,Recibida
803058,1027,3,3,2026-06-01,2026-06-08,47,47,1824.1,Recibida
803059,1027,3,3,2026-06-11,2026-06-18,47,47,1824.1,Recibida
803060,1027,3,3,2026-06-20,2026-06-26,49,49,1824.1,Recibida
803061,1027,3,3,2026-06-26,2026-07-03,52,51,1824.1,Recibida
803062,1027,3,3,2026-07-09,2026-07-15,59,0,1824.1,Cancelada
803063,1027,3,3,2026-07-10,2026-07-15,67,54,1824.1,Parcial
803064,1027,3,3,2026-07-18,2026-07-24,54,54,1824.1,Recibida
803065,1027,3,3,2026-08-01,,50,,1824.1,Pendiente
803066,1028,3,1,2025-07-04,2025-07-08,14,14,1222.4,Recibida
803067,1028,3,1,2025-07-12,2025-07-16,18,18,1222.4,Recibida
803068,1028,3,1,2025-07-31,2025-08-03,14,14,1222.4,Recibida
803069,1028,3,1,2025-08-11,2025-08-16,15,15,1222.4,Recibida
803070,1028,3,1,2025-08-24,2025-08-28,16,10,1222.4,Parcial
803071,1028,3,1,2025-09-14,2025-09-17,14,14,1222.4,Recibida
803072,1028,3,1,2025-09-24,2025-09-27,15,15,1222.4,Recibida
803073,1028,3,1,2025-10-07,2025-10-12,11,11,1222.4,Recibida
803074,1028,3,1,2025-10-23,2025-10-27,14,0,1222.4,Cancelada
803075,1028,3,1,2025-10-24,2025-10-27,15,15,1222.4,Recibida
803076,1028,3,1,2025-11-04,2025-11-09,13,13,1222.4,Recibida
803077,1028,3,1,2025-11-20,2025-11-25,11,11,1222.4,Recibida
803078,1028,3,1,2025-12-03,2025-12-07,15,15,1222.4,Recibida
803079,1028,3,1,2025-12-11,2025-12-14,14,14,1222.4,Recibida
803080,1028,3,1,2025-12-19,2025-12-24,16,16,1222.4,Recibida
803081,1028,3,1,2025-12-27,2026-01-01,19,19,1222.4,Recibida
803082,1028,3,1,2026-01-16,2026-01-21,18,17,1222.4,Recibida
803083,1028,3,1,2026-02-02,2026-02-06,15,15,1222.4,Recibida
803084,1028,3,1,2026-02-20,2026-02-23,12,12,1222.4,Recibida
803085,1028,3,1,2026-03-12,2026-03-16,11,11,1222.4,Recibida
803086,1028,3,1,2026-03-22,2026-03-25,12,12,1222.4,Recibida
803087,1028,3,1,2026-03-30,2026-04-02,12,12,1222.4,Recibida
803088,1028,3,1,2026-04-11,2026-04-15,14,14,1222.4,Recibida
803089,1028,3,1,2026-04-18,2026-04-23,14,14,1222.4,Recibida
803090,1028,3,1,2026-05-02,2026-05-06,15,15,1222.4,Recibida
803091,1028,3,1,2026-05-21,2026-05-26,16,16,1222.4,Recibida
803092,1028,3,1,2026-05-31,2026-06-03,18,0,1222.4,Cancelada
803093,1028,3,1,2026-06-01,2026-06-05,17,15,1222.4,Parcial
803094,1028,3,1,2026-06-24,2026-06-29,12,8,1222.4,Parcial
803095,1028,3,1,2026-07-01,2026-07-05,14,14,1222.4,Recibida
803096,1028,3,1,2026-07-18,2026-07-21,14,14,1222.4,Recibida
803097,1028,3,2,2025-07-08,2025-07-12,6,6,1222.4,Recibida
803098,1028,3,2,2025-07-17,2025-07-21,8,8,1222.4,Recibida
803099,1028,3,2,2025-07-26,2025-07-31,12,12,1222.4,Recibida
803100,1028,3,2,2025-08-09,2025-08-14,11,11,1222.4,Recibida
803101,1028,3,2,2025-08-23,2025-08-26,15,9,1222.4,Parcial
803102,1028,3,2,2025-08-29,2025-09-03,14,9,1222.4,Parcial
803103,1028,3,2,2025-09-05,2025-09-08,15,15,1222.4,Recibida
803104,1028,3,2,2025-09-27,2025-10-02,13,13,1222.4,Recibida
803105,1028,3,2,2025-10-09,2025-10-12,13,13,1222.4,Recibida
803106,1028,3,2,2025-10-19,2025-10-24,14,14,1222.4,Recibida
803107,1028,3,2,2025-11-02,2025-11-07,12,12,1222.4,Recibida
803108,1028,3,2,2025-11-22,2025-11-27,13,13,1222.4,Recibida
803109,1028,3,2,2025-12-04,2025-12-08,10,10,1222.4,Recibida
803110,1028,3,2,2025-12-12,2025-12-15,17,11,1222.4,Parcial
803111,1028,3,2,2025-12-16,2025-12-20,19,15,1222.4,Parcial
803112,1028,3,2,2025-12-20,2025-12-23,20,19,1222.4,Recibida
803113,1028,3,2,2025-12-30,2026-01-03,20,20,1222.4,Recibida
803114,1028,3,2,2026-01-13,2026-01-18,23,23,1222.4,Recibida
803115,1028,3,2,2026-02-09,2026-02-12,15,15,1222.4,Recibida
803116,1028,3,2,2026-02-23,2026-02-27,17,17,1222.4,Recibida
803117,1028,3,2,2026-03-12,2026-03-15,13,13,1222.4,Recibida
803118,1028,3,2,2026-03-21,2026-03-24,15,0,1222.4,Cancelada
803119,1028,3,2,2026-03-22,2026-03-25,15,15,1222.4,Recibida
803120,1028,3,2,2026-04-07,2026-04-12,14,14,1222.4,Recibida
803121,1028,3,2,2026-04-27,2026-04-30,14,14,1222.4,Recibida
803122,1028,3,2,2026-05-14,2026-05-18,12,12,1222.4,Recibida
803123,1028,3,2,2026-05-23,2026-05-27,12,10,1222.4,Parcial
803124,1028,3,2,2026-05-30,2026-06-03,15,15,1222.4,Recibida
803125,1028,3,2,2026-06-19,2026-06-23,14,14,1222.4,Recibida
803126,1028,3,2,2026-07-04,2026-07-09,13,13,1222.4,Recibida
803127,1028,3,2,2026-07-22,2026-07-26,10,10,1222.4,Recibida
803128,1028,3,2,2026-07-30,,15,,1222.4,Pendiente
803129,1028,3,2,2026-07-31,,16,,1222.4,Pendiente
803130,1028,3,2,2026-08-01,,18,,1222.4,Pendiente
803131,1028,3,3,2025-07-04,2025-07-08,10,9,1222.4,Parcial
803132,1028,3,3,2025-07-21,2025-07-26,8,8,1222.4,Recibida
803133,1028,3,3,2025-07-28,2025-08-02,9,9,1222.4,Recibida
803134,1028,3,3,2025-08-21,2025-08-26,10,10,1222.4,Recibida
803135,1028,3,3,2025-09-03,2025-09-07,8,8,1222.4,Recibida
803136,1028,3,3,2025-09-20,2025-09-24,10,10,1222.4,Recibida
803137,1028,3,3,2025-10-10,2025-10-15,8,8,1222.4,Recibida
803138,1028,3,3,2025-10-23,2025-10-26,6,6,1222.4,Recibida
803139,1028,3,3,2025-10-29,2025-11-03,10,10,1222.4,Recibida
803140,1028,3,3,2025-11-08,2025-11-11,8,8,1222.4,Recibida
803141,1028,3,3,2025-11-17,2025-11-22,11,11,1222.4,Recibida
803142,1028,3,3,2025-12-02,2025-12-05,10,10,1222.4,Recibida
803143,1028,3,3,2025-12-07,2025-12-10,12,12,1222.4,Recibida
803144,1028,3,3,2025-12-14,2025-12-18,14,14,1222.4,Recibida
803145,1028,3,3,2025-12-27,2025-12-30,14,14,1222.4,Recibida
803146,1028,3,3,2026-01-16,2026-01-20,18,18,1222.4,Recibida
803147,1028,3,3,2026-01-27,2026-01-31,14,14,1222.4,Recibida
803148,1028,3,3,2026-02-26,2026-03-01,13,9,1222.4,Parcial
803149,1028,3,3,2026-03-18,2026-03-21,8,7,1222.4,Parcial
803150,1028,3,3,2026-03-28,2026-04-02,8,5,1222.4,Parcial
803151,1028,3,3,2026-04-10,2026-04-15,7,7,1222.4,Recibida
803152,1028,3,3,2026-04-23,2026-04-28,8,8,1222.4,Recibida
803153,1028,3,3,2026-05-04,2026-05-09,8,8,1222.4,Recibida
803154,1028,3,3,2026-05-13,2026-05-16,10,10,1222.4,Recibida
803155,1028,3,3,2026-05-22,2026-05-26,12,12,1222.4,Recibida
803156,1028,3,3,2026-06-15,2026-06-19,11,8,1222.4,Parcial
803157,1028,3,3,2026-06-22,2026-06-27,10,10,1222.4,Recibida
803158,1028,3,3,2026-07-12,2026-07-15,8,8,1222.4,Recibida
803159,1028,3,3,2026-07-18,2026-07-21,11,11,1222.4,Recibida
803160,1029,3,1,2025-07-03,2025-07-07,86,84,1051.91,Recibida
803161,1029,3,1,2025-07-18,2025-07-20,87,75,1051.91,Parcial
803162,1029,3,1,2025-07-29,2025-07-31,83,81,1051.91,Recibida
803163,1029,3,1,2025-08-14,2025-08-18,86,84,1051.91,Recibida
803164,1029,3,1,2025-08-22,2025-08-24,106,94,1051.91,Parcial
803165,1029,3,1,2025-09-04,2025-09-07,95,95,1051.91,Recibida
803166,1029,3,1,2025-09-13,2025-09-15,104,101,1051.91,Recibida
803167,1029,3,1,2025-09-27,2025-10-01,112,111,1051.91,Recibida
803168,1029,3,1,2025-10-16,2025-10-18,98,96,1051.91,Recibida
803169,1029,3,1,2025-11-05,2025-11-08,81,79,1051.91,Recibida
803170,1029,3,1,2025-11-12,2025-11-14,85,83,1051.91,Recibida
803171,1029,3,1,2025-11-27,2025-11-30,89,88,1051.91,Recibida
803172,1029,3,1,2025-12-05,2025-12-07,133,132,1051.91,Recibida
803173,1029,3,1,2025-12-13,2025-12-15,133,131,1051.91,Recibida
803174,1029,3,1,2025-12-20,2025-12-22,153,149,1051.91,Recibida
803175,1029,3,1,2026-01-02,2026-01-04,159,157,1051.91,Recibida
803176,1029,3,1,2026-01-13,2026-01-16,237,232,1051.91,Recibida
803177,1029,3,1,2026-02-14,2026-02-16,128,125,1051.91,Recibida
803178,1029,3,1,2026-02-21,2026-02-24,170,165,1051.91,Recibida
803179,1029,3,1,2026-03-12,2026-03-14,148,147,1051.91,Recibida
803180,1029,3,1,2026-03-26,2026-03-29,145,143,1051.91,Recibida
803181,1029,3,1,2026-04-07,2026-04-11,140,138,1051.91,Recibida
803182,1029,3,1,2026-04-29,2026-05-03,123,119,1051.91,Recibida
803183,1029,3,1,2026-05-16,2026-05-19,128,125,1051.91,Recibida
803184,1029,3,1,2026-06-05,2026-06-07,85,0,1051.91,Cancelada
803185,1029,3,1,2026-06-06,2026-06-08,126,124,1051.91,Recibida
803186,1029,3,1,2026-06-12,2026-06-14,146,92,1051.91,Parcial
803187,1029,3,1,2026-06-21,2026-06-25,125,123,1051.91,Recibida
803188,1029,3,1,2026-07-08,2026-07-12,159,133,1051.91,Parcial
803189,1029,3,1,2026-07-26,2026-07-30,128,125,1051.91,Recibida
803190,1029,3,2,2025-07-04,2025-07-06,61,45,1051.91,Parcial
803191,1029,3,2,2025-07-10,2025-07-14,82,81,1051.91,Recibida
803192,1029,3,2,2025-08-06,2025-08-08,63,38,1051.91,Parcial
803193,1029,3,2,2025-08-13,2025-08-17,60,60,1051.91,Recibida
803194,1029,3,2,2025-08-23,2025-08-26,62,61,1051.91,Recibida
803195,1029,3,2,2025-09-13,2025-09-15,69,68,1051.91,Recibida
803196,1029,3,2,2025-09-20,2025-09-23,74,73,1051.91,Recibida
803197,1029,3,2,2025-10-03,2025-10-06,74,74,1051.91,Recibida
803198,1029,3,2,2025-10-23,2025-10-27,66,66,1051.91,Recibida
803199,1029,3,2,2025-11-10,2025-11-13,65,64,1051.91,Recibida
803200,1029,3,2,2025-11-18,2025-11-21,66,66,1051.91,Recibida
803201,1029,3,2,2025-11-29,2025-12-02,71,71,1051.91,Recibida
803202,1029,3,2,2025-12-05,2025-12-07,124,123,1051.91,Recibida
803203,1029,3,2,2025-12-09,2025-12-11,107,105,1051.91,Recibida
803204,1029,3,2,2025-12-16,2025-12-20,161,161,1051.91,Recibida
803205,1029,3,2,2025-12-28,2025-12-31,172,169,1051.91,Recibida
803206,1029,3,2,2026-01-17,2026-01-21,172,171,1051.91,Recibida
803207,1029,3,2,2026-02-14,2026-02-17,104,103,1051.91,Recibida
803208,1029,3,2,2026-03-07,2026-03-11,87,85,1051.91,Recibida
803209,1029,3,2,2026-03-26,2026-03-29,68,67,1051.91,Recibida
803210,1029,3,2,2026-04-03,2026-04-06,80,79,1051.91,Recibida
803211,1029,3,2,2026-04-14,2026-04-16,77,77,1051.91,Recibida
803212,1029,3,2,2026-04-25,2026-04-27,90,58,1051.91,Parcial
803213,1029,3,2,2026-05-11,2026-05-13,78,60,1051.91,Parcial
803214,1029,3,2,2026-05-29,2026-06-02,63,63,1051.91,Recibida
803215,1029,3,2,2026-06-09,2026-06-13,65,64,1051.91,Recibida
803216,1029,3,2,2026-06-16,2026-06-18,70,69,1051.91,Recibida
803217,1029,3,2,2026-06-27,2026-06-29,108,108,1051.91,Recibida
803218,1029,3,2,2026-07-07,2026-07-10,101,84,1051.91,Parcial
803219,1029,3,2,2026-07-29,2026-07-31,90,69,1051.91,Parcial
803220,1029,3,3,2025-07-04,2025-07-06,52,40,1051.91,Parcial
803221,1029,3,3,2025-07-11,2025-07-14,79,44,1051.91,Parcial
803222,1029,3,3,2025-07-15,2025-07-19,87,87,1051.91,Recibida
803223,1029,3,3,2025-07-28,2025-08-01,88,86,1051.91,Recibida
803224,1029,3,3,2025-08-13,2025-08-16,85,84,1051.91,Recibida
803225,1029,3,3,2025-08-31,2025-09-02,75,74,1051.91,Recibida
803226,1029,3,3,2025-09-13,2025-09-15,70,0,1051.91,Cancelada
803227,1029,3,3,2025-09-16,2025-09-18,61,60,1051.91,Recibida
803228,1029,3,3,2025-09-27,2025-09-29,82,81,1051.91,Recibida
803229,1029,3,3,2025-10-12,2025-10-16,71,69,1051.91,Recibida
803230,1029,3,3,2025-10-19,2025-10-23,87,85,1051.91,Recibida
803231,1029,3,3,2025-11-04,2025-11-08,86,84,1051.91,Recibida
803232,1029,3,3,2025-11-15,2025-11-18,84,82,1051.91,Recibida
803233,1029,3,3,2025-12-06,2025-12-09,76,74,1051.91,Recibida
803234,1029,3,3,2025-12-12,2025-12-16,95,95,1051.91,Recibida
803235,1029,3,3,2025-12-20,2025-12-24,111,108,1051.91,Recibida
803236,1029,3,3,2025-12-27,2025-12-29,160,157,1051.91,Recibida
803237,1029,3,3,2026-01-08,2026-01-10,136,134,1051.91,Recibida
803238,1029,3,3,2026-01-29,2026-02-02,132,130,1051.91,Recibida
803239,1029,3,3,2026-03-02,2026-03-05,82,70,1051.91,Parcial
803240,1029,3,3,2026-03-21,2026-03-24,58,57,1051.91,Recibida
803241,1029,3,3,2026-04-04,2026-04-08,55,54,1051.91,Recibida
803242,1029,3,3,2026-04-22,2026-04-25,69,68,1051.91,Recibida
803243,1029,3,3,2026-05-10,2026-05-14,57,56,1051.91,Recibida
803244,1029,3,3,2026-05-19,2026-05-22,69,67,1051.91,Recibida
803245,1029,3,3,2026-06-04,2026-06-07,69,68,1051.91,Recibida
803246,1029,3,3,2026-06-17,2026-06-20,89,87,1051.91,Recibida
803247,1029,3,3,2026-07-03,2026-07-05,69,68,1051.91,Recibida
803248,1029,3,3,2026-07-17,2026-07-19,81,80,1051.91,Recibida
803249,1029,3,3,2026-07-30,,78,,1051.91,Pendiente
803250,1029,3,3,2026-07-31,,77,,1051.91,Pendiente
803251,1029,3,3,2026-08-01,,69,,1051.91,Pendiente
803252,1030,4,1,2025-07-05,2025-07-08,74,55,1515.28,Parcial
803253,1030,4,1,2025-07-12,2025-07-14,123,0,1515.28,Cancelada
803254,1030,4,1,2025-07-13,2025-07-15,109,0,1515.28,Cancelada
803255,1030,4,1,2025-07-14,2025-07-15,119,93,1515.28,Parcial
803256,1030,4,1,2025-07-25,2025-07-28,89,89,1515.28,Recibida
803257,1030,4,1,2025-08-10,2025-08-12,78,76,1515.28,Recibida
803258,1030,4,1,2025-08-24,2025-08-27,74,73,1515.28,Recibida
803259,1030,4,1,2025-09-05,2025-09-08,76,76,1515.28,Recibida
803260,1030,4,1,2025-09-16,2025-09-19,68,66,1515.28,Recibida
803261,1030,4,1,2025-09-25,2025-09-26,69,59,1515.28,Parcial
803262,1030,4,1,2025-10-03,2025-10-04,83,82,1515.28,Recibida
803263,1030,4,1,2025-10-12,2025-10-15,80,79,1515.28,Recibida
803264,1030,4,1,2025-10-25,2025-10-27,95,93,1515.28,Recibida
803265,1030,4,1,2025-11-07,2025-11-08,87,85,1515.28,Recibida
803266,1030,4,1,2025-11-26,2025-11-27,67,65,1515.28,Recibida
803267,1030,4,1,2025-12-01,2025-12-03,76,75,1515.28,Recibida
803268,1030,4,1,2025-12-11,2025-12-13,84,83,1515.28,Recibida
803269,1030,4,1,2025-12-22,2025-12-23,85,84,1515.28,Recibida
803270,1030,4,1,2025-12-29,2026-01-01,89,88,1515.28,Recibida
803271,1030,4,1,2026-01-05,2026-01-08,97,96,1515.28,Recibida
803272,1030,4,1,2026-01-17,2026-01-20,112,111,1515.28,Recibida
803273,1030,4,1,2026-01-27,2026-01-28,106,104,1515.28,Recibida
803274,1030,4,1,2026-02-20,2026-02-22,88,86,1515.28,Recibida
803275,1030,4,1,2026-03-05,2026-03-08,76,75,1515.28,Recibida
803276,1030,4,1,2026-03-22,2026-03-24,63,62,1515.28,Recibida
803277,1030,4,1,2026-03-28,2026-03-30,84,83,1515.28,Recibida
803278,1030,4,1,2026-04-06,2026-04-07,91,90,1515.28,Recibida
803279,1030,4,1,2026-04-15,2026-04-18,81,47,1515.28,Parcial
803280,1030,4,1,2026-04-24,2026-04-27,84,82,1515.28,Recibida
803281,1030,4,1,2026-05-07,2026-05-10,92,90,1515.28,Recibida
803282,1030,4,1,2026-05-18,2026-05-19,81,80,1515.28,Recibida
803283,1030,4,1,2026-06-01,2026-06-03,75,73,1515.28,Recibida
803284,1030,4,1,2026-06-12,2026-06-14,76,75,1515.28,Recibida
803285,1030,4,1,2026-06-28,2026-07-01,74,73,1515.28,Recibida
803286,1030,4,1,2026-07-09,2026-07-11,74,73,1515.28,Recibida
803287,1030,4,1,2026-07-18,2026-07-19,77,76,1515.28,Recibida
803288,1030,4,1,2026-07-27,2026-07-29,75,0,1515.28,Cancelada
803289,1030,4,1,2026-07-28,2026-07-31,75,73,1515.28,Recibida
803290,1030,4,2,2025-07-04,2025-07-07,65,63,1515.28,Recibida
803291,1030,4,2,2025-07-07,2025-07-08,137,136,1515.28,Recibida
803292,1030,4,2,2025-08-01,2025-08-03,75,73,1515.28,Recibida
803293,1030,4,2,2025-08-18,2025-08-20,73,72,1515.28,Recibida
803294,1030,4,2,2025-08-27,2025-08-29,75,74,1515.28,Recibida
803295,1030,4,2,2025-09-12,2025-09-13,63,44,1515.28,Parcial
803296,1030,4,2,2025-09-18,2025-09-20,76,74,1515.28,Recibida
803297,1030,4,2,2025-10-02,2025-10-05,68,67,1515.28,Recibida
803298,1030,4,2,2025-10-12,2025-10-13,65,65,1515.28,Recibida
803299,1030,4,2,2025-10-25,2025-10-27,68,67,1515.28,Recibida
803300,1030,4,2,2025-11-06,2025-11-08,67,65,1515.28,Recibida
803301,1030,4,2,2025-11-20,2025-11-23,64,38,1515.28,Parcial
803302,1030,4,2,2025-12-01,2025-12-02,54,54,1515.28,Recibida
803303,1030,4,2,2025-12-13,2025-12-16,66,65,1515.28,Recibida
803304,1030,4,2,2025-12-21,2025-12-23,63,63,1515.28,Recibida
803305,1030,4,2,2025-12-27,2025-12-29,73,72,1515.28,Recibida
803306,1030,4,2,2026-01-08,2026-01-11,73,72,1515.28,Recibida
803307,1030,4,2,2026-01-21,2026-01-24,76,74,1515.28,Recibida
803308,1030,4,2,2026-01-31,2026-02-01,80,51,1515.28,Parcial
803309,1030,4,2,2026-02-14,2026-02-17,70,59,1515.28,Parcial
803310,1030,4,2,2026-02-27,2026-03-01,59,58,1515.28,Recibida
803311,1030,4,2,2026-03-11,2026-03-14,56,56,1515.28,Recibida
803312,1030,4,2,2026-03-20,2026-03-21,61,44,1515.28,Parcial
803313,1030,4,2,2026-03-30,2026-04-02,55,55,1515.28,Recibida
803314,1030,4,2,2026-04-14,2026-04-15,67,67,1515.28,Recibida
803315,1030,4,2,2026-04-23,2026-04-26,61,50,1515.28,Parcial
803316,1030,4,2,2026-05-02,2026-05-05,78,76,1515.28,Recibida
803317,1030,4,2,2026-05-08,2026-05-11,68,66,1515.28,Recibida
803318,1030,4,2,2026-05-20,2026-05-23,72,72,1515.28,Recibida
803319,1030,4,2,2026-06-02,2026-06-03,74,74,1515.28,Recibida
803320,1030,4,2,2026-06-13,2026-06-15,75,74,1515.28,Recibida
803321,1030,4,2,2026-06-26,2026-06-29,66,65,1515.28,Recibida
803322,1030,4,2,2026-07-16,2026-07-17,57,55,1515.28,Recibida
803323,1030,4,2,2026-07-24,2026-07-26,65,64,1515.28,Recibida
803324,1030,4,3,2025-07-04,2025-07-05,63,53,1515.28,Parcial
803325,1030,4,3,2025-07-11,2025-07-14,75,73,1515.28,Recibida
803326,1030,4,3,2025-08-03,2025-08-06,48,48,1515.28,Recibida
803327,1030,4,3,2025-08-14,2025-08-15,54,45,1515.28,Parcial
803328,1030,4,3,2025-08-22,2025-08-24,48,47,1515.28,Recibida
803329,1030,4,3,2025-09-02,2025-09-03,49,49,1515.28,Recibida
803330,1030,4,3,2025-09-15,2025-09-16,48,47,1515.28,Recibida
803331,1030,4,3,2025-09-27,2025-09-28,56,56,1515.28,Recibida
803332,1030,4,3,2025-10-08,2025-10-10,51,50,1515.28,Recibida
803333,1030,4,3,2025-10-18,2025-10-21,50,49,1515.28,Recibida
803334,1030,4,3,2025-10-31,2025-11-02,55,54,1515.28,Recibida
803335,1030,4,3,2025-11-11,2025-11-12,55,55,1515.28,Recibida
803336,1030,4,3,2025-11-22,2025-11-25,50,49,1515.28,Recibida
803337,1030,4,3,2025-11-29,2025-12-02,58,57,1515.28,Recibida
803338,1030,4,3,2025-12-10,2025-12-11,55,54,1515.28,Recibida
803339,1030,4,3,2025-12-21,2025-12-22,65,65,1515.28,Recibida
803340,1030,4,3,2026-01-02,2026-01-05,74,72,1515.28,Recibida
803341,1030,4,3,2026-01-13,2026-01-16,59,57,1515.28,Recibida
803342,1030,4,3,2026-01-21,2026-01-24,65,64,1515.28,Recibida
803343,1030,4,3,2026-02-04,2026-02-07,62,46,1515.28,Parcial
803344,1030,4,3,2026-02-24,2026-02-26,54,54,1515.28,Recibida
803345,1030,4,3,2026-03-18,2026-03-19,35,35,1515.28,Recibida
803346,1030,4,3,2026-03-23,2026-03-25,35,34,1515.28,Recibida
803347,1030,4,3,2026-04-01,2026-04-02,39,33,1515.28,Parcial
803348,1030,4,3,2026-04-08,2026-04-10,46,45,1515.28,Recibida
803349,1030,4,3,2026-04-17,2026-04-19,49,34,1515.28,Parcial
803350,1030,4,3,2026-04-20,2026-04-21,49,49,1515.28,Recibida
803351,1030,4,3,2026-05-02,2026-05-05,59,59,1515.28,Recibida
803352,1030,4,3,2026-05-14,2026-05-17,60,60,1515.28,Recibida
803353,1030,4,3,2026-05-22,2026-05-24,70,69,1515.28,Recibida
803354,1030,4,3,2026-06-05,2026-06-06,66,66,1515.28,Recibida
803355,1030,4,3,2026-06-20,2026-06-22,57,55,1515.28,Recibida
803356,1030,4,3,2026-07-05,2026-07-08,54,53,1515.28,Recibida
803357,1030,4,3,2026-07-29,2026-08-01,48,47,1515.28,Recibida
803358,1030,4,3,2026-08-01,,73,,1515.28,Pendiente
803359,1031,4,1,2025-07-04,2025-07-06,125,105,1108.42,Parcial
803360,1031,4,1,2025-07-16,2025-07-17,120,119,1108.42,Recibida
803361,1031,4,1,2025-07-26,2025-07-27,166,164,1108.42,Recibida
803362,1031,4,1,2025-08-06,2025-08-07,140,137,1108.42,Recibida
803363,1031,4,1,2025-08-17,2025-08-18,149,146,1108.42,Recibida
803364,1031,4,1,2025-09-03,2025-09-05,160,104,1108.42,Parcial
803365,1031,4,1,2025-09-13,2025-09-14,134,134,1108.42,Recibida
803366,1031,4,1,2025-09-27,2025-09-28,127,127,1108.42,Recibida
803367,1031,4,1,2025-10-11,2025-10-13,118,116,1108.42,Recibida
803368,1031,4,1,2025-10-23,2025-10-25,118,115,1108.42,Recibida
803369,1031,4,1,2025-11-01,2025-11-02,127,127,1108.42,Recibida
803370,1031,4,1,2025-11-19,2025-11-20,122,69,1108.42,Parcial
803371,1031,4,1,2025-11-28,2025-11-29,114,113,1108.42,Recibida
803372,1031,4,1,2025-12-08,2025-12-10,128,0,1108.42,Cancelada
803373,1031,4,1,2025-12-09,2025-12-11,154,154,1108.42,Recibida
803374,1031,4,1,2025-12-19,2025-12-21,122,120,1108.42,Recibida
803375,1031,4,1,2025-12-27,2025-12-28,174,170,1108.42,Recibida
803376,1031,4,1,2026-01-07,2026-01-08,156,152,1108.42,Recibida
803377,1031,4,1,2026-01-23,2026-01-25,150,148,1108.42,Recibida
803378,1031,4,1,2026-02-04,2026-02-05,157,155,1108.42,Recibida
803379,1031,4,1,2026-02-18,2026-02-19,134,132,1108.42,Recibida
803380,1031,4,1,2026-03-06,2026-03-07,149,146,1108.42,Recibida
803381,1031,4,1,2026-03-20,2026-03-21,127,125,1108.42,Recibida
803382,1031,4,1,2026-04-03,2026-04-04,121,72,1108.42,Parcial
803383,1031,4,1,2026-04-10,2026-04-11,129,127,1108.42,Recibida
803384,1031,4,1,2026-04-22,2026-04-23,131,130,1108.42,Recibida
803385,1031,4,1,2026-05-01,2026-05-03,144,140,1108.42,Recibida
803386,1031,4,1,2026-05-13,2026-05-15,156,135,1108.42,Parcial
803387,1031,4,1,2026-05-26,2026-05-27,131,128,1108.42,Recibida
803388,1031,4,1,2026-06-09,2026-06-10,122,122,1108.42,Recibida
803389,1031,4,1,2026-06-23,2026-06-24,119,118,1108.42,Recibida
803390,1031,4,1,2026-07-07,2026-07-09,115,69,1108.42,Parcial
803391,1031,4,1,2026-07-17,2026-07-19,108,91,1108.42,Parcial
803392,1031,4,1,2026-07-23,2026-07-25,111,109,1108.42,Recibida
803393,1031,4,2,2025-07-09,2025-07-10,86,85,1108.42,Recibida
803394,1031,4,2,2025-07-13,2025-07-15,116,114,1108.42,Recibida
803395,1031,4,2,2025-07-27,2025-07-28,110,107,1108.42,Recibida
803396,1031,4,2,2025-08-07,2025-08-08,123,121,1108.42,Recibida
803397,1031,4,2,2025-08-22,2025-08-23,124,122,1108.42,Recibida
803398,1031,4,2,2025-09-05,2025-09-06,120,80,1108.42,Parcial
803399,1031,4,2,2025-09-14,2025-09-15,105,104,1108.42,Recibida
803400,1031,4,2,2025-09-29,2025-09-30,99,96,1108.42,Recibida
803401,1031,4,2,2025-10-14,2025-10-16,97,96,1108.42,Recibida
803402,1031,4,2,2025-10-25,2025-10-27,102,86,1108.42,Parcial
803403,1031,4,2,2025-11-07,2025-11-08,94,92,1108.42,Recibida
803404,1031,4,2,2025-11-22,2025-11-24,108,106,1108.42,Recibida
803405,1031,4,2,2025-12-02,2025-12-03,100,98,1108.42,Recibida
803406,1031,4,2,2025-12-06,2025-12-08,132,128,1108.42,Recibida
803407,1031,4,2,2025-12-17,2025-12-18,122,107,1108.42,Parcial
803408,1031,4,2,2025-12-26,2025-12-27,133,129,1108.42,Recibida
803409,1031,4,2,2026-01-10,2026-01-11,149,84,1108.42,Parcial
803410,1031,4,2,2026-01-17,2026-01-19,138,137,1108.42,Recibida
803411,1031,4,2,2026-02-05,2026-02-06,122,121,1108.42,Recibida
803412,1031,4,2,2026-02-23,2026-02-25,98,96,1108.42,Recibida
803413,1031,4,2,2026-03-08,2026-03-09,94,92,1108.42,Recibida
803414,1031,4,2,2026-03-17,2026-03-18,112,67,1108.42,Parcial
803415,1031,4,2,2026-03-26,2026-03-27,102,100,1108.42,Recibida
803416,1031,4,2,2026-04-04,2026-04-05,102,99,1108.42,Recibida
803417,1031,4,2,2026-04-20,2026-04-22,97,97,1108.42,Recibida
803418,1031,4,2,2026-05-01,2026-05-03,160,159,1108.42,Recibida
803419,1031,4,2,2026-05-19,2026-05-21,135,135,1108.42,Recibida
803420,1031,4,2,2026-05-30,2026-05-31,114,112,1108.42,Recibida
803421,1031,4,2,2026-06-17,2026-06-19,98,97,1108.42,Recibida
803422,1031,4,2,2026-06-29,2026-07-01,99,98,1108.42,Recibida
803423,1031,4,2,2026-07-11,2026-07-12,107,106,1108.42,Recibida
803424,1031,4,2,2026-07-21,2026-07-22,104,103,1108.42,Recibida
803425,1031,4,3,2025-07-05,2025-07-06,91,89,1108.42,Recibida
803426,1031,4,3,2025-07-18,2025-07-19,96,93,1108.42,Recibida
803427,1031,4,3,2025-07-31,2025-08-01,96,94,1108.42,Recibida
803428,1031,4,3,2025-08-14,2025-08-16,88,64,1108.42,Parcial
803429,1031,4,3,2025-08-27,2025-08-29,81,80,1108.42,Recibida
803430,1031,4,3,2025-09-04,2025-09-06,83,81,1108.42,Recibida
803431,1031,4,3,2025-09-17,2025-09-19,87,85,1108.42,Recibida
803432,1031,4,3,2025-09-25,2025-09-27,95,66,1108.42,Parcial
803433,1031,4,3,2025-10-04,2025-10-06,100,80,1108.42,Parcial
803434,1031,4,3,2025-10-11,2025-10-12,111,108,1108.42,Recibida
803435,1031,4,3,2025-10-30,2025-10-31,95,93,1108.42,Recibida
803436,1031,4,3,2025-11-14,2025-11-15,82,80,1108.42,Recibida
803437,1031,4,3,2025-11-27,2025-11-28,88,87,1108.42,Recibida
803438,1031,4,3,2025-12-04,2025-12-06,89,88,1108.42,Recibida
803439,1031,4,3,2025-12-14,2025-12-16,93,91,1108.42,Recibida
803440,1031,4,3,2025-12-23,2025-12-24,99,98,1108.42,Recibida
803441,1031,4,3,2026-01-02,2026-01-03,109,106,1108.42,Recibida
803442,1031,4,3,2026-01-15,2026-01-17,107,106,1108.42,Recibida
803443,1031,4,3,2026-01-28,2026-01-30,118,115,1108.42,Recibida
803444,1031,4,3,2026-02-12,2026-02-13,99,96,1108.42,Recibida
803445,1031,4,3,2026-02-28,2026-03-01,94,93,1108.42,Recibida
803446,1031,4,3,2026-03-12,2026-03-14,94,93,1108.42,Recibida
803447,1031,4,3,2026-03-22,2026-03-24,101,98,1108.42,Recibida
803448,1031,4,3,2026-04-04,2026-04-05,98,98,1108.42,Recibida
803449,1031,4,3,2026-04-19,2026-04-20,94,93,1108.42,Recibida
803450,1031,4,3,2026-04-30,2026-05-02,104,102,1108.42,Recibida
803451,1031,4,3,2026-05-10,2026-05-11,103,103,1108.42,Recibida
803452,1031,4,3,2026-05-27,2026-05-28,108,60,1108.42,Parcial
803453,1031,4,3,2026-06-03,2026-06-04,102,101,1108.42,Recibida
803454,1031,4,3,2026-06-19,2026-06-21,93,91,1108.42,Recibida
803455,1031,4,3,2026-07-03,2026-07-05,88,87,1108.42,Recibida
803456,1031,4,3,2026-07-14,2026-07-16,86,77,1108.42,Parcial
803457,1031,4,3,2026-07-25,2026-07-27,88,87,1108.42,Recibida
803458,1032,4,1,2025-07-10,2025-07-14,374,370,757.72,Recibida
803459,1032,4,1,2025-07-17,2025-07-21,387,250,757.72,Parcial
803460,1032,4,1,2025-07-21,2025-07-26,541,539,757.72,Recibida
803461,1032,4,1,2025-08-01,2025-08-05,440,437,757.72,Recibida
803462,1032,4,1,2025-08-11,2025-08-16,493,479,757.72,Recibida
803463,1032,4,1,2025-08-21,2025-08-26,462,458,757.72,Recibida
803464,1032,4,1,2025-08-29,2025-09-01,460,341,757.72,Parcial
803465,1032,4,1,2025-09-06,2025-09-11,477,465,757.72,Recibida
803466,1032,4,1,2025-09-18,2025-09-23,447,434,757.72,Recibida
803467,1032,4,1,2025-09-28,2025-10-03,439,434,757.72,Recibida
803468,1032,4,1,2025-10-07,2025-10-10,441,431,757.72,Recibida
803469,1032,4,1,2025-10-15,2025-10-20,496,488,757.72,Recibida
803470,1032,4,1,2025-10-22,2025-10-26,466,456,757.72,Recibida
803471,1032,4,1,2025-10-29,2025-11-02,540,536,757.72,Recibida
803472,1032,4,1,2025-11-09,2025-11-14,515,0,757.72,Cancelada
803473,1032,4,1,2025-11-10,2025-11-15,608,606,757.72,Recibida
803474,1032,4,1,2025-11-17,2025-11-20,559,549,757.72,Recibida
803475,1032,4,1,2025-11-27,2025-12-01,517,382,757.72,Parcial
803476,1032,4,1,2025-12-05,2025-12-09,760,758,757.72,Recibida
803477,1032,4,1,2025-12-12,2025-12-15,723,701,757.72,Recibida
803478,1032,4,1,2025-12-20,2025-12-25,716,715,757.72,Recibida
803479,1032,4,1,2026-01-02,2026-01-07,633,621,757.72,Recibida
803480,1032,4,1,2026-01-10,2026-01-13,763,743,757.72,Recibida
803481,1032,4,1,2026-01-27,2026-01-31,608,602,757.72,Recibida
803482,1032,4,1,2026-01-31,2026-02-03,818,550,757.72,Parcial
803483,1032,4,1,2026-02-09,2026-02-12,585,572,757.72,Recibida
803484,1032,4,1,2026-02-19,2026-02-23,614,613,757.72,Recibida
803485,1032,4,1,2026-02-27,2026-03-03,609,437,757.72,Parcial
803486,1032,4,1,2026-03-11,2026-03-16,822,818,757.72,Recibida
803487,1032,4,1,2026-03-27,2026-03-31,549,546,757.72,Recibida
803488,1032,4,1,2026-04-08,2026-04-13,492,483,757.72,Recibida
803489,1032,4,1,2026-04-18,2026-04-22,472,472,757.72,Recibida
803490,1032,4,1,2026-04-28,2026-05-02,534,528,757.72,Recibida
803491,1032,4,1,2026-05-03,2026-05-06,481,475,757.72,Recibida
803492,1032,4,1,2026-05-09,2026-05-14,641,627,757.72,Recibida
803493,1032,4,1,2026-05-17,2026-05-21,572,513,757.72,Parcial
803494,1032,4,1,2026-05-28,2026-06-02,571,569,757.72,Recibida
803495,1032,4,1,2026-06-06,2026-06-11,613,405,757.72,Parcial
803496,1032,4,1,2026-06-12,2026-06-17,596,582,757.72,Recibida
803497,1032,4,1,2026-06-26,2026-07-01,580,574,757.72,Recibida
803498,1032,4,1,2026-07-06,2026-07-10,551,535,757.72,Recibida
803499,1032,4,1,2026-07-15,2026-07-20,506,502,757.72,Recibida
803500,1032,4,1,2026-07-24,2026-07-28,500,492,757.72,Recibida
803501,1032,4,2,2025-07-03,2025-07-07,348,340,757.72,Recibida
803502,1032,4,2,2025-07-07,2025-07-12,948,948,757.72,Recibida
803503,1032,4,2,2025-08-04,2025-08-09,422,412,757.72,Recibida
803504,1032,4,2,2025-08-12,2025-08-16,402,400,757.72,Recibida
803505,1032,4,2,2025-08-22,2025-08-27,431,422,757.72,Recibida
803506,1032,4,2,2025-08-29,2025-09-03,449,443,757.72,Recibida
803507,1032,4,2,2025-09-08,2025-09-12,412,407,757.72,Recibida
803508,1032,4,2,2025-09-16,2025-09-19,509,318,757.72,Parcial
803509,1032,4,2,2025-09-20,2025-09-23,507,500,757.72,Recibida
803510,1032,4,2,2025-09-27,2025-09-30,535,529,757.72,Recibida
803511,1032,4,2,2025-10-09,2025-10-12,465,454,757.72,Recibida
803512,1032,4,2,2025-10-24,2025-10-28,506,500,757.72,Recibida
803513,1032,4,2,2025-11-02,2025-11-06,480,289,757.72,Parcial
803514,1032,4,2,2025-11-07,2025-11-10,506,495,757.72,Recibida
803515,1032,4,2,2025-11-16,2025-11-19,438,433,757.72,Recibida
803516,1032,4,2,2025-11-28,2025-12-02,502,498,757.72,Recibida
803517,1032,4,2,2025-12-04,2025-12-08,479,478,757.72,Recibida
803518,1032,4,2,2025-12-13,2025-12-17,631,526,757.72,Parcial
803519,1032,4,2,2025-12-25,2025-12-29,629,624,757.72,Recibida
803520,1032,4,2,2026-01-05,2026-01-09,478,474,757.72,Recibida
803521,1032,4,2,2026-01-17,2026-01-21,477,470,757.72,Recibida
803522,1032,4,2,2026-01-31,2026-02-03,465,461,757.72,Recibida
803523,1032,4,2,2026-02-13,2026-02-17,420,410,757.72,Recibida
803524,1032,4,2,2026-02-20,2026-02-24,724,716,757.72,Recibida
803525,1032,4,2,2026-03-05,2026-03-08,512,508,757.72,Recibida
803526,1032,4,2,2026-03-11,2026-03-14,509,500,757.72,Recibida
803527,1032,4,2,2026-03-27,2026-03-30,478,474,757.72,Recibida
803528,1032,4,2,2026-04-12,2026-04-17,409,402,757.72,Recibida
803529,1032,4,2,2026-04-21,2026-04-24,373,369,757.72,Recibida
803530,1032,4,2,2026-05-02,2026-05-06,351,345,757.72,Recibida
803531,1032,4,2,2026-05-09,2026-05-12,373,233,757.72,Parcial
803532,1032,4,2,2026-05-16,2026-05-19,380,307,757.72,Parcial
803533,1032,4,2,2026-05-20,2026-05-24,516,509,757.72,Recibida
803534,1032,4,2,2026-05-30,2026-06-04,451,444,757.72,Recibida
803535,1032,4,2,2026-06-16,2026-06-21,376,367,757.72,Recibida
803536,1032,4,2,2026-06-21,2026-06-24,438,435,757.72,Recibida
803537,1032,4,2,2026-06-29,2026-07-04,473,465,757.72,Recibida
803538,1032,4,2,2026-07-09,2026-07-14,407,342,757.72,Parcial
803539,1032,4,2,2026-07-18,2026-07-22,468,462,757.72,Recibida
803540,1032,4,2,2026-07-26,2026-07-29,440,440,757.72,Recibida
803541,1032,4,3,2025-07-06,2025-07-10,325,323,757.72,Recibida
803542,1032,4,3,2025-07-15,2025-07-20,338,329,757.72,Recibida
803543,1032,4,3,2025-07-22,2025-07-27,329,326,757.72,Recibida
803544,1032,4,3,2025-08-02,2025-08-06,481,344,757.72,Parcial
803545,1032,4,3,2025-08-10,2025-08-14,373,365,757.72,Recibida
803546,1032,4,3,2025-08-20,2025-08-25,363,360,757.72,Recibida
803547,1032,4,3,2025-09-01,2025-09-04,371,365,757.72,Recibida
803548,1032,4,3,2025-09-15,2025-09-19,374,227,757.72,Parcial
803549,1032,4,3,2025-09-19,2025-09-23,385,383,757.72,Recibida
803550,1032,4,3,2025-09-27,2025-10-01,348,342,757.72,Recibida
803551,1032,4,3,2025-10-01,2025-10-04,373,367,757.72,Recibida
803552,1032,4,3,2025-10-10,2025-10-15,600,583,757.72,Recibida
803553,1032,4,3,2025-10-26,2025-10-30,381,374,757.72,Recibida
803554,1032,4,3,2025-11-07,2025-11-11,399,392,757.72,Recibida
803555,1032,4,3,2025-11-19,2025-11-22,372,371,757.72,Recibida
803556,1032,4,3,2025-11-29,2025-12-03,378,372,757.72,Recibida
803557,1032,4,3,2025-12-06,2025-12-11,386,380,757.72,Recibida
803558,1032,4,3,2025-12-13,2025-12-18,495,491,757.72,Recibida
803559,1032,4,3,2025-12-19,2025-12-22,418,412,757.72,Recibida
803560,1032,4,3,2026-01-04,2026-01-07,402,391,757.72,Recibida
803561,1032,4,3,2026-01-13,2026-01-18,417,409,757.72,Recibida
803562,1032,4,3,2026-01-28,2026-02-02,333,325,757.72,Recibida
803563,1032,4,3,2026-02-07,2026-02-12,442,430,757.72,Recibida
803564,1032,4,3,2026-02-18,2026-02-22,344,342,757.72,Recibida
803565,1032,4,3,2026-03-03,2026-03-08,285,284,757.72,Recibida
803566,1032,4,3,2026-03-12,2026-03-16,338,334,757.72,Recibida
803567,1032,4,3,2026-03-23,2026-03-28,338,334,757.72,Recibida
803568,1032,4,3,2026-04-06,2026-04-10,343,337,757.72,Recibida
803569,1032,4,3,2026-04-21,2026-04-24,246,240,757.72,Recibida
803570,1032,4,3,2026-04-30,2026-05-05,283,275,757.72,Recibida
803571,1032,4,3,2026-05-05,2026-05-08,259,256,757.72,Recibida
803572,1032,4,3,2026-05-23,2026-05-26,219,217,757.72,Recibida
803573,1032,4,3,2026-05-30,2026-06-02,247,222,757.72,Parcial
803574,1032,4,3,2026-06-09,2026-06-14,265,0,757.72,Cancelada
803575,1032,4,3,2026-06-10,2026-06-13,338,328,757.72,Recibida
803576,1032,4,3,2026-06-20,2026-06-25,269,267,757.72,Recibida
803577,1032,4,3,2026-06-27,2026-07-01,390,384,757.72,Recibida
803578,1032,4,3,2026-07-07,2026-07-10,310,308,757.72,Recibida
803579,1032,4,3,2026-07-17,2026-07-21,283,275,757.72,Recibida
803580,1032,4,3,2026-07-24,2026-07-28,343,333,757.72,Recibida
803581,1033,4,1,2025-07-06,2025-07-08,87,86,1105.82,Recibida
803582,1033,4,1,2025-07-16,2025-07-17,117,115,1105.82,Recibida
803583,1033,4,1,2025-07-24,2025-07-26,112,110,1105.82,Recibida
803584,1033,4,1,2025-08-08,2025-08-09,136,132,1105.82,Recibida
803585,1033,4,1,2025-08-16,2025-08-17,144,142,1105.82,Recibida
803586,1033,4,1,2025-09-03,2025-09-05,127,125,1105.82,Recibida
803587,1033,4,1,2025-09-25,2025-09-26,152,149,1105.82,Recibida
803588,1033,4,1,2025-10-09,2025-10-10,101,100,1105.82,Recibida
803589,1033,4,1,2025-10-25,2025-10-27,118,115,1105.82,Recibida
803590,1033,4,1,2025-11-04,2025-11-06,120,117,1105.82,Recibida
803591,1033,4,1,2025-11-15,2025-11-16,124,124,1105.82,Recibida
803592,1033,4,1,2025-12-01,2025-12-02,105,103,1105.82,Recibida
803593,1033,4,1,2025-12-06,2025-12-07,129,128,1105.82,Recibida
803594,1033,4,1,2025-12-20,2025-12-21,152,149,1105.82,Recibida
803595,1033,4,1,2025-12-27,2025-12-28,155,150,1105.82,Recibida
803596,1033,4,1,2026-01-07,2026-01-08,162,161,1105.82,Recibida
803597,1033,4,1,2026-01-29,2026-01-31,141,139,1105.82,Recibida
803598,1033,4,1,2026-02-14,2026-02-15,135,133,1105.82,Recibida
803599,1033,4,1,2026-02-27,2026-02-28,112,109,1105.82,Recibida
803600,1033,4,1,2026-03-16,2026-03-18,107,85,1105.82,Parcial
803601,1033,4,1,2026-04-02,2026-04-03,96,95,1105.82,Recibida
803602,1033,4,1,2026-04-10,2026-04-11,83,81,1105.82,Recibida
803603,1033,4,1,2026-04-18,2026-04-20,93,91,1105.82,Recibida
803604,1033,4,1,2026-04-30,2026-05-01,104,102,1105.82,Recibida
803605,1033,4,1,2026-05-14,2026-05-16,122,120,1105.82,Recibida
803606,1033,4,1,2026-05-25,2026-05-26,124,121,1105.82,Recibida
803607,1033,4,1,2026-06-14,2026-06-15,93,91,1105.82,Recibida
803608,1033,4,1,2026-06-24,2026-06-25,107,107,1105.82,Recibida
803609,1033,4,1,2026-07-06,2026-07-07,153,153,1105.82,Recibida
803610,1033,4,1,2026-07-16,2026-07-17,131,129,1105.82,Recibida
803611,1033,4,1,2026-07-29,2026-07-30,128,126,1105.82,Recibida
803612,1033,4,2,2025-07-04,2025-07-05,76,51,1105.82,Parcial
803613,1033,4,2,2025-07-07,2025-07-08,137,136,1105.82,Recibida
803614,1033,4,2,2025-07-26,2025-07-28,136,135,1105.82,Recibida
803615,1033,4,2,2025-08-14,2025-08-16,98,98,1105.82,Recibida
803616,1033,4,2,2025-08-30,2025-08-31,105,102,1105.82,Recibida
803617,1033,4,2,2025-09-12,2025-09-14,83,82,1105.82,Recibida
803618,1033,4,2,2025-09-27,2025-09-28,102,0,1105.82,Cancelada
803619,1033,4,2,2025-09-28,2025-09-30,117,115,1105.82,Recibida
803620,1033,4,2,2025-10-04,2025-10-06,103,100,1105.82,Recibida
803621,1033,4,2,2025-10-25,2025-10-26,104,103,1105.82,Recibida
803622,1033,4,2,2025-11-07,2025-11-09,101,99,1105.82,Recibida
803623,1033,4,2,2025-11-22,2025-11-24,80,78,1105.82,Recibida
803624,1033,4,2,2025-12-05,2025-12-06,97,97,1105.82,Recibida
803625,1033,4,2,2025-12-14,2025-12-15,92,92,1105.82,Recibida
803626,1033,4,2,2025-12-19,2025-12-21,113,110,1105.82,Recibida
803627,1033,4,2,2025-12-29,2025-12-30,112,110,1105.82,Recibida
803628,1033,4,2,2026-01-11,2026-01-13,144,140,1105.82,Recibida
803629,1033,4,2,2026-01-29,2026-01-30,120,117,1105.82,Recibida
803630,1033,4,2,2026-02-18,2026-02-19,105,102,1105.82,Recibida
803631,1033,4,2,2026-03-07,2026-03-09,86,62,1105.82,Parcial
803632,1033,4,2,2026-03-19,2026-03-20,99,98,1105.82,Recibida
803633,1033,4,2,2026-04-13,2026-04-14,89,88,1105.82,Recibida
803634,1033,4,2,2026-04-25,2026-04-26,69,69,1105.82,Recibida
803635,1033,4,2,2026-05-04,2026-05-05,84,53,1105.82,Parcial
803636,1033,4,2,2026-05-12,2026-05-13,71,41,1105.82,Parcial
803637,1033,4,2,2026-05-22,2026-05-23,121,120,1105.82,Recibida
803638,1033,4,2,2026-06-12,2026-06-13,72,70,1105.82,Recibida
803639,1033,4,2,2026-06-19,2026-06-20,81,80,1105.82,Recibida
803640,1033,4,2,2026-06-29,2026-06-30,99,98,1105.82,Recibida
803641,1033,4,2,2026-07-14,2026-07-15,93,92,1105.82,Recibida
803642,1033,4,2,2026-07-27,2026-07-28,94,92,1105.82,Recibida
803643,1033,4,3,2025-07-06,2025-07-07,57,56,1105.82,Recibida
803644,1033,4,3,2025-07-11,2025-07-12,92,0,1105.82,Cancelada
803645,1033,4,3,2025-07-12,2025-07-14,104,70,1105.82,Parcial
803646,1033,4,3,2025-07-26,2025-07-28,91,90,1105.82,Recibida
803647,1033,4,3,2025-08-10,2025-08-11,79,47,1105.82,Parcial
803648,1033,4,3,2025-08-20,2025-08-21,68,67,1105.82,Recibida
803649,1033,4,3,2025-08-29,2025-08-30,63,63,1105.82,Recibida
803650,1033,4,3,2025-09-09,2025-09-11,73,72,1105.82,Recibida
803651,1033,4,3,2025-09-21,2025-09-22,76,76,1105.82,Recibida
803652,1033,4,3,2025-10-04,2025-10-06,76,75,1105.82,Recibida
803653,1033,4,3,2025-10-15,2025-10-17,78,53,1105.82,Parcial
803654,1033,4,3,2025-10-24,2025-10-26,94,68,1105.82,Parcial
803655,1033,4,3,2025-11-07,2025-11-08,73,71,1105.82,Recibida
803656,1033,4,3,2025-11-22,2025-11-23,71,69,1105.82,Recibida
803657,1033,4,3,2025-12-01,2025-12-02,82,81,1105.82,Recibida
803658,1033,4,3,2025-12-05,2025-12-07,94,91,1105.82,Recibida
803659,1033,4,3,2025-12-21,2025-12-23,128,126,1105.82,Recibida
803660,1033,4,3,2026-01-05,2026-01-06,98,75,1105.82,Parcial
803661,1033,4,3,2026-01-22,2026-01-24,78,77,1105.82,Recibida
803662,1033,4,3,2026-02-04,2026-02-05,111,108,1105.82,Recibida
803663,1033,4,3,2026-02-23,2026-02-24,74,72,1105.82,Recibida
803664,1033,4,3,2026-03-06,2026-03-07,77,76,1105.82,Recibida
803665,1033,4,3,2026-03-21,2026-03-23,80,64,1105.82,Parcial
803666,1033,4,3,2026-03-30,2026-03-31,69,67,1105.82,Recibida
803667,1033,4,3,2026-04-11,2026-04-12,81,80,1105.82,Recibida
803668,1033,4,3,2026-04-27,2026-04-29,86,84,1105.82,Recibida
803669,1033,4,3,2026-05-14,2026-05-15,65,64,1105.82,Recibida
803670,1033,4,3,2026-05-22,2026-05-23,66,65,1105.82,Recibida
803671,1033,4,3,2026-06-02,2026-06-03,68,67,1105.82,Recibida
803672,1033,4,3,2026-06-14,2026-06-15,93,93,1105.82,Recibida
803673,1033,4,3,2026-06-27,2026-06-28,80,56,1105.82,Parcial
803674,1033,4,3,2026-07-15,2026-07-16,79,77,1105.82,Recibida
803675,1034,4,1,2025-07-03,2025-07-06,50,50,952.04,Recibida
803676,1034,4,1,2025-07-11,2025-07-15,57,56,952.04,Recibida
803677,1034,4,1,2025-07-20,2025-07-22,58,57,952.04,Recibida
803678,1034,4,1,2025-07-30,2025-08-02,60,42,952.04,Parcial
803679,1034,4,1,2025-08-08,2025-08-10,60,59,952.04,Recibida
803680,1034,4,1,2025-08-24,2025-08-28,50,49,952.04,Recibida
803681,1034,4,1,2025-09-02,2025-09-05,52,42,952.04,Parcial
803682,1034,4,1,2025-09-16,2025-09-19,46,45,952.04,Recibida
803683,1034,4,1,2025-09-20,2025-09-24,51,50,952.04,Recibida
803684,1034,4,1,2025-10-01,2025-10-05,50,49,952.04,Recibida
803685,1034,4,1,2025-10-11,2025-10-13,50,49,952.04,Recibida
803686,1034,4,1,2025-10-18,2025-10-22,53,35,952.04,Parcial
803687,1034,4,1,2025-10-24,2025-10-28,65,64,952.04,Recibida
803688,1034,4,1,2025-11-08,2025-11-10,50,49,952.04,Recibida
803689,1034,4,1,2025-11-20,2025-11-22,56,56,952.04,Recibida
803690,1034,4,1,2025-12-06,2025-12-08,57,56,952.04,Recibida
803691,1034,4,1,2025-12-15,2025-12-17,44,39,952.04,Parcial
803692,1034,4,1,2025-12-20,2025-12-23,49,48,952.04,Recibida
803693,1034,4,1,2025-12-30,2026-01-02,60,59,952.04,Recibida
803694,1034,4,1,2026-01-15,2026-01-17,49,48,952.04,Recibida
803695,1034,4,1,2026-01-30,2026-02-03,51,50,952.04,Recibida
803696,1034,4,1,2026-02-09,2026-02-11,49,48,952.04,Recibida
803697,1034,4,1,2026-02-13,2026-02-16,47,46,952.04,Recibida
803698,1034,4,1,2026-02-23,2026-02-26,50,49,952.04,Recibida
803699,1034,4,1,2026-03-08,2026-03-12,49,48,952.04,Recibida
803700,1034,4,1,2026-03-14,2026-03-17,56,54,952.04,Recibida
803701,1034,4,1,2026-04-01,2026-04-05,48,47,952.04,Recibida
803702,1034,4,1,2026-04-08,2026-04-10,49,49,952.04,Recibida
803703,1034,4,1,2026-04-25,2026-04-29,47,36,952.04,Parcial
803704,1034,4,1,2026-05-01,2026-05-05,49,49,952.04,Recibida
803705,1034,4,1,2026-05-09,2026-05-13,51,50,952.04,Recibida
803706,1034,4,1,2026-05-21,2026-05-25,49,49,952.04,Recibida
803707,1034,4,1,2026-06-04,2026-06-08,47,47,952.04,Recibida
803708,1034,4,1,2026-06-16,2026-06-19,61,0,952.04,Cancelada
803709,1034,4,1,2026-06-17,2026-06-20,62,61,952.04,Recibida
803710,1034,4,1,2026-06-29,2026-07-01,49,48,952.04,Recibida
803711,1034,4,1,2026-07-07,2026-07-09,53,52,952.04,Recibida
803712,1034,4,1,2026-07-18,2026-07-20,47,33,952.04,Parcial
803713,1034,4,1,2026-07-24,2026-07-27,51,0,952.04,Cancelada
803714,1034,4,1,2026-07-25,2026-07-28,56,54,952.04,Recibida
803715,1034,4,2,2025-07-04,2025-07-06,36,36,952.04,Recibida
803716,1034,4,2,2025-07-11,2025-07-15,51,50,952.04,Recibida
803717,1034,4,2,2025-08-02,2025-08-06,36,31,952.04,Parcial
803718,1034,4,2,2025-08-09,2025-08-13,43,42,952.04,Recibida
803719,1034,4,2,2025-08-20,2025-08-23,33,32,952.04,Recibida
803720,1034,4,2,2025-08-30,2025-09-02,32,31,952.04,Recibida
803721,1034,4,2,2025-09-05,2025-09-07,37,36,952.04,Recibida
803722,1034,4,2,2025-09-17,2025-09-21,36,35,952.04,Recibida
803723,1034,4,2,2025-09-26,2025-09-30,38,24,952.04,Parcial
803724,1034,4,2,2025-10-09,2025-10-13,39,39,952.04,Recibida
803725,1034,4,2,2025-10-16,2025-10-18,33,33,952.04,Recibida
803726,1034,4,2,2025-10-25,2025-10-29,50,49,952.04,Recibida
803727,1034,4,2,2025-10-31,2025-11-02,48,47,952.04,Recibida
803728,1034,4,2,2025-11-05,2025-11-09,47,0,952.04,Cancelada
803729,1034,4,2,2025-11-06,2025-11-09,66,65,952.04,Recibida
803730,1034,4,2,2025-11-22,2025-11-25,62,60,952.04,Recibida
803731,1034,4,2,2025-12-06,2025-12-08,51,50,952.04,Recibida
803732,1034,4,2,2025-12-17,2025-12-19,48,47,952.04,Recibida
803733,1034,4,2,2025-12-26,2025-12-28,47,46,952.04,Recibida
803734,1034,4,2,2026-01-05,2026-01-08,49,48,952.04,Recibida
803735,1034,4,2,2026-01-23,2026-01-26,43,0,952.04,Cancelada
803736,1034,4,2,2026-01-24,2026-01-28,62,60,952.04,Recibida
803737,1034,4,2,2026-02-07,2026-02-11,37,36,952.04,Recibida
803738,1034,4,2,2026-02-19,2026-02-21,38,38,952.04,Recibida
803739,1034,4,2,2026-02-27,2026-03-02,51,51,952.04,Recibida
803740,1034,4,2,2026-03-06,2026-03-08,43,29,952.04,Parcial
803741,1034,4,2,2026-03-12,2026-03-16,48,48,952.04,Recibida
803742,1034,4,2,2026-04-01,2026-04-04,43,43,952.04,Recibida
803743,1034,4,2,2026-04-13,2026-04-17,39,39,952.04,Recibida
803744,1034,4,2,2026-04-25,2026-04-28,37,36,952.04,Recibida
803745,1034,4,2,2026-05-02,2026-05-06,37,25,952.04,Parcial
803746,1034,4,2,2026-05-06,2026-05-08,50,49,952.04,Recibida
803747,1034,4,2,2026-05-20,2026-05-22,41,41,952.04,Recibida
803748,1034,4,2,2026-06-03,2026-06-06,49,49,952.04,Recibida
803749,1034,4,2,2026-06-15,2026-06-19,41,41,952.04,Recibida
803750,1034,4,2,2026-06-25,2026-06-28,40,29,952.04,Parcial
803751,1034,4,2,2026-07-05,2026-07-08,41,40,952.04,Recibida
803752,1034,4,2,2026-07-15,2026-07-17,44,43,952.04,Recibida
803753,1034,4,3,2025-07-06,2025-07-10,34,34,952.04,Recibida
803754,1034,4,3,2025-07-11,2025-07-15,42,27,952.04,Parcial
803755,1034,4,3,2025-07-26,2025-07-29,29,29,952.04,Recibida
803756,1034,4,3,2025-08-11,2025-08-14,32,32,952.04,Recibida
803757,1034,4,3,2025-08-21,2025-08-23,36,36,952.04,Recibida
803758,1034,4,3,2025-08-31,2025-09-04,32,31,952.04,Recibida
803759,1034,4,3,2025-09-10,2025-09-13,31,31,952.04,Recibida
803760,1034,4,3,2025-09-22,2025-09-25,35,34,952.04,Recibida
803761,1034,4,3,2025-10-04,2025-10-07,30,29,952.04,Recibida
803762,1034,4,3,2025-10-19,2025-10-22,26,26,952.04,Recibida
803763,1034,4,3,2025-10-27,2025-10-30,33,32,952.04,Recibida
803764,1034,4,3,2025-11-09,2025-11-13,30,29,952.04,Recibida
803765,1034,4,3,2025-11-19,2025-11-22,28,28,952.04,Recibida
803766,1034,4,3,2025-11-29,2025-12-02,31,31,952.04,Recibida
803767,1034,4,3,2025-12-06,2025-12-09,42,42,952.04,Recibida
803768,1034,4,3,2025-12-15,2025-12-19,31,0,952.04,Cancelada
803769,1034,4,3,2025-12-16,2025-12-19,42,41,952.04,Recibida
803770,1034,4,3,2025-12-22,2025-12-25,41,41,952.04,Recibida
803771,1034,4,3,2026-01-04,2026-01-07,40,39,952.04,Recibida
803772,1034,4,3,2026-01-16,2026-01-18,49,48,952.04,Recibida
803773,1034,4,3,2026-01-31,2026-02-02,51,51,952.04,Recibida
803774,1034,4,3,2026-02-13,2026-02-16,35,30,952.04,Parcial
803775,1034,4,3,2026-02-25,2026-03-01,41,40,952.04,Recibida
803776,1034,4,3,2026-03-09,2026-03-11,34,34,952.04,Recibida
803777,1034,4,3,2026-03-23,2026-03-27,29,28,952.04,Recibida
803778,1034,4,3,2026-04-03,2026-04-07,37,37,952.04,Recibida
803779,1034,4,3,2026-04-08,2026-04-10,37,36,952.04,Recibida
803780,1034,4,3,2026-04-17,2026-04-21,36,35,952.04,Recibida
803781,1034,4,3,2026-04-27,2026-04-30,35,34,952.04,Recibida
803782,1034,4,3,2026-05-15,2026-05-17,33,33,952.04,Recibida
803783,1034,4,3,2026-05-27,2026-05-31,34,33,952.04,Recibida
803784,1034,4,3,2026-06-03,2026-06-05,31,31,952.04,Recibida
803785,1034,4,3,2026-06-11,2026-06-14,34,33,952.04,Recibida
803786,1034,4,3,2026-06-22,2026-06-25,35,35,952.04,Recibida
803787,1034,4,3,2026-07-09,2026-07-12,39,39,952.04,Recibida
803788,1034,4,3,2026-07-24,2026-07-27,27,27,952.04,Recibida
803789,1034,4,3,2026-08-01,,26,,952.04,Pendiente
803790,1035,4,1,2025-07-03,2025-07-05,157,154,476.86,Recibida
803791,1035,4,1,2025-07-16,2025-07-19,163,162,476.86,Recibida
803792,1035,4,1,2025-07-27,2025-07-30,155,152,476.86,Recibida
803793,1035,4,1,2025-08-05,2025-08-09,162,124,476.86,Parcial
803794,1035,4,1,2025-08-14,2025-08-18,168,148,476.86,Parcial
803795,1035,4,1,2025-08-21,2025-08-24,157,153,476.86,Recibida
803796,1035,4,1,2025-08-30,2025-09-01,181,178,476.86,Recibida
803797,1035,4,1,2025-09-11,2025-09-13,205,115,476.86,Parcial
803798,1035,4,1,2025-09-18,2025-09-21,188,186,476.86,Recibida
803799,1035,4,1,2025-09-29,2025-10-02,171,170,476.86,Recibida
803800,1035,4,1,2025-10-10,2025-10-14,165,165,476.86,Recibida
803801,1035,4,1,2025-10-25,2025-10-27,198,196,476.86,Recibida
803802,1035,4,1,2025-11-07,2025-11-11,149,147,476.86,Recibida
803803,1035,4,1,2025-11-12,2025-11-16,157,154,476.86,Recibida
803804,1035,4,1,2025-11-24,2025-11-26,185,180,476.86,Recibida
803805,1035,4,1,2025-11-29,2025-12-02,204,200,476.86,Recibida
803806,1035,4,1,2025-12-04,2025-12-08,221,129,476.86,Parcial
803807,1035,4,1,2025-12-09,2025-12-12,224,218,476.86,Recibida
803808,1035,4,1,2025-12-18,2025-12-20,253,251,476.86,Recibida
803809,1035,4,1,2025-12-27,2025-12-30,244,240,476.86,Recibida
803810,1035,4,1,2026-01-06,2026-01-08,255,253,476.86,Recibida
803811,1035,4,1,2026-01-23,2026-01-25,246,0,476.86,Cancelada
803812,1035,4,1,2026-01-24,2026-01-28,256,250,476.86,Recibida
803813,1035,4,1,2026-02-06,2026-02-08,222,219,476.86,Recibida
803814,1035,4,1,2026-02-19,2026-02-23,186,128,476.86,Parcial
803815,1035,4,1,2026-02-28,2026-03-04,202,202,476.86,Recibida
803816,1035,4,1,2026-03-13,2026-03-17,178,173,476.86,Recibida
803817,1035,4,1,2026-03-21,2026-03-23,200,198,476.86,Recibida
803818,1035,4,1,2026-04-05,2026-04-07,165,165,476.86,Recibida
803819,1035,4,1,2026-04-11,2026-04-15,183,178,476.86,Recibida
803820,1035,4,1,2026-04-22,2026-04-24,183,181,476.86,Recibida
803821,1035,4,1,2026-05-05,2026-05-08,180,178,476.86,Recibida
803822,1035,4,1,2026-05-14,2026-05-16,175,173,476.86,Recibida
803823,1035,4,1,2026-05-26,2026-05-30,159,156,476.86,Recibida
803824,1035,4,1,2026-06-02,2026-06-05,172,168,476.86,Recibida
803825,1035,4,1,2026-06-13,2026-06-17,227,225,476.86,Recibida
803826,1035,4,1,2026-06-23,2026-06-25,188,187,476.86,Recibida
803827,1035,4,1,2026-07-02,2026-07-06,187,182,476.86,Recibida
803828,1035,4,1,2026-07-13,2026-07-17,188,188,476.86,Recibida
803829,1035,4,1,2026-07-22,2026-07-24,240,235,476.86,Recibida
803830,1035,4,1,2026-07-31,,199,,476.86,Pendiente
803831,1035,4,1,2026-08-01,,206,,476.86,Pendiente
803832,1035,4,2,2025-07-09,2025-07-12,116,115,476.86,Recibida
803833,1035,4,2,2025-07-19,2025-07-23,151,148,476.86,Recibida
803834,1035,4,2,2025-07-25,2025-07-27,141,139,476.86,Recibida
803835,1035,4,2,2025-08-04,2025-08-07,146,143,476.86,Recibida
803836,1035,4,2,2025-08-15,2025-08-19,150,148,476.86,Recibida
803837,1035,4,2,2025-08-23,2025-08-25,202,201,476.86,Recibida
803838,1035,4,2,2025-08-31,2025-09-04,173,96,476.86,Parcial
803839,1035,4,2,2025-09-12,2025-09-14,148,146,476.86,Recibida
803840,1035,4,2,2025-09-20,2025-09-23,207,206,476.86,Recibida
803841,1035,4,2,2025-10-03,2025-10-05,171,171,476.86,Recibida
803842,1035,4,2,2025-10-20,2025-10-23,139,137,476.86,Recibida
803843,1035,4,2,2025-10-27,2025-10-30,176,175,476.86,Recibida
803844,1035,4,2,2025-11-13,2025-11-17,130,129,476.86,Recibida
803845,1035,4,2,2025-11-21,2025-11-23,162,158,476.86,Recibida
803846,1035,4,2,2025-11-29,2025-12-03,162,162,476.86,Recibida
803847,1035,4,2,2025-12-10,2025-12-12,147,89,476.86,Parcial
803848,1035,4,2,2025-12-15,2025-12-17,162,158,476.86,Recibida
803849,1035,4,2,2025-12-21,2025-12-25,173,172,476.86,Recibida
803850,1035,4,2,2025-12-29,2026-01-02,216,210,476.86,Recibida
803851,1035,4,2,2026-01-10,2026-01-12,210,210,476.86,Recibida
803852,1035,4,2,2026-01-27,2026-01-31,187,182,476.86,Recibida
803853,1035,4,2,2026-02-11,2026-02-15,146,145,476.86,Recibida
803854,1035,4,2,2026-02-21,2026-02-25,163,161,476.86,Recibida
803855,1035,4,2,2026-03-01,2026-03-05,142,140,476.86,Recibida
803856,1035,4,2,2026-03-12,2026-03-14,167,167,476.86,Recibida
803857,1035,4,2,2026-03-21,2026-03-23,156,152,476.86,Recibida
803858,1035,4,2,2026-04-02,2026-04-06,184,182,476.86,Recibida
803859,1035,4,2,2026-04-12,2026-04-16,164,162,476.86,Recibida
803860,1035,4,2,2026-05-02,2026-05-06,139,136,476.86,Recibida
803861,1035,4,2,2026-05-11,2026-05-15,137,136,476.86,Recibida
803862,1035,4,2,2026-05-23,2026-05-27,140,136,476.86,Recibida
803863,1035,4,2,2026-06-05,2026-06-08,163,161,476.86,Recibida
803864,1035,4,2,2026-06-13,2026-06-15,185,185,476.86,Recibida
803865,1035,4,2,2026-06-26,2026-06-28,137,136,476.86,Recibida
803866,1035,4,2,2026-07-06,2026-07-10,144,140,476.86,Recibida
803867,1035,4,2,2026-07-17,2026-07-19,136,136,476.86,Recibida
803868,1035,4,2,2026-07-24,2026-07-27,147,106,476.86,Parcial
803869,1035,4,2,2026-07-31,,157,,476.86,Pendiente
803870,1035,4,2,2026-08-01,,162,,476.86,Pendiente
803871,1035,4,3,2025-07-06,2025-07-08,109,109,476.86,Recibida
803872,1035,4,3,2025-07-18,2025-07-20,123,119,476.86,Recibida
803873,1035,4,3,2025-07-26,2025-07-28,113,112,476.86,Recibida
803874,1035,4,3,2025-08-08,2025-08-12,104,103,476.86,Recibida
803875,1035,4,3,2025-08-16,2025-08-20,114,112,476.86,Recibida
803876,1035,4,3,2025-08-24,2025-08-26,120,117,476.86,Recibida
803877,1035,4,3,2025-09-01,2025-09-05,122,119,476.86,Recibida
803878,1035,4,3,2025-09-13,2025-09-17,144,87,476.86,Parcial
803879,1035,4,3,2025-09-23,2025-09-25,116,95,476.86,Parcial
803880,1035,4,3,2025-09-29,2025-10-01,123,122,476.86,Recibida
803881,1035,4,3,2025-10-11,2025-10-15,131,131,476.86,Recibida
803882,1035,4,3,2025-10-18,2025-10-20,152,150,476.86,Recibida
803883,1035,4,3,2025-10-31,2025-11-03,133,131,476.86,Recibida
803884,1035,4,3,2025-11-10,2025-11-13,135,131,476.86,Recibida
803885,1035,4,3,2025-11-17,2025-11-21,154,153,476.86,Recibida
803886,1035,4,3,2025-11-27,2025-12-01,151,150,476.86,Recibida
803887,1035,4,3,2025-12-10,2025-12-14,171,166,476.86,Recibida
803888,1035,4,3,2025-12-22,2025-12-24,150,147,476.86,Recibida
803889,1035,4,3,2026-01-03,2026-01-05,180,177,476.86,Recibida
803890,1035,4,3,2026-01-18,2026-01-21,139,137,476.86,Recibida
803891,1035,4,3,2026-01-30,2026-02-01,127,71,476.86,Parcial
803892,1035,4,3,2026-02-07,2026-02-09,122,121,476.86,Recibida
803893,1035,4,3,2026-02-19,2026-02-23,118,82,476.86,Parcial
803894,1035,4,3,2026-02-28,2026-03-03,109,107,476.86,Recibida
803895,1035,4,3,2026-03-07,2026-03-11,114,111,476.86,Recibida
803896,1035,4,3,2026-03-19,2026-03-23,158,156,476.86,Recibida
803897,1035,4,3,2026-03-30,2026-04-02,125,121,476.86,Recibida
803898,1035,4,3,2026-04-08,2026-04-12,121,118,476.86,Recibida
803899,1035,4,3,2026-04-16,2026-04-18,146,80,476.86,Parcial
803900,1035,4,3,2026-04-21,2026-04-24,129,125,476.86,Recibida
803901,1035,4,3,2026-04-29,2026-05-02,141,141,476.86,Recibida
803902,1035,4,3,2026-05-09,2026-05-12,140,139,476.86,Recibida
803903,1035,4,3,2026-05-19,2026-05-21,147,146,476.86,Recibida
803904,1035,4,3,2026-06-03,2026-06-07,129,128,476.86,Recibida
803905,1035,4,3,2026-06-11,2026-06-14,149,145,476.86,Recibida
803906,1035,4,3,2026-06-25,2026-06-27,133,130,476.86,Recibida
803907,1035,4,3,2026-07-04,2026-07-06,135,134,476.86,Recibida
803908,1035,4,3,2026-07-18,2026-07-22,132,128,476.86,Recibida
803909,1035,4,3,2026-07-27,2026-07-31,145,141,476.86,Recibida
803910,1036,5,1,2025-07-04,2025-07-13,25,25,1508.69,Recibida
803911,1036,5,1,2025-07-13,2025-07-22,30,25,1508.69,Parcial
803912,1036,5,1,2025-07-22,2025-07-30,32,0,1508.69,Cancelada
803913,1036,5,1,2025-07-23,2025-08-01,32,31,1508.69,Recibida
803914,1036,5,1,2025-08-01,2025-08-09,35,35,1508.69,Recibida
803915,1036,5,1,2025-08-09,2025-08-18,26,26,1508.69,Recibida
803916,1036,5,1,2025-08-18,2025-08-26,25,24,1508.69,Recibida
803917,1036,5,1,2025-08-29,2025-09-05,25,25,1508.69,Recibida
803918,1036,5,1,2025-09-10,2025-09-19,21,13,1508.69,Parcial
803919,1036,5,1,2025-09-20,2025-09-27,20,20,1508.69,Recibida
803920,1036,5,1,2025-09-27,2025-10-05,24,24,1508.69,Recibida
803921,1036,5,1,2025-10-05,2025-10-14,29,29,1508.69,Recibida
803922,1036,5,1,2025-10-14,2025-10-23,28,27,1508.69,Recibida
803923,1036,5,1,2025-10-23,2025-11-01,27,22,1508.69,Parcial
803924,1036,5,1,2025-11-01,2025-11-09,36,36,1508.69,Recibida
803925,1036,5,1,2025-11-09,2025-11-16,24,23,1508.69,Recibida
803926,1036,5,1,2025-11-16,2025-11-23,24,23,1508.69,Recibida
803927,1036,5,1,2025-11-29,2025-12-08,20,20,1508.69,Recibida
803928,1036,5,1,2025-12-08,2025-12-16,26,25,1508.69,Recibida
803929,1036,5,1,2025-12-16,2025-12-25,31,30,1508.69,Recibida
803930,1036,5,1,2025-12-25,2026-01-01,28,27,1508.69,Recibida
803931,1036,5,1,2026-01-01,2026-01-09,31,31,1508.69,Recibida
803932,1036,5,1,2026-01-09,2026-01-16,38,37,1508.69,Recibida
803933,1036,5,1,2026-01-16,2026-01-25,36,35,1508.69,Recibida
803934,1036,5,1,2026-01-25,2026-02-02,40,40,1508.69,Recibida
803935,1036,5,1,2026-02-02,2026-02-10,32,32,1508.69,Recibida
803936,1036,5,1,2026-02-10,2026-02-18,32,31,1508.69,Recibida
803937,1036,5,1,2026-02-19,2026-02-27,30,29,1508.69,Recibida
803938,1036,5,1,2026-03-03,2026-03-12,30,30,1508.69,Recibida
803939,1036,5,1,2026-03-14,2026-03-23,25,24,1508.69,Recibida
803940,1036,5,1,2026-03-23,2026-04-01,24,24,1508.69,Recibida
803941,1036,5,1,2026-04-01,2026-04-08,25,24,1508.69,Recibida
803942,1036,5,1,2026-04-08,2026-04-17,23,23,1508.69,Recibida
803943,1036,5,1,2026-04-17,2026-04-26,23,23,1508.69,Recibida
803944,1036,5,1,2026-04-26,2026-05-05,36,36,1508.69,Recibida
803945,1036,5,1,2026-05-05,2026-05-12,24,24,1508.69,Recibida
803946,1036,5,1,2026-05-12,2026-05-19,26,26,1508.69,Recibida
803947,1036,5,1,2026-05-19,2026-05-26,25,25,1508.69,Recibida
803948,1036,5,1,2026-05-30,2026-06-08,24,24,1508.69,Recibida
803949,1036,5,1,2026-06-08,2026-06-16,23,18,1508.69,Parcial
803950,1036,5,1,2026-06-16,2026-06-25,30,30,1508.69,Recibida
803951,1036,5,1,2026-06-25,2026-07-04,26,25,1508.69,Recibida
803952,1036,5,1,2026-07-04,2026-07-11,43,42,1508.69,Recibida
803953,1036,5,1,2026-07-11,2026-07-20,26,26,1508.69,Recibida
803954,1036,5,1,2026-07-20,2026-07-28,26,25,1508.69,Recibida
803955,1036,5,1,2026-07-31,,23,,1508.69,Pendiente
803956,1036,5,1,2026-08-01,,24,,1508.69,Pendiente
803957,1036,5,2,2025-07-04,2025-07-12,20,20,1508.69,Recibida
803958,1036,5,2,2025-07-12,2025-07-19,23,22,1508.69,Recibida
803959,1036,5,2,2025-07-19,2025-07-26,24,24,1508.69,Recibida
803960,1036,5,2,2025-07-26,2025-08-04,27,27,1508.69,Recibida
803961,1036,5,2,2025-08-04,2025-08-12,25,15,1508.69,Parcial
803962,1036,5,2,2025-08-12,2025-08-19,43,43,1508.69,Recibida
803963,1036,5,2,2025-08-19,2025-08-27,25,25,1508.69,Recibida
803964,1036,5,2,2025-08-28,2025-09-04,25,25,1508.69,Recibida
803965,1036,5,2,2025-09-08,2025-09-17,24,23,1508.69,Recibida
803966,1036,5,2,2025-09-17,2025-09-24,23,22,1508.69,Recibida
803967,1036,5,2,2025-09-24,2025-10-02,26,26,1508.69,Recibida
803968,1036,5,2,2025-10-02,2025-10-10,22,22,1508.69,Recibida
803969,1036,5,2,2025-10-10,2025-10-19,23,23,1508.69,Recibida
803970,1036,5,2,2025-10-19,2025-10-27,24,24,1508.69,Recibida
803971,1036,5,2,2025-10-27,2025-11-03,23,23,1508.69,Recibida
803972,1036,5,2,2025-11-07,2025-11-15,20,20,1508.69,Recibida
803973,1036,5,2,2025-11-15,2025-11-23,23,23,1508.69,Recibida
803974,1036,5,2,2025-11-23,2025-11-30,31,31,1508.69,Recibida
803975,1036,5,2,2025-11-30,2025-12-08,23,22,1508.69,Recibida
803976,1036,5,2,2025-12-08,2025-12-15,23,23,1508.69,Recibida
803977,1036,5,2,2025-12-15,2025-12-23,24,24,1508.69,Recibida
803978,1036,5,2,2025-12-23,2025-12-30,36,35,1508.69,Recibida
803979,1036,5,2,2025-12-30,2026-01-08,26,25,1508.69,Recibida
803980,1036,5,2,2026-01-08,2026-01-15,24,24,1508.69,Recibida
803981,1036,5,2,2026-01-19,2026-01-28,23,22,1508.69,Recibida
803982,1036,5,2,2026-01-28,2026-02-06,22,21,1508.69,Recibida
803983,1036,5,2,2026-02-07,2026-02-16,20,18,1508.69,Parcial
803984,1036,5,2,2026-02-17,2026-02-25,18,18,1508.69,Recibida
803985,1036,5,2,2026-02-25,2026-03-05,32,32,1508.69,Recibida
803986,1036,5,2,2026-03-05,2026-03-14,22,22,1508.69,Recibida
803987,1036,5,2,2026-03-14,2026-03-23,22,21,1508.69,Recibida
803988,1036,5,2,2026-03-23,2026-04-01,21,21,1508.69,Recibida
803989,1036,5,2,2026-04-01,2026-04-09,24,24,1508.69,Recibida
803990,1036,5,2,2026-04-09,2026-04-16,25,25,1508.69,Recibida
803991,1036,5,2,2026-04-16,2026-04-25,21,0,1508.69,Cancelada
803992,1036,5,2,2026-04-17,2026-04-26,21,12,1508.69,Parcial
803993,1036,5,2,2026-04-26,2026-05-03,36,35,1508.69,Recibida
803994,1036,5,2,2026-05-03,2026-05-10,22,17,1508.69,Parcial
803995,1036,5,2,2026-05-11,2026-05-20,22,22,1508.69,Recibida
803996,1036,5,2,2026-05-20,2026-05-28,21,20,1508.69,Recibida
803997,1036,5,2,2026-05-29,2026-06-07,21,20,1508.69,Recibida
803998,1036,5,2,2026-06-07,2026-06-15,20,20,1508.69,Recibida
803999,1036,5,2,2026-06-15,2026-06-24,18,18,1508.69,Recibida
804000,1036,5,2,2026-06-24,2026-07-03,21,21,1508.69,Recibida
804001,1036,5,2,2026-07-03,2026-07-11,20,20,1508.69,Recibida
804002,1036,5,2,2026-07-11,2026-07-18,37,36,1508.69,Recibida
804003,1036,5,2,2026-07-18,2026-07-26,23,22,1508.69,Recibida
804004,1036,5,2,2026-07-30,,20,,1508.69,Pendiente
804005,1036,5,2,2026-07-31,,20,,1508.69,Pendiente
804006,1036,5,2,2026-08-01,,21,,1508.69,Pendiente
804007,1036,5,3,2025-07-12,2025-07-21,15,11,1508.69,Parcial
804008,1036,5,3,2025-07-21,2025-07-30,14,14,1508.69,Recibida
804009,1036,5,3,2025-07-30,2025-08-06,17,17,1508.69,Recibida
804010,1036,5,3,2025-08-06,2025-08-15,16,16,1508.69,Recibida
804011,1036,5,3,2025-08-15,2025-08-24,25,25,1508.69,Recibida
804012,1036,5,3,2025-08-24,2025-08-31,16,11,1508.69,Parcial
804013,1036,5,3,2025-08-31,2025-09-07,18,18,1508.69,Recibida
804014,1036,5,3,2025-09-07,2025-09-15,17,17,1508.69,Recibida
804015,1036,5,3,2025-09-15,2025-09-23,17,17,1508.69,Recibida
804016,1036,5,3,2025-09-23,2025-10-02,17,17,1508.69,Recibida
804017,1036,5,3,2025-10-02,2025-10-10,28,17,1508.69,Parcial
804018,1036,5,3,2025-10-10,2025-10-18,27,20,1508.69,Parcial
804019,1036,5,3,2025-10-18,2025-10-26,26,26,1508.69,Recibida
804020,1036,5,3,2025-10-26,2025-11-02,20,12,1508.69,Parcial
804021,1036,5,3,2025-11-02,2025-11-11,19,19,1508.69,Recibida
804022,1036,5,3,2025-11-11,2025-11-18,19,19,1508.69,Recibida
804023,1036,5,3,2025-11-18,2025-11-25,17,17,1508.69,Recibida
804024,1036,5,3,2025-11-28,2025-12-07,16,16,1508.69,Recibida
804025,1036,5,3,2025-12-07,2025-12-15,20,20,1508.69,Recibida
804026,1036,5,3,2025-12-15,2025-12-22,17,0,1508.69,Cancelada
804027,1036,5,3,2025-12-16,2025-12-23,18,18,1508.69,Recibida
804028,1036,5,3,2025-12-23,2025-12-30,29,17,1508.69,Parcial
804029,1036,5,3,2025-12-30,2026-01-08,29,29,1508.69,Recibida
804030,1036,5,3,2026-01-08,2026-01-16,20,14,1508.69,Parcial
804031,1036,5,3,2026-01-16,2026-01-23,25,0,1508.69,Cancelada
804032,1036,5,3,2026-01-17,2026-01-26,26,26,1508.69,Recibida
804033,1036,5,3,2026-01-26,2026-02-04,19,19,1508.69,Recibida
804034,1036,5,3,2026-02-04,2026-02-13,19,18,1508.69,Recibida
804035,1036,5,3,2026-02-13,2026-02-22,18,11,1508.69,Parcial
804036,1036,5,3,2026-02-22,2026-03-01,22,21,1508.69,Recibida
804037,1036,5,3,2026-03-01,2026-03-10,17,17,1508.69,Recibida
804038,1036,5,3,2026-03-10,2026-03-18,19,19,1508.69,Recibida
804039,1036,5,3,2026-03-18,2026-03-25,17,17,1508.69,Recibida
804040,1036,5,3,2026-03-25,2026-04-02,23,23,1508.69,Recibida
804041,1036,5,3,2026-04-02,2026-04-11,27,27,1508.69,Recibida
804042,1036,5,3,2026-04-11,2026-04-20,21,21,1508.69,Recibida
804043,1036,5,3,2026-04-20,2026-04-28,21,20,1508.69,Recibida
804044,1036,5,3,2026-04-28,2026-05-06,26,26,1508.69,Recibida
804045,1036,5,3,2026-05-06,2026-05-14,30,29,1508.69,Recibida
804046,1036,5,3,2026-05-14,2026-05-22,21,21,1508.69,Recibida
804047,1036,5,3,2026-05-26,2026-06-03,19,19,1508.69,Recibida
804048,1036,5,3,2026-06-05,2026-06-12,20,0,1508.69,Cancelada
804049,1036,5,3,2026-06-06,2026-06-14,20,20,1508.69,Recibida
804050,1036,5,3,2026-06-14,2026-06-23,21,21,1508.69,Recibida
804051,1036,5,3,2026-06-23,2026-07-01,18,18,1508.69,Recibida
804052,1036,5,3,2026-07-01,2026-07-09,18,18,1508.69,Recibida
804053,1036,5,3,2026-07-18,2026-07-25,16,16,1508.69,Recibida
804054,1036,5,3,2026-07-30,,13,,1508.69,Pendiente
804055,1036,5,3,2026-07-31,,13,,1508.69,Pendiente
804056,1036,5,3,2026-08-01,,15,,1508.69,Pendiente
804057,1037,5,1,2025-07-03,2025-07-09,5,5,845.78,Recibida
804058,1037,5,1,2025-07-09,2025-07-14,18,18,845.78,Recibida
804059,1037,5,1,2025-08-04,2025-08-10,6,6,845.78,Recibida
804060,1037,5,1,2025-08-10,2025-08-16,13,13,845.78,Recibida
804061,1037,5,1,2025-08-23,2025-08-29,10,10,845.78,Recibida
804062,1037,5,1,2025-09-04,2025-09-10,5,5,845.78,Recibida
804063,1037,5,1,2025-09-20,2025-09-25,6,6,845.78,Recibida
804064,1037,5,1,2025-10-03,2025-10-10,5,5,845.78,Recibida
804065,1037,5,1,2025-10-15,2025-10-20,5,5,845.78,Recibida
804066,1037,5,1,2025-11-01,2025-11-06,8,8,845.78,Recibida
804067,1037,5,1,2025-11-06,2025-11-13,5,5,845.78,Recibida
804068,1037,5,1,2025-11-13,2025-11-20,5,5,845.78,Recibida
804069,1037,5,1,2025-11-21,2025-11-26,5,4,845.78,Parcial
804070,1037,5,1,2025-11-29,2025-12-04,13,13,845.78,Recibida
804071,1037,5,1,2025-12-07,2025-12-13,5,5,845.78,Recibida
804072,1037,5,1,2025-12-14,2025-12-21,5,4,845.78,Parcial
804073,1037,5,1,2025-12-21,2025-12-26,5,5,845.78,Recibida
804074,1037,5,1,2025-12-26,2026-01-02,5,5,845.78,Recibida
804075,1037,5,1,2026-01-02,2026-01-09,16,16,845.78,Recibida
804076,1037,5,1,2026-01-11,2026-01-18,6,6,845.78,Recibida
804077,1037,5,1,2026-01-18,2026-01-25,7,7,845.78,Recibida
804078,1037,5,1,2026-01-26,2026-01-31,7,7,845.78,Recibida
804079,1037,5,1,2026-01-31,2026-02-06,11,11,845.78,Recibida
804080,1037,5,1,2026-02-06,2026-02-11,7,7,845.78,Recibida
804081,1037,5,1,2026-03-03,2026-03-08,6,6,845.78,Recibida
804082,1037,5,1,2026-03-12,2026-03-18,5,4,845.78,Parcial
804083,1037,5,1,2026-03-24,2026-03-31,5,5,845.78,Recibida
804084,1037,5,1,2026-03-31,2026-04-06,13,13,845.78,Recibida
804085,1037,5,1,2026-04-09,2026-04-14,5,5,845.78,Recibida
804086,1037,5,1,2026-04-15,2026-04-21,5,5,845.78,Recibida
804087,1037,5,1,2026-04-29,2026-05-05,6,4,845.78,Parcial
804088,1037,5,1,2026-05-05,2026-05-11,8,8,845.78,Recibida
804089,1037,5,1,2026-05-11,2026-05-18,6,6,845.78,Recibida
804090,1037,5,1,2026-05-31,2026-06-05,5,4,845.78,Parcial
804091,1037,5,1,2026-06-06,2026-06-12,5,5,845.78,Recibida
804092,1037,5,1,2026-06-12,2026-06-19,12,12,845.78,Recibida
804093,1037,5,1,2026-06-21,2026-06-28,5,5,845.78,Recibida
804094,1037,5,1,2026-06-28,2026-07-05,7,5,845.78,Parcial
804095,1037,5,1,2026-07-05,2026-07-10,5,5,845.78,Recibida
804096,1037,5,1,2026-07-10,2026-07-16,7,7,845.78,Recibida
804097,1037,5,1,2026-07-16,2026-07-23,8,5,845.78,Parcial
804098,1037,5,1,2026-07-23,2026-07-28,13,10,845.78,Parcial
804099,1037,5,1,2026-07-29,,6,,845.78,Pendiente
804100,1037,5,1,2026-07-30,,7,,845.78,Pendiente
804101,1037,5,1,2026-07-31,,13,,845.78,Pendiente
804102,1037,5,1,2026-08-01,,14,,845.78,Pendiente
804103,1037,5,2,2025-07-08,2025-07-14,8,6,845.78,Parcial
804104,1037,5,2,2025-07-14,2025-07-21,7,7,845.78,Recibida
804105,1037,5,2,2025-07-21,2025-07-26,5,5,845.78,Recibida
804106,1037,5,2,2025-08-03,2025-08-10,5,5,845.78,Recibida
804107,1037,5,2,2025-08-10,2025-08-15,9,9,845.78,Recibida
804108,1037,5,2,2025-08-21,2025-08-28,5,5,845.78,Recibida
804109,1037,5,2,2025-08-28,2025-09-04,7,7,845.78,Recibida
804110,1037,5,2,2025-09-04,2025-09-11,5,0,845.78,Cancelada
804111,1037,5,2,2025-09-05,2025-09-12,5,5,845.78,Recibida
804112,1037,5,2,2025-09-12,2025-09-19,8,8,845.78,Recibida
804113,1037,5,2,2025-09-19,2025-09-24,5,5,845.78,Recibida
804114,1037,5,2,2025-09-26,2025-10-03,5,5,845.78,Recibida
804115,1037,5,2,2025-10-03,2025-10-10,5,5,845.78,Recibida
804116,1037,5,2,2025-10-13,2025-10-20,5,5,845.78,Recibida
804117,1037,5,2,2025-10-22,2025-10-29,10,10,845.78,Recibida
804118,1037,5,2,2025-10-29,2025-11-05,8,8,845.78,Recibida
804119,1037,5,2,2025-11-05,2025-11-10,9,7,845.78,Parcial
804120,1037,5,2,2025-11-10,2025-11-17,6,5,845.78,Parcial
804121,1037,5,2,2025-11-17,2025-11-24,10,10,845.78,Recibida
804122,1037,5,2,2025-12-02,2025-12-08,6,6,845.78,Recibida
804123,1037,5,2,2025-12-08,2025-12-13,10,10,845.78,Recibida
804124,1037,5,2,2025-12-25,2026-01-01,5,5,845.78,Recibida
804125,1037,5,2,2026-01-01,2026-01-08,7,7,845.78,Recibida
804126,1037,5,2,2026-01-08,2026-01-15,14,14,845.78,Recibida
804127,1037,5,2,2026-01-24,2026-01-31,5,5,845.78,Recibida
804128,1037,5,2,2026-01-31,2026-02-05,7,7,845.78,Recibida
804129,1037,5,2,2026-02-13,2026-02-18,5,5,845.78,Recibida
804130,1037,5,2,2026-02-26,2026-03-03,6,6,845.78,Recibida
804131,1037,5,2,2026-03-09,2026-03-14,5,4,845.78,Parcial
804132,1037,5,2,2026-03-31,2026-04-07,5,5,845.78,Recibida
804133,1037,5,2,2026-04-07,2026-04-14,6,6,845.78,Recibida
804134,1037,5,2,2026-04-14,2026-04-20,9,9,845.78,Recibida
804135,1037,5,2,2026-04-20,2026-04-25,7,7,845.78,Recibida
804136,1037,5,2,2026-04-25,2026-04-30,7,7,845.78,Recibida
804137,1037,5,2,2026-04-30,2026-05-07,6,5,845.78,Parcial
804138,1037,5,2,2026-05-08,2026-05-15,6,6,845.78,Recibida
804139,1037,5,2,2026-05-15,2026-05-22,6,5,845.78,Parcial
804140,1037,5,2,2026-05-22,2026-05-29,6,6,845.78,Recibida
804141,1037,5,2,2026-06-01,2026-06-07,5,5,845.78,Recibida
804142,1037,5,2,2026-06-09,2026-06-16,7,7,845.78,Recibida
804143,1037,5,2,2026-06-16,2026-06-23,5,5,845.78,Recibida
804144,1037,5,2,2026-06-23,2026-06-30,10,10,845.78,Recibida
804145,1037,5,2,2026-06-30,2026-07-07,6,4,845.78,Parcial
804146,1037,5,2,2026-07-07,2026-07-12,13,13,845.78,Recibida
804147,1037,5,2,2026-07-16,2026-07-23,6,6,845.78,Recibida
804148,1037,5,2,2026-07-30,,5,,845.78,Pendiente
804149,1037,5,2,2026-07-31,,7,,845.78,Pendiente
804150,1037,5,2,2026-08-01,,10,,845.78,Pendiente
804151,1037,5,3,2025-07-09,2025-07-14,5,3,845.78,Parcial
804152,1037,5,3,2025-07-14,2025-07-19,11,11,845.78,Recibida
804153,1037,5,3,2025-07-23,2025-07-30,7,7,845.78,Recibida
804154,1037,5,3,2025-07-30,2025-08-04,7,7,845.78,Recibida
804155,1037,5,3,2025-08-16,2025-08-22,9,9,845.78,Recibida
804156,1037,5,3,2025-08-22,2025-08-27,6,6,845.78,Recibida
804157,1037,5,3,2025-09-02,2025-09-09,5,5,845.78,Recibida
804158,1037,5,3,2025-09-09,2025-09-14,10,10,845.78,Recibida
804159,1037,5,3,2025-09-25,2025-09-30,5,5,845.78,Recibida
804160,1037,5,3,2025-10-01,2025-10-07,6,6,845.78,Recibida
804161,1037,5,3,2025-10-25,2025-11-01,5,5,845.78,Recibida
804162,1037,5,3,2025-11-05,2025-11-10,5,5,845.78,Recibida
804163,1037,5,3,2025-11-27,2025-12-03,5,5,845.78,Recibida
804164,1037,5,3,2025-12-06,2025-12-11,5,0,845.78,Cancelada
804165,1037,5,3,2025-12-07,2025-12-13,8,8,845.78,Recibida
804166,1037,5,3,2025-12-13,2025-12-18,5,5,845.78,Recibida
804167,1037,5,3,2025-12-19,2025-12-25,5,5,845.78,Recibida
804168,1037,5,3,2025-12-25,2025-12-31,14,14,845.78,Recibida
804169,1037,5,3,2026-01-20,2026-01-26,5,0,845.78,Cancelada
804170,1037,5,3,2026-01-21,2026-01-28,5,5,845.78,Recibida
804171,1037,5,3,2026-01-28,2026-02-03,7,7,845.78,Recibida
804172,1037,5,3,2026-02-04,2026-02-10,5,5,845.78,Recibida
804173,1037,5,3,2026-02-10,2026-02-16,12,12,845.78,Recibida
804174,1037,5,3,2026-02-21,2026-02-26,5,5,845.78,Recibida
804175,1037,5,3,2026-03-06,2026-03-11,5,5,845.78,Recibida
804176,1037,5,3,2026-03-11,2026-03-18,8,8,845.78,Recibida
804177,1037,5,3,2026-03-18,2026-03-23,7,7,845.78,Recibida
804178,1037,5,3,2026-04-20,2026-04-25,5,5,845.78,Recibida
804179,1037,5,3,2026-04-29,2026-05-05,5,5,845.78,Recibida
804180,1037,5,3,2026-05-13,2026-05-19,5,5,845.78,Recibida
804181,1037,5,3,2026-05-19,2026-05-25,5,5,845.78,Recibida
804182,1037,5,3,2026-05-25,2026-06-01,5,0,845.78,Cancelada
804183,1037,5,3,2026-05-26,2026-05-31,5,5,845.78,Recibida
804184,1037,5,3,2026-05-31,2026-06-05,5,5,845.78,Recibida
804185,1037,5,3,2026-06-05,2026-06-11,7,4,845.78,Parcial
804186,1037,5,3,2026-06-11,2026-06-17,8,8,845.78,Recibida
804187,1037,5,3,2026-06-20,2026-06-26,5,5,845.78,Recibida
804188,1037,5,3,2026-07-09,2026-07-16,5,3,845.78,Parcial
804189,1037,5,3,2026-07-18,2026-07-24,5,4,845.78,Parcial
804190,1038,5,1,2025-07-12,2025-07-20,45,45,2548.21,Recibida
804191,1038,5,1,2025-07-20,2025-07-26,38,37,2548.21,Recibida
804192,1038,5,1,2025-07-26,2025-08-01,51,51,2548.21,Recibida
804193,1038,5,1,2025-08-01,2025-08-08,66,64,2548.21,Recibida
804194,1038,5,1,2025-08-08,2025-08-14,45,44,2548.21,Recibida
804195,1038,5,1,2025-08-15,2025-08-22,45,44,2548.21,Recibida
804196,1038,5,1,2025-08-25,2025-08-31,44,43,2548.21,Recibida
804197,1038,5,1,2025-08-31,2025-09-08,44,43,2548.21,Recibida
804198,1038,5,1,2025-09-08,2025-09-16,53,53,2548.21,Recibida
804199,1038,5,1,2025-09-16,2025-09-24,41,40,2548.21,Recibida
804200,1038,5,1,2025-09-24,2025-10-02,45,26,2548.21,Parcial
804201,1038,5,1,2025-10-02,2025-10-09,62,62,2548.21,Recibida
804202,1038,5,1,2025-10-09,2025-10-17,66,65,2548.21,Recibida
804203,1038,5,1,2025-10-17,2025-10-24,59,59,2548.21,Recibida
804204,1038,5,1,2025-10-25,2025-11-02,44,44,2548.21,Recibida
804205,1038,5,1,2025-11-02,2025-11-09,44,44,2548.21,Recibida
804206,1038,5,1,2025-11-09,2025-11-15,42,34,2548.21,Parcial
804207,1038,5,1,2025-11-15,2025-11-22,44,44,2548.21,Recibida
804208,1038,5,1,2025-11-22,2025-11-30,42,41,2548.21,Recibida
804209,1038,5,1,2025-11-30,2025-12-07,64,48,2548.21,Parcial
804210,1038,5,1,2025-12-07,2025-12-14,85,84,2548.21,Recibida
804211,1038,5,1,2025-12-14,2025-12-21,51,50,2548.21,Recibida
804212,1038,5,1,2025-12-21,2025-12-27,103,101,2548.21,Recibida
804213,1038,5,1,2025-12-27,2026-01-03,67,52,2548.21,Parcial
804214,1038,5,1,2026-01-03,2026-01-10,76,0,2548.21,Cancelada
804215,1038,5,1,2026-01-04,2026-01-12,83,81,2548.21,Recibida
804216,1038,5,1,2026-01-12,2026-01-18,69,69,2548.21,Recibida
804217,1038,5,1,2026-01-19,2026-01-26,63,63,2548.21,Recibida
804218,1038,5,1,2026-02-05,2026-02-13,49,48,2548.21,Recibida
804219,1038,5,1,2026-02-17,2026-02-23,42,41,2548.21,Recibida
804220,1038,5,1,2026-02-23,2026-03-03,40,39,2548.21,Recibida
804221,1038,5,1,2026-03-03,2026-03-11,40,39,2548.21,Recibida
804222,1038,5,1,2026-03-11,2026-03-19,61,61,2548.21,Recibida
804223,1038,5,1,2026-03-19,2026-03-26,40,39,2548.21,Recibida
804224,1038,5,1,2026-03-30,2026-04-06,39,39,2548.21,Recibida
804225,1038,5,1,2026-04-06,2026-04-13,39,38,2548.21,Recibida
804226,1038,5,1,2026-04-13,2026-04-21,58,41,2548.21,Parcial
804227,1038,5,1,2026-04-21,2026-04-28,74,74,2548.21,Recibida
804228,1038,5,1,2026-04-28,2026-05-04,43,42,2548.21,Recibida
804229,1038,5,1,2026-05-04,2026-05-11,44,44,2548.21,Recibida
804230,1038,5,1,2026-05-11,2026-05-19,61,60,2548.21,Recibida
804231,1038,5,1,2026-05-19,2026-05-26,80,79,2548.21,Recibida
804232,1038,5,1,2026-05-26,2026-06-01,52,51,2548.21,Recibida
804233,1038,5,1,2026-06-05,2026-06-12,48,48,2548.21,Recibida
804234,1038,5,1,2026-06-12,2026-06-20,48,47,2548.21,Recibida
804235,1038,5,1,2026-06-20,2026-06-27,49,49,2548.21,Recibida
804236,1038,5,1,2026-06-27,2026-07-03,48,48,2548.21,Recibida
804237,1038,5,1,2026-07-04,2026-07-11,45,44,2548.21,Recibida
804238,1038,5,1,2026-07-11,2026-07-19,47,46,2548.21,Recibida
804239,1038,5,1,2026-07-19,2026-07-25,47,0,2548.21,Cancelada
804240,1038,5,1,2026-07-20,2026-07-26,46,0,2548.21,Cancelada
804241,1038,5,1,2026-07-21,2026-07-28,46,0,2548.21,Cancelada
804242,1038,5,1,2026-07-22,2026-07-28,47,46,2548.21,Recibida
804243,1038,5,1,2026-07-28,,44,,2548.21,Pendiente
804244,1038,5,1,2026-07-29,,45,,2548.21,Pendiente
804245,1038,5,1,2026-07-30,,49,,2548.21,Pendiente
804246,1038,5,1,2026-07-31,,56,,2548.21,Pendiente
804247,1038,5,1,2026-08-01,,73,,2548.21,Pendiente
804248,1038,5,2,2025-07-07,2025-07-14,49,0,2548.21,Cancelada
804249,1038,5,2,2025-07-08,2025-07-15,58,57,2548.21,Recibida
804250,1038,5,2,2025-07-18,2025-07-26,47,47,2548.21,Recibida
804251,1038,5,2,2025-07-26,2025-08-01,43,43,2548.21,Recibida
804252,1038,5,2,2025-08-02,2025-08-08,40,40,2548.21,Recibida
804253,1038,5,2,2025-08-11,2025-08-19,37,36,2548.21,Recibida
804254,1038,5,2,2025-08-19,2025-08-25,41,40,2548.21,Recibida
804255,1038,5,2,2025-08-25,2025-08-31,39,38,2548.21,Recibida
804256,1038,5,2,2025-08-31,2025-09-06,39,24,2548.21,Parcial
804257,1038,5,2,2025-09-06,2025-09-12,38,38,2548.21,Recibida
804258,1038,5,2,2025-09-12,2025-09-19,38,37,2548.21,Recibida
804259,1038,5,2,2025-09-19,2025-09-26,39,38,2548.21,Recibida
804260,1038,5,2,2025-09-26,2025-10-04,39,39,2548.21,Recibida
804261,1038,5,2,2025-10-04,2025-10-11,37,37,2548.21,Recibida
804262,1038,5,2,2025-10-11,2025-10-17,37,37,2548.21,Recibida
804263,1038,5,2,2025-10-17,2025-10-24,39,29,2548.21,Parcial
804264,1038,5,2,2025-10-24,2025-11-01,37,36,2548.21,Recibida
804265,1038,5,2,2025-11-01,2025-11-08,36,35,2548.21,Recibida
804266,1038,5,2,2025-11-08,2025-11-16,43,26,2548.21,Parcial
804267,1038,5,2,2025-11-16,2025-11-23,81,67,2548.21,Parcial
804268,1038,5,2,2025-11-23,2025-11-30,39,38,2548.21,Recibida
804269,1038,5,2,2025-12-01,2025-12-08,36,36,2548.21,Recibida
804270,1038,5,2,2025-12-08,2025-12-15,38,37,2548.21,Recibida
804271,1038,5,2,2025-12-15,2025-12-22,57,56,2548.21,Recibida
804272,1038,5,2,2025-12-22,2025-12-30,54,54,2548.21,Recibida
804273,1038,5,2,2025-12-30,2026-01-07,65,63,2548.21,Recibida
804274,1038,5,2,2026-01-07,2026-01-15,49,48,2548.21,Recibida
804275,1038,5,2,2026-01-15,2026-01-22,44,44,2548.21,Recibida
804276,1038,5,2,2026-01-23,2026-01-29,44,43,2548.21,Recibida
804277,1038,5,2,2026-01-30,2026-02-07,42,28,2548.21,Parcial
804278,1038,5,2,2026-02-07,2026-02-14,49,30,2548.21,Parcial
804279,1038,5,2,2026-02-14,2026-02-21,52,51,2548.21,Recibida
804280,1038,5,2,2026-02-21,2026-03-01,37,37,2548.21,Recibida
804281,1038,5,2,2026-03-01,2026-03-09,37,37,2548.21,Recibida
804282,1038,5,2,2026-03-09,2026-03-17,37,36,2548.21,Recibida
804283,1038,5,2,2026-03-17,2026-03-23,34,0,2548.21,Cancelada
804284,1038,5,2,2026-03-18,2026-03-26,34,33,2548.21,Recibida
804285,1038,5,2,2026-03-26,2026-04-01,42,42,2548.21,Recibida
804286,1038,5,2,2026-04-01,2026-04-08,34,33,2548.21,Recibida
804287,1038,5,2,2026-04-08,2026-04-14,35,34,2548.21,Recibida
804288,1038,5,2,2026-04-14,2026-04-22,45,44,2548.21,Recibida
804289,1038,5,2,2026-04-22,2026-04-30,54,53,2548.21,Recibida
804290,1038,5,2,2026-04-30,2026-05-07,49,48,2548.21,Recibida
804291,1038,5,2,2026-05-07,2026-05-13,39,32,2548.21,Parcial
804292,1038,5,2,2026-05-13,2026-05-21,39,38,2548.21,Recibida
804293,1038,5,2,2026-05-21,2026-05-29,40,39,2548.21,Recibida
804294,1038,5,2,2026-05-29,2026-06-05,36,35,2548.21,Recibida
804295,1038,5,2,2026-06-11,2026-06-18,32,0,2548.21,Cancelada
804296,1038,5,2,2026-06-12,2026-06-20,31,31,2548.21,Recibida
804297,1038,5,2,2026-06-24,2026-07-02,27,27,2548.21,Recibida
804298,1038,5,2,2026-07-02,2026-07-09,39,39,2548.21,Recibida
804299,1038,5,2,2026-07-09,2026-07-15,37,37,2548.21,Recibida
804300,1038,5,2,2026-07-15,2026-07-23,27,26,2548.21,Recibida
804301,1038,5,2,2026-07-23,2026-07-30,33,33,2548.21,Recibida
804302,1038,5,2,2026-07-30,,36,,2548.21,Pendiente
804303,1038,5,2,2026-07-31,,46,,2548.21,Pendiente
804304,1038,5,2,2026-08-01,,55,,2548.21,Pendiente
804305,1038,5,3,2025-07-09,2025-07-16,32,32,2548.21,Recibida
804306,1038,5,3,2025-07-16,2025-07-24,53,33,2548.21,Parcial
804307,1038,5,3,2025-07-24,2025-07-30,33,0,2548.21,Cancelada
804308,1038,5,3,2025-07-25,2025-08-02,38,37,2548.21,Recibida
804309,1038,5,3,2025-08-02,2025-08-09,46,46,2548.21,Recibida
804310,1038,5,3,2025-08-09,2025-08-17,32,31,2548.21,Recibida
804311,1038,5,3,2025-08-17,2025-08-24,32,31,2548.21,Recibida
804312,1038,5,3,2025-08-24,2025-08-31,31,19,2548.21,Parcial
804313,1038,5,3,2025-08-31,2025-09-08,29,28,2548.21,Recibida
804314,1038,5,3,2025-09-08,2025-09-15,29,19,2548.21,Parcial
804315,1038,5,3,2025-09-15,2025-09-21,26,26,2548.21,Recibida
804316,1038,5,3,2025-09-21,2025-09-27,27,26,2548.21,Recibida
804317,1038,5,3,2025-09-27,2025-10-05,28,28,2548.21,Recibida
804318,1038,5,3,2025-10-08,2025-10-15,24,23,2548.21,Recibida
804319,1038,5,3,2025-10-15,2025-10-21,28,27,2548.21,Recibida
804320,1038,5,3,2025-10-21,2025-10-27,25,25,2548.21,Recibida
804321,1038,5,3,2025-10-29,2025-11-05,25,25,2548.21,Recibida
804322,1038,5,3,2025-11-07,2025-11-15,24,23,2548.21,Recibida
804323,1038,5,3,2025-11-15,2025-11-22,28,28,2548.21,Recibida
804324,1038,5,3,2025-11-22,2025-11-28,43,43,2548.21,Recibida
804325,1038,5,3,2025-11-28,2025-12-05,26,25,2548.21,Recibida
804326,1038,5,3,2025-12-05,2025-12-12,45,44,2548.21,Recibida
804327,1038,5,3,2025-12-12,2025-12-20,47,47,2548.21,Recibida
804328,1038,5,3,2025-12-20,2025-12-26,51,0,2548.21,Cancelada
804329,1038,5,3,2025-12-21,2025-12-28,59,59,2548.21,Recibida
804330,1038,5,3,2025-12-28,2026-01-03,35,35,2548.21,Recibida
804331,1038,5,3,2026-01-03,2026-01-11,37,0,2548.21,Cancelada
804332,1038,5,3,2026-01-04,2026-01-10,36,35,2548.21,Recibida
804333,1038,5,3,2026-01-12,2026-01-20,35,34,2548.21,Recibida
804334,1038,5,3,2026-01-20,2026-01-28,33,32,2548.21,Recibida
804335,1038,5,3,2026-01-28,2026-02-03,31,31,2548.21,Recibida
804336,1038,5,3,2026-02-03,2026-02-10,39,39,2548.21,Recibida
804337,1038,5,3,2026-02-11,2026-02-17,32,31,2548.21,Recibida
804338,1038,5,3,2026-02-21,2026-02-27,30,30,2548.21,Recibida
804339,1038,5,3,2026-02-27,2026-03-05,31,0,2548.21,Cancelada
804340,1038,5,3,2026-02-28,2026-03-06,46,45,2548.21,Recibida
804341,1038,5,3,2026-03-07,2026-03-14,33,27,2548.21,Parcial
804342,1038,5,3,2026-03-14,2026-03-20,32,31,2548.21,Recibida
804343,1038,5,3,2026-03-23,2026-03-31,48,47,2548.21,Recibida
804344,1038,5,3,2026-03-31,2026-04-07,42,42,2548.21,Recibida
804345,1038,5,3,2026-04-07,2026-04-15,35,34,2548.21,Recibida
804346,1038,5,3,2026-04-15,2026-04-21,41,40,2548.21,Recibida
804347,1038,5,3,2026-04-21,2026-04-27,35,34,2548.21,Recibida
804348,1038,5,3,2026-04-27,2026-05-04,37,36,2548.21,Recibida
804349,1038,5,3,2026-05-04,2026-05-10,42,41,2548.21,Recibida
804350,1038,5,3,2026-05-10,2026-05-17,36,24,2548.21,Parcial
804351,1038,5,3,2026-05-17,2026-05-24,35,34,2548.21,Recibida
804352,1038,5,3,2026-05-24,2026-06-01,36,24,2548.21,Parcial
804353,1038,5,3,2026-06-01,2026-06-09,37,37,2548.21,Recibida
804354,1038,5,3,2026-06-09,2026-06-16,39,39,2548.21,Recibida
804355,1038,5,3,2026-06-17,2026-06-25,31,30,2548.21,Recibida
804356,1038,5,3,2026-06-26,2026-07-04,29,0,2548.21,Cancelada
804357,1038,5,3,2026-06-27,2026-07-03,30,30,2548.21,Recibida
804358,1038,5,3,2026-07-04,2026-07-11,29,29,2548.21,Recibida
804359,1038,5,3,2026-07-11,2026-07-19,45,45,2548.21,Recibida
804360,1038,5,3,2026-07-19,2026-07-27,45,45,2548.21,Recibida
804361,1038,5,3,2026-07-27,,39,,2548.21,Pendiente
804362,1038,5,3,2026-07-28,,57,,2548.21,Pendiente
804363,1038,5,3,2026-07-29,,65,,2548.21,Pendiente
804364,1038,5,3,2026-07-30,,63,,2548.21,Pendiente
804365,1038,5,3,2026-07-31,,69,,2548.21,Pendiente
804366,1038,5,3,2026-08-01,,77,,2548.21,Pendiente
804367,1039,5,1,2025-07-07,2025-07-13,108,0,1338.21,Cancelada
804368,1039,5,1,2025-07-08,2025-07-14,115,115,1338.21,Recibida
804369,1039,5,1,2025-07-14,2025-07-19,104,103,1338.21,Recibida
804370,1039,5,1,2025-07-25,2025-07-31,73,72,1338.21,Recibida
804371,1039,5,1,2025-08-04,2025-08-10,73,52,1338.21,Parcial
804372,1039,5,1,2025-08-10,2025-08-16,66,45,1338.21,Parcial
804373,1039,5,1,2025-08-16,2025-08-22,160,156,1338.21,Recibida
804374,1039,5,1,2025-08-25,2025-09-01,66,66,1338.21,Recibida
804375,1039,5,1,2025-09-01,2025-09-06,64,63,1338.21,Recibida
804376,1039,5,1,2025-09-06,2025-09-11,65,64,1338.21,Recibida
804377,1039,5,1,2025-09-12,2025-09-18,98,96,1338.21,Recibida
804378,1039,5,1,2025-09-18,2025-09-23,99,98,1338.21,Recibida
804379,1039,5,1,2025-09-24,2025-09-30,75,73,1338.21,Recibida
804380,1039,5,1,2025-10-01,2025-10-06,69,46,1338.21,Parcial
804381,1039,5,1,2025-10-06,2025-10-11,71,70,1338.21,Recibida
804382,1039,5,1,2025-10-11,2025-10-18,79,78,1338.21,Recibida
804383,1039,5,1,2025-10-18,2025-10-24,74,44,1338.21,Parcial
804384,1039,5,1,2025-10-24,2025-10-29,70,70,1338.21,Recibida
804385,1039,5,1,2025-10-31,2025-11-05,67,66,1338.21,Recibida
804386,1039,5,1,2025-11-05,2025-11-12,65,63,1338.21,Recibida
804387,1039,5,1,2025-11-12,2025-11-19,76,74,1338.21,Recibida
804388,1039,5,1,2025-11-19,2025-11-24,65,64,1338.21,Recibida
804389,1039,5,1,2025-11-25,2025-11-30,64,63,1338.21,Recibida
804390,1039,5,1,2025-11-30,2025-12-07,66,44,1338.21,Parcial
804391,1039,5,1,2025-12-07,2025-12-12,116,114,1338.21,Recibida
804392,1039,5,1,2025-12-12,2025-12-18,113,89,1338.21,Parcial
804393,1039,5,1,2025-12-18,2025-12-24,185,180,1338.21,Recibida
804394,1039,5,1,2025-12-24,2025-12-30,96,94,1338.21,Recibida
804395,1039,5,1,2025-12-30,2026-01-04,127,126,1338.21,Recibida
804396,1039,5,1,2026-01-08,2026-01-15,90,89,1338.21,Recibida
804397,1039,5,1,2026-01-15,2026-01-20,142,0,1338.21,Cancelada
804398,1039,5,1,2026-01-16,2026-01-23,154,152,1338.21,Recibida
804399,1039,5,1,2026-01-27,2026-02-01,116,114,1338.21,Recibida
804400,1039,5,1,2026-02-06,2026-02-11,79,78,1338.21,Recibida
804401,1039,5,1,2026-02-14,2026-02-21,73,0,1338.21,Cancelada
804402,1039,5,1,2026-02-15,2026-02-21,78,77,1338.21,Recibida
804403,1039,5,1,2026-02-24,2026-03-02,69,68,1338.21,Recibida
804404,1039,5,1,2026-03-03,2026-03-09,64,37,1338.21,Parcial
804405,1039,5,1,2026-03-09,2026-03-14,109,107,1338.21,Recibida
804406,1039,5,1,2026-03-14,2026-03-20,65,64,1338.21,Recibida
804407,1039,5,1,2026-03-20,2026-03-27,65,65,1338.21,Recibida
804408,1039,5,1,2026-03-27,2026-04-02,96,95,1338.21,Recibida
804409,1039,5,1,2026-04-02,2026-04-07,67,67,1338.21,Recibida
804410,1039,5,1,2026-04-07,2026-04-12,70,70,1338.21,Recibida
804411,1039,5,1,2026-04-13,2026-04-18,71,70,1338.21,Recibida
804412,1039,5,1,2026-04-18,2026-04-23,73,72,1338.21,Recibida
804413,1039,5,1,2026-04-28,2026-05-03,66,65,1338.21,Recibida
804414,1039,5,1,2026-05-03,2026-05-09,68,66,1338.21,Recibida
804415,1039,5,1,2026-05-09,2026-05-16,67,65,1338.21,Recibida
804416,1039,5,1,2026-05-16,2026-05-21,95,92,1338.21,Recibida
804417,1039,5,1,2026-05-24,2026-05-31,65,65,1338.21,Recibida
804418,1039,5,1,2026-05-31,2026-06-05,80,80,1338.21,Recibida
804419,1039,5,1,2026-06-05,2026-06-12,85,84,1338.21,Recibida
804420,1039,5,1,2026-06-12,2026-06-19,89,89,1338.21,Recibida
804421,1039,5,1,2026-06-19,2026-06-24,80,78,1338.21,Recibida
804422,1039,5,1,2026-06-24,2026-07-01,71,71,1338.21,Recibida
804423,1039,5,1,2026-07-01,2026-07-08,74,74,1338.21,Recibida
804424,1039,5,1,2026-07-08,2026-07-14,81,80,1338.21,Recibida
804425,1039,5,1,2026-07-14,2026-07-20,90,90,1338.21,Recibida
804426,1039,5,1,2026-07-22,2026-07-27,70,69,1338.21,Recibida
804427,1039,5,1,2026-07-29,,70,,1338.21,Pendiente
804428,1039,5,1,2026-07-30,,78,,1338.21,Pendiente
804429,1039,5,1,2026-07-31,,88,,1338.21,Pendiente
804430,1039,5,1,2026-08-01,,89,,1338.21,Pendiente
804431,1039,5,2,2025-07-03,2025-07-09,56,55,1338.21,Recibida
804432,1039,5,2,2025-07-09,2025-07-15,84,83,1338.21,Recibida
804433,1039,5,2,2025-07-15,2025-07-22,69,60,1338.21,Parcial
804434,1039,5,2,2025-07-22,2025-07-27,65,64,1338.21,Recibida
804435,1039,5,2,2025-07-28,2025-08-02,62,62,1338.21,Recibida
804436,1039,5,2,2025-08-02,2025-08-07,73,71,1338.21,Recibida
804437,1039,5,2,2025-08-09,2025-08-14,63,61,1338.21,Recibida
804438,1039,5,2,2025-08-18,2025-08-23,59,58,1338.21,Recibida
804439,1039,5,2,2025-08-23,2025-08-30,60,58,1338.21,Recibida
804440,1039,5,2,2025-08-30,2025-09-05,59,58,1338.21,Recibida
804441,1039,5,2,2025-09-07,2025-09-12,56,45,1338.21,Parcial
804442,1039,5,2,2025-09-12,2025-09-17,55,55,1338.21,Recibida
804443,1039,5,2,2025-09-19,2025-09-26,58,58,1338.21,Recibida
804444,1039,5,2,2025-09-27,2025-10-04,59,58,1338.21,Recibida
804445,1039,5,2,2025-10-04,2025-10-11,66,65,1338.21,Recibida
804446,1039,5,2,2025-10-11,2025-10-18,52,35,1338.21,Parcial
804447,1039,5,2,2025-10-18,2025-10-23,115,115,1338.21,Recibida
804448,1039,5,2,2025-10-25,2025-11-01,74,73,1338.21,Recibida
804449,1039,5,2,2025-11-01,2025-11-07,55,54,1338.21,Recibida
804450,1039,5,2,2025-11-10,2025-11-16,58,58,1338.21,Recibida
804451,1039,5,2,2025-11-16,2025-11-21,53,52,1338.21,Recibida
804452,1039,5,2,2025-11-21,2025-11-26,55,54,1338.21,Recibida
804453,1039,5,2,2025-11-26,2025-12-03,54,52,1338.21,Recibida
804454,1039,5,2,2025-12-03,2025-12-08,64,63,1338.21,Recibida
804455,1039,5,2,2025-12-08,2025-12-13,133,131,1338.21,Recibida
804456,1039,5,2,2025-12-13,2025-12-18,77,75,1338.21,Recibida
804457,1039,5,2,2025-12-20,2025-12-26,81,80,1338.21,Recibida
804458,1039,5,2,2025-12-26,2026-01-01,83,81,1338.21,Recibida
804459,1039,5,2,2026-01-01,2026-01-07,85,84,1338.21,Recibida
804460,1039,5,2,2026-01-07,2026-01-14,75,73,1338.21,Recibida
804461,1039,5,2,2026-01-16,2026-01-22,73,45,1338.21,Parcial
804462,1039,5,2,2026-01-22,2026-01-29,97,73,1338.21,Parcial
804463,1039,5,2,2026-01-29,2026-02-04,68,67,1338.21,Recibida
804464,1039,5,2,2026-02-05,2026-02-10,63,62,1338.21,Recibida
804465,1039,5,2,2026-02-13,2026-02-20,58,57,1338.21,Recibida
804466,1039,5,2,2026-02-20,2026-02-27,83,68,1338.21,Parcial
804467,1039,5,2,2026-02-27,2026-03-05,120,71,1338.21,Parcial
804468,1039,5,2,2026-03-05,2026-03-10,109,108,1338.21,Recibida
804469,1039,5,2,2026-03-13,2026-03-19,67,38,1338.21,Parcial
804470,1039,5,2,2026-03-19,2026-03-26,74,73,1338.21,Recibida
804471,1039,5,2,2026-03-27,2026-04-01,60,58,1338.21,Recibida
804472,1039,5,2,2026-04-01,2026-04-08,60,59,1338.21,Recibida
804473,1039,5,2,2026-04-10,2026-04-15,56,56,1338.21,Recibida
804474,1039,5,2,2026-04-17,2026-04-24,53,37,1338.21,Parcial
804475,1039,5,2,2026-04-24,2026-04-29,84,82,1338.21,Recibida
804476,1039,5,2,2026-04-29,2026-05-04,64,36,1338.21,Parcial
804477,1039,5,2,2026-05-04,2026-05-09,84,82,1338.21,Recibida
804478,1039,5,2,2026-05-09,2026-05-15,60,60,1338.21,Recibida
804479,1039,5,2,2026-05-16,2026-05-23,58,57,1338.21,Recibida
804480,1039,5,2,2026-05-23,2026-05-29,73,73,1338.21,Recibida
804481,1039,5,2,2026-05-29,2026-06-03,66,65,1338.21,Recibida
804482,1039,5,2,2026-06-03,2026-06-10,60,59,1338.21,Recibida
804483,1039,5,2,2026-06-11,2026-06-16,58,58,1338.21,Recibida
804484,1039,5,2,2026-06-16,2026-06-23,68,68,1338.21,Recibida
804485,1039,5,2,2026-06-23,2026-06-28,65,63,1338.21,Recibida
804486,1039,5,2,2026-06-28,2026-07-04,70,46,1338.21,Parcial
804487,1039,5,2,2026-07-04,2026-07-09,67,66,1338.21,Recibida
804488,1039,5,2,2026-07-09,2026-07-16,80,79,1338.21,Recibida
804489,1039,5,2,2026-07-19,2026-07-26,64,62,1338.21,Recibida
804490,1039,5,2,2026-07-26,,107,,1338.21,Pendiente
804491,1039,5,2,2026-07-27,,113,,1338.21,Pendiente
804492,1039,5,2,2026-07-28,,123,,1338.21,Pendiente
804493,1039,5,2,2026-07-29,,132,,1338.21,Pendiente
804494,1039,5,2,2026-07-30,,137,,1338.21,Pendiente
804495,1039,5,2,2026-07-31,,156,,1338.21,Pendiente
804496,1039,5,2,2026-08-01,,175,,1338.21,Pendiente
804497,1039,5,3,2025-07-08,2025-07-15,63,61,1338.21,Recibida
804498,1039,5,3,2025-07-15,2025-07-20,78,76,1338.21,Recibida
804499,1039,5,3,2025-07-23,2025-07-30,57,0,1338.21,Cancelada
804500,1039,5,3,2025-07-24,2025-07-29,66,65,1338.21,Recibida
804501,1039,5,3,2025-07-30,2025-08-04,54,53,1338.21,Recibida
804502,1039,5,3,2025-08-07,2025-08-14,51,50,1338.21,Recibida
804503,1039,5,3,2025-08-16,2025-08-22,48,47,1338.21,Recibida
804504,1039,5,3,2025-08-24,2025-08-29,45,38,1338.21,Parcial
804505,1039,5,3,2025-08-30,2025-09-05,55,54,1338.21,Recibida
804506,1039,5,3,2025-09-05,2025-09-11,49,49,1338.21,Recibida
804507,1039,5,3,2025-09-12,2025-09-19,43,24,1338.21,Parcial
804508,1039,5,3,2025-09-19,2025-09-25,93,91,1338.21,Recibida
804509,1039,5,3,2025-09-25,2025-09-30,66,66,1338.21,Recibida
804510,1039,5,3,2025-10-02,2025-10-08,48,47,1338.21,Recibida
804511,1039,5,3,2025-10-09,2025-10-16,47,46,1338.21,Recibida
804512,1039,5,3,2025-10-16,2025-10-22,49,48,1338.21,Recibida
804513,1039,5,3,2025-10-22,2025-10-27,56,55,1338.21,Recibida
804514,1039,5,3,2025-10-27,2025-11-02,71,70,1338.21,Recibida
804515,1039,5,3,2025-11-04,2025-11-10,47,46,1338.21,Recibida
804516,1039,5,3,2025-11-12,2025-11-19,46,45,1338.21,Recibida
804517,1039,5,3,2025-11-19,2025-11-25,46,45,1338.21,Recibida
804518,1039,5,3,2025-11-27,2025-12-04,44,43,1338.21,Recibida
804519,1039,5,3,2025-12-04,2025-12-09,88,86,1338.21,Recibida
804520,1039,5,3,2025-12-10,2025-12-17,46,45,1338.21,Recibida
804521,1039,5,3,2025-12-17,2025-12-23,97,95,1338.21,Recibida
804522,1039,5,3,2025-12-23,2025-12-29,50,39,1338.21,Parcial
804523,1039,5,3,2025-12-29,2026-01-05,65,0,1338.21,Cancelada
804524,1039,5,3,2025-12-30,2026-01-05,73,71,1338.21,Recibida
804525,1039,5,3,2026-01-05,2026-01-12,102,102,1338.21,Recibida
804526,1039,5,3,2026-01-12,2026-01-18,59,59,1338.21,Recibida
804527,1039,5,3,2026-01-20,2026-01-26,54,53,1338.21,Recibida
804528,1039,5,3,2026-01-31,2026-02-07,49,48,1338.21,Recibida
804529,1039,5,3,2026-02-07,2026-02-13,58,57,1338.21,Recibida
804530,1039,5,3,2026-02-18,2026-02-23,41,41,1338.21,Recibida
804531,1039,5,3,2026-02-23,2026-02-28,42,41,1338.21,Recibida
804532,1039,5,3,2026-02-28,2026-03-05,45,44,1338.21,Recibida
804533,1039,5,3,2026-03-06,2026-03-12,48,47,1338.21,Recibida
804534,1039,5,3,2026-03-12,2026-03-17,66,66,1338.21,Recibida
804535,1039,5,3,2026-03-18,2026-03-24,46,45,1338.21,Recibida
804536,1039,5,3,2026-03-25,2026-03-30,45,45,1338.21,Recibida
804537,1039,5,3,2026-03-30,2026-04-04,51,50,1338.21,Recibida
804538,1039,5,3,2026-04-07,2026-04-14,55,55,1338.21,Recibida
804539,1039,5,3,2026-04-14,2026-04-20,46,46,1338.21,Recibida
804540,1039,5,3,2026-04-20,2026-04-26,63,62,1338.21,Recibida
804541,1039,5,3,2026-04-27,2026-05-04,46,40,1338.21,Parcial
804542,1039,5,3,2026-05-04,2026-05-09,59,58,1338.21,Recibida
804543,1039,5,3,2026-05-09,2026-05-15,48,47,1338.21,Recibida
804544,1039,5,3,2026-05-19,2026-05-24,44,43,1338.21,Recibida
804545,1039,5,3,2026-05-30,2026-06-04,40,39,1338.21,Recibida
804546,1039,5,3,2026-06-06,2026-06-11,41,25,1338.21,Parcial
804547,1039,5,3,2026-06-11,2026-06-18,37,37,1338.21,Recibida
804548,1039,5,3,2026-06-18,2026-06-25,35,35,1338.21,Recibida
804549,1039,5,3,2026-06-25,2026-07-01,34,34,1338.21,Recibida
804550,1039,5,3,2026-07-01,2026-07-06,58,58,1338.21,Recibida
804551,1039,5,3,2026-07-06,2026-07-11,50,50,1338.21,Recibida
804552,1039,5,3,2026-07-12,2026-07-19,39,0,1338.21,Cancelada
804553,1039,5,3,2026-07-13,2026-07-18,39,38,1338.21,Recibida
804554,1039,5,3,2026-07-18,2026-07-25,41,40,1338.21,Recibida
804555,1039,5,3,2026-07-25,2026-08-01,80,78,1338.21,Recibida
804556,1039,5,3,2026-08-01,,43,,1338.21,Pendiente
804557,1040,5,1,2025-07-16,2025-07-23,44,43,1979.68,Recibida
804558,1040,5,1,2025-07-23,2025-07-29,62,61,1979.68,Recibida
804559,1040,5,1,2025-07-29,2025-08-05,45,44,1979.68,Recibida
804560,1040,5,1,2025-08-05,2025-08-11,69,60,1979.68,Parcial
804561,1040,5,1,2025-08-11,2025-08-18,62,61,1979.68,Recibida
804562,1040,5,1,2025-08-18,2025-08-23,62,61,1979.68,Recibida
804563,1040,5,1,2025-08-23,2025-08-29,47,47,1979.68,Recibida
804564,1040,5,1,2025-08-29,2025-09-05,48,47,1979.68,Recibida
804565,1040,5,1,2025-09-05,2025-09-11,68,68,1979.68,Recibida
804566,1040,5,1,2025-09-11,2025-09-17,49,48,1979.68,Recibida
804567,1040,5,1,2025-09-17,2025-09-24,49,48,1979.68,Recibida
804568,1040,5,1,2025-09-24,2025-09-30,88,88,1979.68,Recibida
804569,1040,5,1,2025-09-30,2025-10-05,51,51,1979.68,Recibida
804570,1040,5,1,2025-10-08,2025-10-13,59,58,1979.68,Recibida
804571,1040,5,1,2025-10-13,2025-10-19,53,52,1979.68,Recibida
804572,1040,5,1,2025-10-19,2025-10-24,53,52,1979.68,Recibida
804573,1040,5,1,2025-10-25,2025-10-30,58,58,1979.68,Recibida
804574,1040,5,1,2025-10-31,2025-11-07,64,64,1979.68,Recibida
804575,1040,5,1,2025-11-08,2025-11-14,51,50,1979.68,Recibida
804576,1040,5,1,2025-11-14,2025-11-20,51,51,1979.68,Recibida
804577,1040,5,1,2025-11-22,2025-11-27,55,54,1979.68,Recibida
804578,1040,5,1,2025-11-28,2025-12-04,51,45,1979.68,Parcial
804579,1040,5,1,2025-12-04,2025-12-11,60,60,1979.68,Recibida
804580,1040,5,1,2025-12-11,2025-12-17,76,75,1979.68,Recibida
804581,1040,5,1,2025-12-17,2025-12-22,89,87,1979.68,Recibida
804582,1040,5,1,2025-12-22,2025-12-27,56,56,1979.68,Recibida
804583,1040,5,1,2025-12-27,2026-01-01,57,57,1979.68,Recibida
804584,1040,5,1,2026-01-02,2026-01-09,59,57,1979.68,Recibida
804585,1040,5,1,2026-01-09,2026-01-16,70,69,1979.68,Recibida
804586,1040,5,1,2026-01-16,2026-01-23,64,38,1979.68,Parcial
804587,1040,5,1,2026-01-23,2026-01-28,77,75,1979.68,Recibida
804588,1040,5,1,2026-01-29,2026-02-03,56,41,1979.68,Parcial
804589,1040,5,1,2026-02-03,2026-02-10,59,58,1979.68,Recibida
804590,1040,5,1,2026-02-10,2026-02-17,63,63,1979.68,Recibida
804591,1040,5,1,2026-02-17,2026-02-22,53,0,1979.68,Cancelada
804592,1040,5,1,2026-02-18,2026-02-25,58,58,1979.68,Recibida
804593,1040,5,1,2026-02-25,2026-03-04,61,60,1979.68,Recibida
804594,1040,5,1,2026-03-05,2026-03-11,51,50,1979.68,Recibida
804595,1040,5,1,2026-03-13,2026-03-20,49,48,1979.68,Recibida
804596,1040,5,1,2026-03-20,2026-03-27,52,52,1979.68,Recibida
804597,1040,5,1,2026-03-27,2026-04-03,49,48,1979.68,Recibida
804598,1040,5,1,2026-04-03,2026-04-10,65,64,1979.68,Recibida
804599,1040,5,1,2026-04-10,2026-04-17,107,107,1979.68,Recibida
804600,1040,5,1,2026-04-17,2026-04-22,56,55,1979.68,Recibida
804601,1040,5,1,2026-04-22,2026-04-29,53,53,1979.68,Recibida
804602,1040,5,1,2026-04-29,2026-05-05,99,97,1979.68,Recibida
804603,1040,5,1,2026-05-05,2026-05-12,65,63,1979.68,Recibida
804604,1040,5,1,2026-05-12,2026-05-18,59,59,1979.68,Recibida
804605,1040,5,1,2026-05-18,2026-05-25,60,58,1979.68,Recibida
804606,1040,5,1,2026-05-25,2026-05-31,56,55,1979.68,Recibida
804607,1040,5,1,2026-05-31,2026-06-06,66,65,1979.68,Recibida
804608,1040,5,1,2026-06-06,2026-06-11,62,61,1979.68,Recibida
804609,1040,5,1,2026-06-13,2026-06-20,55,53,1979.68,Recibida
804610,1040,5,1,2026-06-23,2026-06-29,51,50,1979.68,Recibida
804611,1040,5,1,2026-06-29,2026-07-04,51,50,1979.68,Recibida
804612,1040,5,1,2026-07-06,2026-07-12,51,51,1979.68,Recibida
804613,1040,5,1,2026-07-12,2026-07-17,55,54,1979.68,Recibida
804614,1040,5,1,2026-07-19,2026-07-26,47,46,1979.68,Recibida
804615,1040,5,1,2026-07-26,2026-07-31,63,63,1979.68,Recibida
804616,1040,5,1,2026-08-01,,54,,1979.68,Pendiente
804617,1040,5,2,2025-07-07,2025-07-12,47,46,1979.68,Recibida
804618,1040,5,2,2025-07-17,2025-07-23,47,47,1979.68,Recibida
804619,1040,5,2,2025-07-23,2025-07-28,60,59,1979.68,Recibida
804620,1040,5,2,2025-07-31,2025-08-06,42,41,1979.68,Recibida
804621,1040,5,2,2025-08-06,2025-08-11,58,56,1979.68,Recibida
804622,1040,5,2,2025-08-11,2025-08-16,45,44,1979.68,Recibida
804623,1040,5,2,2025-08-16,2025-08-22,49,49,1979.68,Recibida
804624,1040,5,2,2025-08-23,2025-08-29,46,45,1979.68,Recibida
804625,1040,5,2,2025-08-29,2025-09-04,48,47,1979.68,Recibida
804626,1040,5,2,2025-09-08,2025-09-15,42,42,1979.68,Recibida
804627,1040,5,2,2025-09-16,2025-09-21,41,41,1979.68,Recibida
804628,1040,5,2,2025-09-23,2025-09-30,39,39,1979.68,Recibida
804629,1040,5,2,2025-09-30,2025-10-05,39,38,1979.68,Recibida
804630,1040,5,2,2025-10-06,2025-10-13,37,36,1979.68,Recibida
804631,1040,5,2,2025-10-13,2025-10-20,35,34,1979.68,Recibida
804632,1040,5,2,2025-10-20,2025-10-27,50,49,1979.68,Recibida
804633,1040,5,2,2025-10-27,2025-11-01,57,56,1979.68,Recibida
804634,1040,5,2,2025-11-01,2025-11-07,47,47,1979.68,Recibida
804635,1040,5,2,2025-11-07,2025-11-14,40,39,1979.68,Recibida
804636,1040,5,2,2025-11-14,2025-11-20,56,56,1979.68,Recibida
804637,1040,5,2,2025-11-20,2025-11-25,62,62,1979.68,Recibida
804638,1040,5,2,2025-11-27,2025-12-02,43,43,1979.68,Recibida
804639,1040,5,2,2025-12-03,2025-12-09,46,46,1979.68,Recibida
804640,1040,5,2,2025-12-09,2025-12-16,62,61,1979.68,Recibida
804641,1040,5,2,2025-12-16,2025-12-23,97,96,1979.68,Recibida
804642,1040,5,2,2025-12-23,2025-12-30,76,74,1979.68,Recibida
804643,1040,5,2,2025-12-30,2026-01-05,71,49,1979.68,Parcial
804644,1040,5,2,2026-01-05,2026-01-11,93,92,1979.68,Recibida
804645,1040,5,2,2026-01-11,2026-01-16,58,57,1979.68,Recibida
804646,1040,5,2,2026-01-17,2026-01-24,60,0,1979.68,Cancelada
804647,1040,5,2,2026-01-18,2026-01-23,59,58,1979.68,Recibida
804648,1040,5,2,2026-01-24,2026-01-30,58,45,1979.68,Parcial
804649,1040,5,2,2026-01-31,2026-02-05,55,54,1979.68,Recibida
804650,1040,5,2,2026-02-08,2026-02-15,51,50,1979.68,Recibida
804651,1040,5,2,2026-02-16,2026-02-21,48,37,1979.68,Parcial
804652,1040,5,2,2026-02-21,2026-02-26,47,47,1979.68,Recibida
804653,1040,5,2,2026-03-02,2026-03-08,47,46,1979.68,Recibida
804654,1040,5,2,2026-03-09,2026-03-16,43,43,1979.68,Recibida
804655,1040,5,2,2026-03-16,2026-03-23,47,47,1979.68,Recibida
804656,1040,5,2,2026-03-23,2026-03-29,58,58,1979.68,Recibida
804657,1040,5,2,2026-03-29,2026-04-04,58,51,1979.68,Parcial
804658,1040,5,2,2026-04-04,2026-04-09,59,59,1979.68,Recibida
804659,1040,5,2,2026-04-11,2026-04-17,45,44,1979.68,Recibida
804660,1040,5,2,2026-04-18,2026-04-25,44,43,1979.68,Recibida
804661,1040,5,2,2026-04-25,2026-04-30,43,43,1979.68,Recibida
804662,1040,5,2,2026-05-01,2026-05-07,43,43,1979.68,Recibida
804663,1040,5,2,2026-05-07,2026-05-12,43,25,1979.68,Parcial
804664,1040,5,2,2026-05-12,2026-05-19,43,0,1979.68,Cancelada
804665,1040,5,2,2026-05-13,2026-05-20,54,53,1979.68,Recibida
804666,1040,5,2,2026-05-20,2026-05-26,48,47,1979.68,Recibida
804667,1040,5,2,2026-05-26,2026-05-31,42,41,1979.68,Recibida
804668,1040,5,2,2026-06-01,2026-06-06,41,41,1979.68,Recibida
804669,1040,5,2,2026-06-06,2026-06-12,45,44,1979.68,Recibida
804670,1040,5,2,2026-06-13,2026-06-19,47,38,1979.68,Parcial
804671,1040,5,2,2026-06-20,2026-06-26,41,40,1979.68,Recibida
804672,1040,5,2,2026-06-26,2026-07-03,53,53,1979.68,Recibida
804673,1040,5,2,2026-07-03,2026-07-08,62,61,1979.68,Recibida
804674,1040,5,2,2026-07-08,2026-07-13,47,29,1979.68,Parcial
804675,1040,5,2,2026-07-13,2026-07-18,56,56,1979.68,Recibida
804676,1040,5,2,2026-07-18,2026-07-24,47,47,1979.68,Recibida
804677,1040,5,2,2026-07-24,2026-07-29,55,54,1979.68,Recibida
804678,1040,5,2,2026-07-31,,47,,1979.68,Pendiente
804679,1040,5,2,2026-08-01,,54,,1979.68,Pendiente
804680,1040,5,3,2025-07-07,2025-07-13,69,68,1979.68,Recibida
804681,1040,5,3,2025-07-17,2025-07-24,44,43,1979.68,Recibida
804682,1040,5,3,2025-07-24,2025-07-29,43,42,1979.68,Recibida
804683,1040,5,3,2025-07-29,2025-08-04,72,71,1979.68,Recibida
804684,1040,5,3,2025-08-07,2025-08-13,42,41,1979.68,Recibida
804685,1040,5,3,2025-08-13,2025-08-18,53,53,1979.68,Recibida
804686,1040,5,3,2025-08-19,2025-08-24,43,42,1979.68,Recibida
804687,1040,5,3,2025-08-27,2025-09-02,60,0,1979.68,Cancelada
804688,1040,5,3,2025-08-28,2025-09-03,76,75,1979.68,Recibida
804689,1040,5,3,2025-09-05,2025-09-12,43,43,1979.68,Recibida
804690,1040,5,3,2025-09-13,2025-09-18,47,46,1979.68,Recibida
804691,1040,5,3,2025-09-20,2025-09-27,41,40,1979.68,Recibida
804692,1040,5,3,2025-09-27,2025-10-03,41,40,1979.68,Recibida
804693,1040,5,3,2025-10-03,2025-10-09,39,26,1979.68,Parcial
804694,1040,5,3,2025-10-09,2025-10-16,46,45,1979.68,Recibida
804695,1040,5,3,2025-10-16,2025-10-21,43,43,1979.68,Recibida
804696,1040,5,3,2025-10-23,2025-10-30,37,37,1979.68,Recibida
804697,1040,5,3,2025-10-30,2025-11-06,39,39,1979.68,Recibida
804698,1040,5,3,2025-11-06,2025-11-11,56,55,1979.68,Recibida
804699,1040,5,3,2025-11-12,2025-11-18,46,45,1979.68,Recibida
804700,1040,5,3,2025-11-18,2025-11-25,44,0,1979.68,Cancelada
804701,1040,5,3,2025-11-19,2025-11-25,55,55,1979.68,Recibida
804702,1040,5,3,2025-11-26,2025-12-03,39,39,1979.68,Recibida
804703,1040,5,3,2025-12-03,2025-12-09,42,41,1979.68,Recibida
804704,1040,5,3,2025-12-09,2025-12-15,71,71,1979.68,Recibida
804705,1040,5,3,2025-12-15,2025-12-20,43,42,1979.68,Recibida
804706,1040,5,3,2025-12-20,2025-12-26,43,42,1979.68,Recibida
804707,1040,5,3,2025-12-26,2026-01-01,43,42,1979.68,Recibida
804708,1040,5,3,2026-01-03,2026-01-10,47,0,1979.68,Cancelada
804709,1040,5,3,2026-01-04,2026-01-09,54,53,1979.68,Recibida
804710,1040,5,3,2026-01-09,2026-01-16,43,43,1979.68,Recibida
804711,1040,5,3,2026-01-17,2026-01-22,43,42,1979.68,Recibida
804712,1040,5,3,2026-01-22,2026-01-28,62,61,1979.68,Recibida
804713,1040,5,3,2026-01-28,2026-02-03,44,44,1979.68,Recibida
804714,1040,5,3,2026-02-04,2026-02-10,43,36,1979.68,Parcial
804715,1040,5,3,2026-02-11,2026-02-16,42,37,1979.68,Parcial
804716,1040,5,3,2026-02-19,2026-02-25,40,40,1979.68,Recibida
804717,1040,5,3,2026-02-25,2026-03-04,39,39,1979.68,Recibida
804718,1040,5,3,2026-03-04,2026-03-10,76,74,1979.68,Recibida
804719,1040,5,3,2026-03-11,2026-03-17,45,45,1979.68,Recibida
804720,1040,5,3,2026-03-17,2026-03-24,41,40,1979.68,Recibida
804721,1040,5,3,2026-03-26,2026-04-01,39,38,1979.68,Recibida
804722,1040,5,3,2026-04-01,2026-04-08,55,54,1979.68,Recibida
804723,1040,5,3,2026-04-08,2026-04-15,47,47,1979.68,Recibida
804724,1040,5,3,2026-04-21,2026-04-26,34,33,1979.68,Recibida
804725,1040,5,3,2026-04-30,2026-05-06,31,30,1979.68,Recibida
804726,1040,5,3,2026-05-06,2026-05-12,42,27,1979.68,Parcial
804727,1040,5,3,2026-05-12,2026-05-17,38,37,1979.68,Recibida
804728,1040,5,3,2026-05-17,2026-05-22,35,35,1979.68,Recibida
804729,1040,5,3,2026-05-23,2026-05-30,32,31,1979.68,Recibida
804730,1040,5,3,2026-05-30,2026-06-06,31,0,1979.68,Cancelada
804731,1040,5,3,2026-05-31,2026-06-06,34,33,1979.68,Recibida
804732,1040,5,3,2026-06-06,2026-06-13,46,26,1979.68,Parcial
804733,1040,5,3,2026-06-13,2026-06-20,91,90,1979.68,Recibida
804734,1040,5,3,2026-06-24,2026-06-30,34,30,1979.68,Parcial
804735,1040,5,3,2026-06-30,2026-07-06,35,34,1979.68,Recibida
804736,1040,5,3,2026-07-07,2026-07-13,34,33,1979.68,Recibida
804737,1040,5,3,2026-07-13,2026-07-18,42,41,1979.68,Recibida
804738,1040,5,3,2026-07-20,2026-07-27,37,36,1979.68,Recibida
804739,1040,5,3,2026-07-27,,37,,1979.68,Pendiente
804740,1040,5,3,2026-07-28,,38,,1979.68,Pendiente
804741,1040,5,3,2026-07-29,,41,,1979.68,Pendiente
804742,1040,5,3,2026-07-30,,43,,1979.68,Pendiente
804743,1040,5,3,2026-07-31,,44,,1979.68,Pendiente
804744,1040,5,3,2026-08-01,,44,,1979.68,Pendiente
804745,1041,5,1,2025-07-06,2025-07-14,155,134,739.36,Parcial
804746,1041,5,1,2025-07-17,2025-07-25,140,140,739.36,Recibida
804747,1041,5,1,2025-07-25,2025-08-02,149,102,739.36,Parcial
804748,1041,5,1,2025-08-02,2025-08-11,244,244,739.36,Recibida
804749,1041,5,1,2025-08-11,2025-08-18,159,156,739.36,Recibida
804750,1041,5,1,2025-08-18,2025-08-26,158,155,739.36,Recibida
804751,1041,5,1,2025-08-26,2025-09-03,153,152,739.36,Recibida
804752,1041,5,1,2025-09-03,2025-09-12,158,155,739.36,Recibida
804753,1041,5,1,2025-09-12,2025-09-19,154,151,739.36,Recibida
804754,1041,5,1,2025-09-19,2025-09-26,148,148,739.36,Recibida
804755,1041,5,1,2025-09-26,2025-10-05,150,146,739.36,Recibida
804756,1041,5,1,2025-10-05,2025-10-12,155,155,739.36,Recibida
804757,1041,5,1,2025-10-12,2025-10-19,156,154,739.36,Recibida
804758,1041,5,1,2025-10-19,2025-10-28,161,158,739.36,Recibida
804759,1041,5,1,2025-10-28,2025-11-04,155,91,739.36,Parcial
804760,1041,5,1,2025-11-04,2025-11-12,153,92,739.36,Parcial
804761,1041,5,1,2025-11-12,2025-11-21,168,166,739.36,Recibida
804762,1041,5,1,2025-11-21,2025-11-28,222,216,739.36,Recibida
804763,1041,5,1,2025-11-28,2025-12-05,159,154,739.36,Recibida
804764,1041,5,1,2025-12-05,2025-12-14,157,153,739.36,Recibida
804765,1041,5,1,2025-12-14,2025-12-23,191,188,739.36,Recibida
804766,1041,5,1,2025-12-23,2025-12-30,243,242,739.36,Recibida
804767,1041,5,1,2025-12-30,2026-01-07,205,200,739.36,Recibida
804768,1041,5,1,2026-01-07,2026-01-15,189,188,739.36,Recibida
804769,1041,5,1,2026-01-15,2026-01-24,279,274,739.36,Recibida
804770,1041,5,1,2026-01-24,2026-02-01,219,215,739.36,Recibida
804771,1041,5,1,2026-02-01,2026-02-10,202,197,739.36,Recibida
804772,1041,5,1,2026-02-10,2026-02-17,183,179,739.36,Recibida
804773,1041,5,1,2026-02-17,2026-02-26,184,125,739.36,Parcial
804774,1041,5,1,2026-02-26,2026-03-07,168,165,739.36,Recibida
804775,1041,5,1,2026-03-07,2026-03-16,172,144,739.36,Parcial
804776,1041,5,1,2026-03-16,2026-03-24,167,165,739.36,Recibida
804777,1041,5,1,2026-03-24,2026-04-02,164,162,739.36,Recibida
804778,1041,5,1,2026-04-02,2026-04-09,157,153,739.36,Recibida
804779,1041,5,1,2026-04-09,2026-04-17,153,149,739.36,Recibida
804780,1041,5,1,2026-04-17,2026-04-24,149,145,739.36,Recibida
804781,1041,5,1,2026-04-25,2026-05-04,147,146,739.36,Recibida
804782,1041,5,1,2026-05-05,2026-05-13,137,137,739.36,Recibida
804783,1041,5,1,2026-05-13,2026-05-21,140,138,739.36,Recibida
804784,1041,5,1,2026-05-21,2026-05-30,145,142,739.36,Recibida
804785,1041,5,1,2026-05-30,2026-06-06,167,163,739.36,Recibida
804786,1041,5,1,2026-06-06,2026-06-13,150,148,739.36,Recibida
804787,1041,5,1,2026-06-13,2026-06-22,153,149,739.36,Recibida
804788,1041,5,1,2026-06-22,2026-06-29,198,193,739.36,Recibida
804789,1041,5,1,2026-06-29,2026-07-07,167,165,739.36,Recibida
804790,1041,5,1,2026-07-07,2026-07-15,212,207,739.36,Recibida
804791,1041,5,1,2026-07-15,2026-07-23,168,165,739.36,Recibida
804792,1041,5,1,2026-07-23,2026-07-31,168,0,739.36,Cancelada
804793,1041,5,1,2026-07-24,2026-07-31,167,164,739.36,Recibida
804794,1041,5,1,2026-08-01,,163,,739.36,Pendiente
804795,1041,5,2,2025-07-08,2025-07-16,120,73,739.36,Parcial
804796,1041,5,2,2025-07-16,2025-07-24,134,131,739.36,Recibida
804797,1041,5,2,2025-07-24,2025-08-01,117,78,739.36,Parcial
804798,1041,5,2,2025-08-01,2025-08-08,136,133,739.36,Recibida
804799,1041,5,2,2025-08-08,2025-08-15,122,121,739.36,Recibida
804800,1041,5,2,2025-08-15,2025-08-24,125,123,739.36,Recibida
804801,1041,5,2,2025-08-24,2025-09-01,179,177,739.36,Recibida
804802,1041,5,2,2025-09-01,2025-09-08,128,127,739.36,Recibida
804803,1041,5,2,2025-09-08,2025-09-17,132,130,739.36,Recibida
804804,1041,5,2,2025-09-17,2025-09-25,135,132,739.36,Recibida
804805,1041,5,2,2025-09-25,2025-10-02,131,130,739.36,Recibida
804806,1041,5,2,2025-10-05,2025-10-12,118,115,739.36,Recibida
804807,1041,5,2,2025-10-15,2025-10-22,109,106,739.36,Recibida
804808,1041,5,2,2025-10-22,2025-10-30,111,109,739.36,Recibida
804809,1041,5,2,2025-10-30,2025-11-08,114,112,739.36,Recibida
804810,1041,5,2,2025-11-08,2025-11-15,163,159,739.36,Recibida
804811,1041,5,2,2025-11-15,2025-11-22,141,139,739.36,Recibida
804812,1041,5,2,2025-11-22,2025-11-29,129,126,739.36,Recibida
804813,1041,5,2,2025-11-29,2025-12-06,131,130,739.36,Recibida
804814,1041,5,2,2025-12-06,2025-12-13,136,133,739.36,Recibida
804815,1041,5,2,2025-12-13,2025-12-22,139,88,739.36,Parcial
804816,1041,5,2,2025-12-22,2025-12-29,260,258,739.36,Recibida
804817,1041,5,2,2025-12-29,2026-01-05,151,0,739.36,Cancelada
804818,1041,5,2,2025-12-30,2026-01-07,152,151,739.36,Recibida
804819,1041,5,2,2026-01-07,2026-01-14,153,152,739.36,Recibida
804820,1041,5,2,2026-01-14,2026-01-21,157,155,739.36,Recibida
804821,1041,5,2,2026-01-22,2026-01-30,154,154,739.36,Recibida
804822,1041,5,2,2026-01-31,2026-02-09,149,88,739.36,Parcial
804823,1041,5,2,2026-02-10,2026-02-18,130,130,739.36,Recibida
804824,1041,5,2,2026-02-18,2026-02-27,131,103,739.36,Parcial
804825,1041,5,2,2026-02-27,2026-03-08,123,121,739.36,Recibida
804826,1041,5,2,2026-03-08,2026-03-16,119,118,739.36,Recibida
804827,1041,5,2,2026-03-16,2026-03-24,119,101,739.36,Parcial
804828,1041,5,2,2026-03-24,2026-04-02,135,135,739.36,Recibida
804829,1041,5,2,2026-04-02,2026-04-11,148,144,739.36,Recibida
804830,1041,5,2,2026-04-11,2026-04-19,153,151,739.36,Recibida
804831,1041,5,2,2026-04-19,2026-04-26,130,128,739.36,Recibida
804832,1041,5,2,2026-04-26,2026-05-05,132,88,739.36,Parcial
804833,1041,5,2,2026-05-05,2026-05-14,176,175,739.36,Recibida
804834,1041,5,2,2026-05-14,2026-05-22,131,127,739.36,Recibida
804835,1041,5,2,2026-05-22,2026-05-29,147,146,739.36,Recibida
804836,1041,5,2,2026-05-29,2026-06-06,137,134,739.36,Recibida
804837,1041,5,2,2026-06-06,2026-06-13,138,134,739.36,Recibida
804838,1041,5,2,2026-06-13,2026-06-20,136,133,739.36,Recibida
804839,1041,5,2,2026-06-22,2026-07-01,129,126,739.36,Recibida
804840,1041,5,2,2026-07-01,2026-07-09,124,123,739.36,Recibida
804841,1041,5,2,2026-07-09,2026-07-18,124,122,739.36,Recibida
804842,1041,5,2,2026-07-18,2026-07-27,151,148,739.36,Recibida
804843,1041,5,2,2026-07-27,,127,,739.36,Pendiente
804844,1041,5,2,2026-07-28,,146,,739.36,Pendiente
804845,1041,5,2,2026-07-29,,158,,739.36,Pendiente
804846,1041,5,2,2026-07-30,,175,,739.36,Pendiente
804847,1041,5,2,2026-07-31,,187,,739.36,Pendiente
804848,1041,5,2,2026-08-01,,225,,739.36,Pendiente
804849,1041,5,3,2025-07-05,2025-07-13,108,106,739.36,Recibida
804850,1041,5,3,2025-07-13,2025-07-21,109,108,739.36,Recibida
804851,1041,5,3,2025-07-21,2025-07-28,110,107,739.36,Recibida
804852,1041,5,3,2025-07-30,2025-08-08,107,104,739.36,Recibida
804853,1041,5,3,2025-08-08,2025-08-15,109,107,739.36,Recibida
804854,1041,5,3,2025-08-15,2025-08-22,111,111,739.36,Recibida
804855,1041,5,3,2025-08-22,2025-08-30,115,103,739.36,Parcial
804856,1041,5,3,2025-08-30,2025-09-08,116,114,739.36,Recibida
804857,1041,5,3,2025-09-08,2025-09-15,109,108,739.36,Recibida
804858,1041,5,3,2025-09-15,2025-09-24,107,105,739.36,Recibida
804859,1041,5,3,2025-09-25,2025-10-02,101,99,739.36,Recibida
804860,1041,5,3,2025-10-04,2025-10-13,97,95,739.36,Recibida
804861,1041,5,3,2025-10-13,2025-10-21,96,96,739.36,Recibida
804862,1041,5,3,2025-10-21,2025-10-30,98,95,739.36,Recibida
804863,1041,5,3,2025-10-30,2025-11-06,108,106,739.36,Recibida
804864,1041,5,3,2025-11-06,2025-11-14,102,101,739.36,Recibida
804865,1041,5,3,2025-11-14,2025-11-23,128,128,739.36,Recibida
804866,1041,5,3,2025-11-23,2025-12-02,121,118,739.36,Recibida
804867,1041,5,3,2025-12-02,2025-12-10,109,106,739.36,Recibida
804868,1041,5,3,2025-12-10,2025-12-19,159,156,739.36,Recibida
804869,1041,5,3,2025-12-19,2025-12-27,132,130,739.36,Recibida
804870,1041,5,3,2025-12-27,2026-01-04,191,188,739.36,Recibida
804871,1041,5,3,2026-01-04,2026-01-11,126,82,739.36,Parcial
804872,1041,5,3,2026-01-11,2026-01-18,141,139,739.36,Recibida
804873,1041,5,3,2026-01-18,2026-01-25,163,161,739.36,Recibida
804874,1041,5,3,2026-01-25,2026-02-03,141,141,739.36,Recibida
804875,1041,5,3,2026-02-03,2026-02-11,130,127,739.36,Recibida
804876,1041,5,3,2026-02-13,2026-02-21,123,123,739.36,Recibida
804877,1041,5,3,2026-02-21,2026-03-01,124,120,739.36,Recibida
804878,1041,5,3,2026-03-03,2026-03-10,112,110,739.36,Recibida
804879,1041,5,3,2026-03-11,2026-03-19,109,106,739.36,Recibida
804880,1041,5,3,2026-03-19,2026-03-27,110,89,739.36,Parcial
804881,1041,5,3,2026-03-27,2026-04-05,115,113,739.36,Recibida
804882,1041,5,3,2026-04-05,2026-04-12,112,109,739.36,Recibida
804883,1041,5,3,2026-04-12,2026-04-19,110,109,739.36,Recibida
804884,1041,5,3,2026-04-19,2026-04-26,112,110,739.36,Recibida
804885,1041,5,3,2026-04-27,2026-05-05,109,75,739.36,Parcial
804886,1041,5,3,2026-05-05,2026-05-13,104,103,739.36,Recibida
804887,1041,5,3,2026-05-13,2026-05-20,103,102,739.36,Recibida
804888,1041,5,3,2026-05-20,2026-05-29,107,105,739.36,Recibida
804889,1041,5,3,2026-05-29,2026-06-05,101,99,739.36,Recibida
804890,1041,5,3,2026-06-05,2026-06-13,101,99,739.36,Recibida
804891,1041,5,3,2026-06-13,2026-06-20,108,108,739.36,Recibida
804892,1041,5,3,2026-06-20,2026-06-29,111,108,739.36,Recibida
804893,1041,5,3,2026-06-29,2026-07-08,108,0,739.36,Cancelada
804894,1041,5,3,2026-06-30,2026-07-07,105,102,739.36,Recibida
804895,1041,5,3,2026-07-07,2026-07-16,107,105,739.36,Recibida
804896,1041,5,3,2026-07-16,2026-07-23,109,109,739.36,Recibida
804897,1041,5,3,2026-07-23,2026-08-01,107,107,739.36,Recibida
804898,1041,5,3,2026-08-01,,106,,739.36,Pendiente
804899,1042,6,1,2025-07-05,2025-07-11,367,362,2319.73,Recibida
804900,1042,6,1,2025-07-11,2025-07-17,576,570,2319.73,Recibida
804901,1042,6,1,2025-07-25,2025-07-30,346,343,2319.73,Recibida
804902,1042,6,1,2025-08-02,2025-08-07,348,340,2319.73,Recibida
804903,1042,6,1,2025-08-12,2025-08-16,332,329,2319.73,Recibida
804904,1042,6,1,2025-08-22,2025-08-28,324,0,2319.73,Cancelada
804905,1042,6,1,2025-08-23,2025-08-29,397,391,2319.73,Recibida
804906,1042,6,1,2025-09-01,2025-09-05,302,294,2319.73,Recibida
804907,1042,6,1,2025-09-07,2025-09-13,297,289,2319.73,Recibida
804908,1042,6,1,2025-09-14,2025-09-18,289,233,2319.73,Parcial
804909,1042,6,1,2025-09-20,2025-09-26,326,318,2319.73,Recibida
804910,1042,6,1,2025-09-28,2025-10-04,306,304,2319.73,Recibida
804911,1042,6,1,2025-10-07,2025-10-12,309,233,2319.73,Parcial
804912,1042,6,1,2025-10-12,2025-10-18,299,293,2319.73,Recibida
804913,1042,6,1,2025-10-18,2025-10-22,410,229,2319.73,Parcial
804914,1042,6,1,2025-10-23,2025-10-28,308,301,2319.73,Recibida
804915,1042,6,1,2025-10-30,2025-11-05,335,333,2319.73,Recibida
804916,1042,6,1,2025-11-06,2025-11-10,338,332,2319.73,Recibida
804917,1042,6,1,2025-11-14,2025-11-19,358,354,2319.73,Recibida
804918,1042,6,1,2025-11-21,2025-11-27,327,322,2319.73,Recibida
804919,1042,6,1,2025-11-29,2025-12-05,346,341,2319.73,Recibida
804920,1042,6,1,2025-12-06,2025-12-12,372,363,2319.73,Recibida
804921,1042,6,1,2025-12-12,2025-12-17,357,356,2319.73,Recibida
804922,1042,6,1,2025-12-18,2025-12-24,331,328,2319.73,Recibida
804923,1042,6,1,2025-12-25,2025-12-29,372,366,2319.73,Recibida
804924,1042,6,1,2025-12-31,2026-01-06,349,344,2319.73,Recibida
804925,1042,6,1,2026-01-08,2026-01-12,377,371,2319.73,Recibida
804926,1042,6,1,2026-01-16,2026-01-21,378,373,2319.73,Recibida
804927,1042,6,1,2026-01-24,2026-01-30,357,353,2319.73,Recibida
804928,1042,6,1,2026-02-03,2026-02-09,340,337,2319.73,Recibida
804929,1042,6,1,2026-02-12,2026-02-18,322,316,2319.73,Recibida
804930,1042,6,1,2026-02-20,2026-02-26,335,333,2319.73,Recibida
804931,1042,6,1,2026-02-28,2026-03-05,297,290,2319.73,Recibida
804932,1042,6,1,2026-03-09,2026-03-15,301,300,2319.73,Recibida
804933,1042,6,1,2026-03-17,2026-03-22,287,285,2319.73,Recibida
804934,1042,6,1,2026-03-24,2026-03-30,345,339,2319.73,Recibida
804935,1042,6,1,2026-03-30,2026-04-05,313,185,2319.73,Parcial
804936,1042,6,1,2026-04-05,2026-04-10,375,374,2319.73,Recibida
804937,1042,6,1,2026-04-11,2026-04-16,364,357,2319.73,Recibida
804938,1042,6,1,2026-04-17,2026-04-23,331,330,2319.73,Recibida
804939,1042,6,1,2026-04-25,2026-04-30,349,343,2319.73,Recibida
804940,1042,6,1,2026-05-03,2026-05-09,330,330,2319.73,Recibida
804941,1042,6,1,2026-05-10,2026-05-15,320,319,2319.73,Recibida
804942,1042,6,1,2026-05-18,2026-05-23,316,314,2319.73,Recibida
804943,1042,6,1,2026-05-27,2026-06-01,380,371,2319.73,Recibida
804944,1042,6,1,2026-06-04,2026-06-08,329,199,2319.73,Parcial
804945,1042,6,1,2026-06-10,2026-06-15,346,338,2319.73,Recibida
804946,1042,6,1,2026-06-19,2026-06-25,316,308,2319.73,Recibida
804947,1042,6,1,2026-06-27,2026-07-03,287,279,2319.73,Recibida
804948,1042,6,1,2026-07-05,2026-07-09,307,298,2319.73,Recibida
804949,1042,6,1,2026-07-11,2026-07-15,297,295,2319.73,Recibida
804950,1042,6,1,2026-07-18,2026-07-24,310,303,2319.73,Recibida
804951,1042,6,1,2026-07-25,2026-07-31,334,330,2319.73,Recibida
804952,1042,6,2,2025-07-04,2025-07-09,250,246,2319.73,Recibida
804953,1042,6,2,2025-07-11,2025-07-17,270,268,2319.73,Recibida
804954,1042,6,2,2025-07-19,2025-07-24,250,244,2319.73,Recibida
804955,1042,6,2,2025-07-26,2025-07-31,240,234,2319.73,Recibida
804956,1042,6,2,2025-08-02,2025-08-08,270,267,2319.73,Recibida
804957,1042,6,2,2025-08-10,2025-08-14,240,234,2319.73,Recibida
804958,1042,6,2,2025-08-16,2025-08-22,298,291,2319.73,Recibida
804959,1042,6,2,2025-08-24,2025-08-28,244,240,2319.73,Recibida
804960,1042,6,2,2025-08-30,2025-09-03,256,253,2319.73,Recibida
804961,1042,6,2,2025-09-08,2025-09-13,246,245,2319.73,Recibida
804962,1042,6,2,2025-09-16,2025-09-20,239,239,2319.73,Recibida
804963,1042,6,2,2025-09-25,2025-09-30,256,252,2319.73,Recibida
804964,1042,6,2,2025-10-03,2025-10-09,302,296,2319.73,Recibida
804965,1042,6,2,2025-10-10,2025-10-15,247,241,2319.73,Recibida
804966,1042,6,2,2025-10-15,2025-10-21,313,309,2319.73,Recibida
804967,1042,6,2,2025-10-23,2025-10-28,269,262,2319.73,Recibida
804968,1042,6,2,2025-10-29,2025-11-03,285,278,2319.73,Recibida
804969,1042,6,2,2025-11-07,2025-11-13,273,270,2319.73,Recibida
804970,1042,6,2,2025-11-13,2025-11-18,279,271,2319.73,Recibida
804971,1042,6,2,2025-11-21,2025-11-26,309,302,2319.73,Recibida
804972,1042,6,2,2025-11-28,2025-12-04,274,269,2319.73,Recibida
804973,1042,6,2,2025-12-05,2025-12-09,328,320,2319.73,Recibida
804974,1042,6,2,2025-12-11,2025-12-15,292,291,2319.73,Recibida
804975,1042,6,2,2025-12-17,2025-12-21,327,320,2319.73,Recibida
804976,1042,6,2,2025-12-24,2025-12-30,353,346,2319.73,Recibida
804977,1042,6,2,2025-12-30,2026-01-04,322,314,2319.73,Recibida
804978,1042,6,2,2026-01-06,2026-01-12,323,320,2319.73,Recibida
804979,1042,6,2,2026-01-17,2026-01-21,330,325,2319.73,Recibida
804980,1042,6,2,2026-01-25,2026-01-29,300,294,2319.73,Recibida
804981,1042,6,2,2026-02-04,2026-02-08,268,268,2319.73,Recibida
804982,1042,6,2,2026-02-12,2026-02-17,276,275,2319.73,Recibida
804983,1042,6,2,2026-02-21,2026-02-26,275,271,2319.73,Recibida
804984,1042,6,2,2026-02-28,2026-03-06,259,256,2319.73,Recibida
804985,1042,6,2,2026-03-10,2026-03-14,268,265,2319.73,Recibida
804986,1042,6,2,2026-03-17,2026-03-21,233,209,2319.73,Parcial
804987,1042,6,2,2026-03-24,2026-03-29,234,231,2319.73,Recibida
804988,1042,6,2,2026-04-01,2026-04-06,256,251,2319.73,Recibida
804989,1042,6,2,2026-04-07,2026-04-13,243,238,2319.73,Recibida
804990,1042,6,2,2026-04-15,2026-04-21,237,135,2319.73,Parcial
804991,1042,6,2,2026-04-21,2026-04-25,336,335,2319.73,Recibida
804992,1042,6,2,2026-04-29,2026-05-04,262,256,2319.73,Recibida
804993,1042,6,2,2026-05-08,2026-05-14,264,263,2319.73,Recibida
804994,1042,6,2,2026-05-16,2026-05-20,268,264,2319.73,Recibida
804995,1042,6,2,2026-05-23,2026-05-27,241,237,2319.73,Recibida
804996,1042,6,2,2026-05-30,2026-06-05,233,130,2319.73,Parcial
804997,1042,6,2,2026-06-05,2026-06-09,294,294,2319.73,Recibida
804998,1042,6,2,2026-06-12,2026-06-18,259,258,2319.73,Recibida
804999,1042,6,2,2026-06-18,2026-06-22,246,198,2319.73,Parcial
805000,1042,6,2,2026-06-23,2026-06-28,249,247,2319.73,Recibida
805001,1042,6,2,2026-06-30,2026-07-04,259,255,2319.73,Recibida
805002,1042,6,2,2026-07-07,2026-07-13,268,264,2319.73,Recibida
805003,1042,6,2,2026-07-17,2026-07-21,258,257,2319.73,Recibida
805004,1042,6,2,2026-07-25,2026-07-29,258,148,2319.73,Parcial
805005,1042,6,2,2026-07-31,,270,,2319.73,Pendiente
805006,1042,6,2,2026-08-01,,329,,2319.73,Pendiente
805007,1042,6,3,2025-07-04,2025-07-08,219,219,2319.73,Recibida
805008,1042,6,3,2025-07-11,2025-07-15,222,220,2319.73,Recibida
805009,1042,6,3,2025-07-15,2025-07-19,235,234,2319.73,Recibida
805010,1042,6,3,2025-07-25,2025-07-31,219,140,2319.73,Parcial
805011,1042,6,3,2025-07-31,2025-08-05,253,250,2319.73,Recibida
805012,1042,6,3,2025-08-07,2025-08-11,215,213,2319.73,Recibida
805013,1042,6,3,2025-08-14,2025-08-18,218,217,2319.73,Recibida
805014,1042,6,3,2025-08-23,2025-08-29,246,0,2319.73,Cancelada
805015,1042,6,3,2025-08-24,2025-08-28,250,244,2319.73,Recibida
805016,1042,6,3,2025-09-01,2025-09-06,232,229,2319.73,Recibida
805017,1042,6,3,2025-09-08,2025-09-14,205,204,2319.73,Recibida
805018,1042,6,3,2025-09-16,2025-09-20,202,201,2319.73,Recibida
805019,1042,6,3,2025-09-24,2025-09-30,220,217,2319.73,Recibida
805020,1042,6,3,2025-10-01,2025-10-06,199,197,2319.73,Recibida
805021,1042,6,3,2025-10-07,2025-10-13,217,215,2319.73,Recibida
805022,1042,6,3,2025-10-16,2025-10-20,211,126,2319.73,Parcial
805023,1042,6,3,2025-10-22,2025-10-27,224,221,2319.73,Recibida
805024,1042,6,3,2025-10-29,2025-11-02,212,153,2319.73,Parcial
805025,1042,6,3,2025-11-03,2025-11-07,210,209,2319.73,Recibida
805026,1042,6,3,2025-11-13,2025-11-18,194,173,2319.73,Parcial
805027,1042,6,3,2025-11-20,2025-11-26,192,187,2319.73,Recibida
805028,1042,6,3,2025-11-27,2025-12-03,206,201,2319.73,Recibida
805029,1042,6,3,2025-12-03,2025-12-09,193,189,2319.73,Recibida
805030,1042,6,3,2025-12-09,2025-12-15,245,241,2319.73,Recibida
805031,1042,6,3,2025-12-15,2025-12-21,302,298,2319.73,Recibida
805032,1042,6,3,2025-12-21,2025-12-26,217,152,2319.73,Parcial
805033,1042,6,3,2025-12-26,2026-01-01,258,251,2319.73,Recibida
805034,1042,6,3,2026-01-01,2026-01-06,241,236,2319.73,Recibida
805035,1042,6,3,2026-01-08,2026-01-12,275,275,2319.73,Recibida
805036,1042,6,3,2026-01-16,2026-01-22,260,253,2319.73,Recibida
805037,1042,6,3,2026-01-27,2026-02-02,258,199,2319.73,Parcial
805038,1042,6,3,2026-02-02,2026-02-08,283,275,2319.73,Recibida
805039,1042,6,3,2026-02-11,2026-02-16,217,214,2319.73,Recibida
805040,1042,6,3,2026-02-20,2026-02-24,229,224,2319.73,Recibida
805041,1042,6,3,2026-02-27,2026-03-04,205,143,2319.73,Parcial
805042,1042,6,3,2026-03-05,2026-03-09,206,201,2319.73,Recibida
805043,1042,6,3,2026-03-12,2026-03-16,210,208,2319.73,Recibida
805044,1042,6,3,2026-03-20,2026-03-26,257,0,2319.73,Cancelada
805045,1042,6,3,2026-03-21,2026-03-27,357,348,2319.73,Recibida
805046,1042,6,3,2026-03-27,2026-04-02,218,212,2319.73,Recibida
805047,1042,6,3,2026-04-04,2026-04-10,219,216,2319.73,Recibida
805048,1042,6,3,2026-04-12,2026-04-16,218,0,2319.73,Cancelada
805049,1042,6,3,2026-04-13,2026-04-19,221,217,2319.73,Recibida
805050,1042,6,3,2026-04-21,2026-04-25,206,205,2319.73,Recibida
805051,1042,6,3,2026-04-27,2026-05-02,215,212,2319.73,Recibida
805052,1042,6,3,2026-05-06,2026-05-11,225,129,2319.73,Parcial
805053,1042,6,3,2026-05-11,2026-05-17,230,228,2319.73,Recibida
805054,1042,6,3,2026-05-17,2026-05-23,214,212,2319.73,Recibida
805055,1042,6,3,2026-05-24,2026-05-29,208,205,2319.73,Recibida
805056,1042,6,3,2026-05-30,2026-06-04,210,210,2319.73,Recibida
805057,1042,6,3,2026-06-06,2026-06-10,216,213,2319.73,Recibida
805058,1042,6,3,2026-06-14,2026-06-18,218,218,2319.73,Recibida
805059,1042,6,3,2026-06-20,2026-06-24,218,217,2319.73,Recibida
805060,1042,6,3,2026-06-30,2026-07-06,216,172,2319.73,Parcial
805061,1042,6,3,2026-07-07,2026-07-11,204,199,2319.73,Recibida
805062,1042,6,3,2026-07-15,2026-07-19,200,198,2319.73,Recibida
805063,1042,6,3,2026-07-19,2026-07-25,237,231,2319.73,Recibida
805064,1042,6,3,2026-07-28,,204,,2319.73,Pendiente
805065,1042,6,3,2026-07-29,,238,,2319.73,Pendiente
805066,1042,6,3,2026-07-30,,264,,2319.73,Pendiente
805067,1042,6,3,2026-07-31,,308,,2319.73,Pendiente
805068,1042,6,3,2026-08-01,,332,,2319.73,Pendiente
805069,1043,6,1,2025-07-04,2025-07-09,9,6,1525.7,Parcial
805070,1043,6,1,2025-07-09,2025-07-13,12,12,1525.7,Recibida
805071,1043,6,1,2025-07-14,2025-07-20,13,13,1525.7,Recibida
805072,1043,6,1,2025-08-04,2025-08-08,8,8,1525.7,Recibida
805073,1043,6,1,2025-08-16,2025-08-21,7,7,1525.7,Recibida
805074,1043,6,1,2025-08-21,2025-08-27,8,8,1525.7,Recibida
805075,1043,6,1,2025-08-30,2025-09-05,9,9,1525.7,Recibida
805076,1043,6,1,2025-09-11,2025-09-17,7,7,1525.7,Recibida
805077,1043,6,1,2025-09-23,2025-09-27,11,0,1525.7,Cancelada
805078,1043,6,1,2025-09-24,2025-09-29,20,20,1525.7,Recibida
805079,1043,6,1,2025-09-30,2025-10-04,12,9,1525.7,Parcial
805080,1043,6,1,2025-10-13,2025-10-17,9,9,1525.7,Recibida
805081,1043,6,1,2025-10-17,2025-10-22,14,14,1525.7,Recibida
805082,1043,6,1,2025-10-25,2025-10-31,13,13,1525.7,Recibida
805083,1043,6,1,2025-10-31,2025-11-06,12,12,1525.7,Recibida
805084,1043,6,1,2025-11-07,2025-11-12,17,9,1525.7,Parcial
805085,1043,6,1,2025-11-12,2025-11-17,26,23,1525.7,Parcial
805086,1043,6,1,2025-11-22,2025-11-27,14,14,1525.7,Recibida
805087,1043,6,1,2025-12-04,2025-12-09,13,13,1525.7,Recibida
805088,1043,6,1,2025-12-13,2025-12-19,14,14,1525.7,Recibida
805089,1043,6,1,2025-12-19,2025-12-23,13,7,1525.7,Parcial
805090,1043,6,1,2025-12-23,2025-12-29,13,11,1525.7,Parcial
805091,1043,6,1,2025-12-29,2026-01-03,11,11,1525.7,Recibida
805092,1043,6,1,2026-01-10,2026-01-16,18,18,1525.7,Recibida
805093,1043,6,1,2026-01-17,2026-01-23,13,13,1525.7,Recibida
805094,1043,6,1,2026-01-30,2026-02-04,11,11,1525.7,Recibida
805095,1043,6,1,2026-02-26,2026-03-02,8,8,1525.7,Recibida
805096,1043,6,1,2026-03-07,2026-03-13,7,5,1525.7,Parcial
805097,1043,6,1,2026-03-17,2026-03-22,9,9,1525.7,Recibida
805098,1043,6,1,2026-03-23,2026-03-28,6,6,1525.7,Recibida
805099,1043,6,1,2026-04-11,2026-04-16,8,8,1525.7,Recibida
805100,1043,6,1,2026-04-18,2026-04-24,14,14,1525.7,Recibida
805101,1043,6,1,2026-04-25,2026-05-01,11,11,1525.7,Recibida
805102,1043,6,1,2026-05-01,2026-05-06,7,7,1525.7,Recibida
805103,1043,6,1,2026-05-07,2026-05-13,8,8,1525.7,Recibida
805104,1043,6,1,2026-05-13,2026-05-19,11,11,1525.7,Recibida
805105,1043,6,1,2026-05-19,2026-05-25,18,18,1525.7,Recibida
805106,1043,6,1,2026-06-02,2026-06-08,11,11,1525.7,Recibida
805107,1043,6,1,2026-06-08,2026-06-13,20,20,1525.7,Recibida
805108,1043,6,1,2026-07-12,2026-07-17,9,9,1525.7,Recibida
805109,1043,6,1,2026-07-17,2026-07-23,8,8,1525.7,Recibida
805110,1043,6,1,2026-07-23,2026-07-28,7,0,1525.7,Cancelada
805111,1043,6,1,2026-07-24,2026-07-28,11,7,1525.7,Parcial
805112,1043,6,1,2026-07-28,,7,,1525.7,Pendiente
805113,1043,6,1,2026-07-29,,7,,1525.7,Pendiente
805114,1043,6,1,2026-07-30,,20,,1525.7,Pendiente
805115,1043,6,1,2026-07-31,,20,,1525.7,Pendiente
805116,1043,6,1,2026-08-01,,20,,1525.7,Pendiente
805117,1043,6,2,2025-07-12,2025-07-17,9,8,1525.7,Parcial
805118,1043,6,2,2025-07-17,2025-07-23,5,5,1525.7,Recibida
805119,1043,6,2,2025-07-26,2025-07-31,13,13,1525.7,Recibida
805120,1043,6,2,2025-08-02,2025-08-08,11,11,1525.7,Recibida
805121,1043,6,2,2025-08-08,2025-08-13,8,8,1525.7,Recibida
805122,1043,6,2,2025-08-20,2025-08-24,7,7,1525.7,Recibida
805123,1043,6,2,2025-08-30,2025-09-03,14,14,1525.7,Recibida
805124,1043,6,2,2025-09-06,2025-09-11,8,8,1525.7,Recibida
805125,1043,6,2,2025-09-20,2025-09-26,9,9,1525.7,Recibida
805126,1043,6,2,2025-09-26,2025-10-01,11,11,1525.7,Recibida
805127,1043,6,2,2025-10-01,2025-10-06,10,10,1525.7,Recibida
805128,1043,6,2,2025-10-11,2025-10-17,10,0,1525.7,Cancelada
805129,1043,6,2,2025-10-12,2025-10-16,9,9,1525.7,Recibida
805130,1043,6,2,2025-10-27,2025-10-31,10,6,1525.7,Parcial
805131,1043,6,2,2025-11-02,2025-11-08,8,8,1525.7,Recibida
805132,1043,6,2,2025-11-18,2025-11-24,14,14,1525.7,Recibida
805133,1043,6,2,2025-12-03,2025-12-08,14,14,1525.7,Recibida
805134,1043,6,2,2025-12-16,2025-12-20,15,15,1525.7,Recibida
805135,1043,6,2,2025-12-30,2026-01-03,15,11,1525.7,Parcial
805136,1043,6,2,2026-01-07,2026-01-12,9,9,1525.7,Recibida
805137,1043,6,2,2026-01-12,2026-01-16,9,9,1525.7,Recibida
805138,1043,6,2,2026-01-28,2026-02-03,8,8,1525.7,Recibida
805139,1043,6,2,2026-02-03,2026-02-07,11,8,1525.7,Parcial
805140,1043,6,2,2026-02-11,2026-02-16,11,11,1525.7,Recibida
805141,1043,6,2,2026-02-16,2026-02-21,9,8,1525.7,Parcial
805142,1043,6,2,2026-02-21,2026-02-26,11,11,1525.7,Recibida
805143,1043,6,2,2026-03-03,2026-03-09,10,10,1525.7,Recibida
805144,1043,6,2,2026-03-11,2026-03-15,10,10,1525.7,Recibida
805145,1043,6,2,2026-03-30,2026-04-04,7,7,1525.7,Recibida
805146,1043,6,2,2026-04-09,2026-04-14,6,6,1525.7,Recibida
805147,1043,6,2,2026-04-22,2026-04-27,7,7,1525.7,Recibida
805148,1043,6,2,2026-04-29,2026-05-03,5,5,1525.7,Recibida
805149,1043,6,2,2026-05-05,2026-05-09,7,7,1525.7,Recibida
805150,1043,6,2,2026-05-17,2026-05-22,7,7,1525.7,Recibida
805151,1043,6,2,2026-05-22,2026-05-26,10,10,1525.7,Recibida
805152,1043,6,2,2026-05-30,2026-06-03,8,8,1525.7,Recibida
805153,1043,6,2,2026-06-12,2026-06-18,8,8,1525.7,Recibida
805154,1043,6,2,2026-07-02,2026-07-08,13,13,1525.7,Recibida
805155,1043,6,2,2026-07-10,2026-07-15,14,14,1525.7,Recibida
805156,1043,6,2,2026-07-29,,7,,1525.7,Pendiente
805157,1043,6,2,2026-07-30,,6,,1525.7,Pendiente
805158,1043,6,2,2026-07-31,,8,,1525.7,Pendiente
805159,1043,6,2,2026-08-01,,10,,1525.7,Pendiente
805160,1043,6,3,2025-07-11,2025-07-16,8,8,1525.7,Recibida
805161,1043,6,3,2025-07-16,2025-07-20,8,8,1525.7,Recibida
805162,1043,6,3,2025-07-22,2025-07-28,7,7,1525.7,Recibida
805163,1043,6,3,2025-07-28,2025-08-02,10,10,1525.7,Recibida
805164,1043,6,3,2025-08-16,2025-08-20,11,11,1525.7,Recibida
805165,1043,6,3,2025-09-02,2025-09-06,6,6,1525.7,Recibida
805166,1043,6,3,2025-09-06,2025-09-11,9,9,1525.7,Recibida
805167,1043,6,3,2025-09-23,2025-09-27,9,8,1525.7,Parcial
805168,1043,6,3,2025-10-04,2025-10-08,7,7,1525.7,Recibida
805169,1043,6,3,2025-10-10,2025-10-15,6,6,1525.7,Recibida
805170,1043,6,3,2025-10-24,2025-10-28,6,5,1525.7,Parcial
805171,1043,6,3,2025-10-28,2025-11-01,7,7,1525.7,Recibida
805172,1043,6,3,2025-11-04,2025-11-09,6,6,1525.7,Recibida
805173,1043,6,3,2025-11-16,2025-11-21,8,5,1525.7,Parcial
805174,1043,6,3,2025-11-21,2025-11-27,6,6,1525.7,Recibida
805175,1043,6,3,2025-12-05,2025-12-11,6,6,1525.7,Recibida
805176,1043,6,3,2025-12-11,2025-12-17,9,9,1525.7,Recibida
805177,1043,6,3,2025-12-18,2025-12-24,6,6,1525.7,Recibida
805178,1043,6,3,2025-12-24,2025-12-29,18,18,1525.7,Recibida
805179,1043,6,3,2026-01-09,2026-01-15,8,8,1525.7,Recibida
805180,1043,6,3,2026-01-15,2026-01-20,13,9,1525.7,Parcial
805181,1043,6,3,2026-01-22,2026-01-28,12,12,1525.7,Recibida
805182,1043,6,3,2026-02-08,2026-02-14,7,7,1525.7,Recibida
805183,1043,6,3,2026-02-19,2026-02-25,7,7,1525.7,Recibida
805184,1043,6,3,2026-03-16,2026-03-21,7,7,1525.7,Recibida
805185,1043,6,3,2026-03-24,2026-03-29,5,5,1525.7,Recibida
805186,1043,6,3,2026-04-04,2026-04-08,11,8,1525.7,Parcial
805187,1043,6,3,2026-04-17,2026-04-21,7,7,1525.7,Recibida
805188,1043,6,3,2026-04-22,2026-04-26,7,7,1525.7,Recibida
805189,1043,6,3,2026-04-26,2026-05-02,7,7,1525.7,Recibida
805190,1043,6,3,2026-05-07,2026-05-13,6,0,1525.7,Cancelada
805191,1043,6,3,2026-05-08,2026-05-13,11,11,1525.7,Recibida
805192,1043,6,3,2026-05-16,2026-05-20,9,9,1525.7,Recibida
805193,1043,6,3,2026-05-26,2026-06-01,8,8,1525.7,Recibida
805194,1043,6,3,2026-06-03,2026-06-08,7,0,1525.7,Cancelada
805195,1043,6,3,2026-06-05,2026-06-11,10,10,1525.7,Recibida
805196,1043,6,3,2026-06-11,2026-06-17,11,11,1525.7,Recibida
805197,1043,6,3,2026-07-01,2026-07-06,7,7,1525.7,Recibida
805198,1043,6,3,2026-07-23,2026-07-29,6,6,1525.7,Recibida
805199,1044,6,1,2025-07-04,2025-07-10,241,240,2888.99,Recibida
805200,1044,6,1,2025-07-11,2025-07-18,314,306,2888.99,Recibida
805201,1044,6,1,2025-07-18,2025-07-24,244,244,2888.99,Recibida
805202,1044,6,1,2025-07-26,2025-08-01,236,230,2888.99,Recibida
805203,1044,6,1,2025-08-04,2025-08-11,223,218,2888.99,Recibida
805204,1044,6,1,2025-08-12,2025-08-19,198,198,2888.99,Recibida
805205,1044,6,1,2025-08-19,2025-08-24,311,303,2888.99,Recibida
805206,1044,6,1,2025-08-25,2025-09-01,222,219,2888.99,Recibida
805207,1044,6,1,2025-09-01,2025-09-06,251,247,2888.99,Recibida
805208,1044,6,1,2025-09-06,2025-09-13,364,363,2888.99,Recibida
805209,1044,6,1,2025-09-13,2025-09-19,307,233,2888.99,Parcial
805210,1044,6,1,2025-09-19,2025-09-25,302,300,2888.99,Recibida
805211,1044,6,1,2025-09-26,2025-10-02,253,250,2888.99,Recibida
805212,1044,6,1,2025-10-03,2025-10-08,245,239,2888.99,Recibida
805213,1044,6,1,2025-10-09,2025-10-15,267,262,2888.99,Recibida
805214,1044,6,1,2025-10-15,2025-10-22,248,247,2888.99,Recibida
805215,1044,6,1,2025-10-22,2025-10-27,254,254,2888.99,Recibida
805216,1044,6,1,2025-10-29,2025-11-03,267,265,2888.99,Recibida
805217,1044,6,1,2025-11-07,2025-11-13,268,268,2888.99,Recibida
805218,1044,6,1,2025-11-14,2025-11-21,279,272,2888.99,Recibida
805219,1044,6,1,2025-11-22,2025-11-28,253,248,2888.99,Recibida
805220,1044,6,1,2025-11-30,2025-12-05,214,213,2888.99,Recibida
805221,1044,6,1,2025-12-06,2025-12-12,248,247,2888.99,Recibida
805222,1044,6,1,2025-12-12,2025-12-17,424,288,2888.99,Parcial
805223,1044,6,1,2025-12-17,2025-12-24,369,359,2888.99,Recibida
805224,1044,6,1,2025-12-24,2025-12-30,395,393,2888.99,Recibida
805225,1044,6,1,2025-12-30,2026-01-06,320,315,2888.99,Recibida
805226,1044,6,1,2026-01-06,2026-01-11,460,451,2888.99,Recibida
805227,1044,6,1,2026-01-13,2026-01-19,285,0,2888.99,Cancelada
805228,1044,6,1,2026-01-14,2026-01-21,355,354,2888.99,Recibida
805229,1044,6,1,2026-01-22,2026-01-28,325,323,2888.99,Recibida
805230,1044,6,1,2026-01-29,2026-02-05,316,309,2888.99,Recibida
805231,1044,6,1,2026-02-05,2026-02-11,296,291,2888.99,Recibida
805232,1044,6,1,2026-02-13,2026-02-19,272,175,2888.99,Parcial
805233,1044,6,1,2026-02-19,2026-02-25,270,242,2888.99,Parcial
805234,1044,6,1,2026-02-26,2026-03-03,291,235,2888.99,Parcial
805235,1044,6,1,2026-03-03,2026-03-08,260,252,2888.99,Recibida
805236,1044,6,1,2026-03-11,2026-03-17,243,241,2888.99,Recibida
805237,1044,6,1,2026-03-19,2026-03-24,241,0,2888.99,Cancelada
805238,1044,6,1,2026-03-20,2026-03-26,269,263,2888.99,Recibida
805239,1044,6,1,2026-03-26,2026-03-31,230,227,2888.99,Recibida
805240,1044,6,1,2026-03-31,2026-04-05,233,230,2888.99,Recibida
805241,1044,6,1,2026-04-05,2026-04-12,234,147,2888.99,Parcial
805242,1044,6,1,2026-04-12,2026-04-18,310,303,2888.99,Recibida
805243,1044,6,1,2026-04-18,2026-04-23,358,313,2888.99,Parcial
805244,1044,6,1,2026-04-24,2026-04-30,240,234,2888.99,Recibida
805245,1044,6,1,2026-04-30,2026-05-07,245,239,2888.99,Recibida
805246,1044,6,1,2026-05-09,2026-05-14,289,288,2888.99,Recibida
805247,1044,6,1,2026-05-16,2026-05-22,229,228,2888.99,Recibida
805248,1044,6,1,2026-05-23,2026-05-29,260,253,2888.99,Recibida
805249,1044,6,1,2026-05-29,2026-06-03,241,205,2888.99,Parcial
805250,1044,6,1,2026-06-04,2026-06-09,220,141,2888.99,Parcial
805251,1044,6,1,2026-06-09,2026-06-16,228,222,2888.99,Recibida
805252,1044,6,1,2026-06-16,2026-06-21,298,0,2888.99,Cancelada
805253,1044,6,1,2026-06-17,2026-06-22,344,344,2888.99,Recibida
805254,1044,6,1,2026-06-23,2026-06-29,224,0,2888.99,Cancelada
805255,1044,6,1,2026-06-24,2026-06-30,279,271,2888.99,Recibida
805256,1044,6,1,2026-06-30,2026-07-07,230,230,2888.99,Recibida
805257,1044,6,1,2026-07-07,2026-07-12,249,213,2888.99,Parcial
805258,1044,6,1,2026-07-12,2026-07-18,255,249,2888.99,Recibida
805259,1044,6,1,2026-07-19,2026-07-25,246,245,2888.99,Recibida
805260,1044,6,1,2026-07-27,,235,,2888.99,Pendiente
805261,1044,6,1,2026-07-28,,221,,2888.99,Pendiente
805262,1044,6,1,2026-07-29,,270,,2888.99,Pendiente
805263,1044,6,1,2026-07-30,,295,,2888.99,Pendiente
805264,1044,6,1,2026-07-31,,342,,2888.99,Pendiente
805265,1044,6,1,2026-08-01,,399,,2888.99,Pendiente
805266,1044,6,2,2025-07-03,2025-07-08,187,184,2888.99,Recibida
805267,1044,6,2,2025-07-11,2025-07-17,278,276,2888.99,Recibida
805268,1044,6,2,2025-07-17,2025-07-24,204,200,2888.99,Recibida
805269,1044,6,2,2025-07-24,2025-07-29,259,254,2888.99,Recibida
805270,1044,6,2,2025-07-31,2025-08-05,203,199,2888.99,Recibida
805271,1044,6,2,2025-08-08,2025-08-14,269,266,2888.99,Recibida
805272,1044,6,2,2025-08-15,2025-08-22,197,193,2888.99,Recibida
805273,1044,6,2,2025-08-22,2025-08-28,247,245,2888.99,Recibida
805274,1044,6,2,2025-08-30,2025-09-04,206,200,2888.99,Recibida
805275,1044,6,2,2025-09-06,2025-09-12,205,205,2888.99,Recibida
805276,1044,6,2,2025-09-16,2025-09-22,170,169,2888.99,Recibida
805277,1044,6,2,2025-09-22,2025-09-27,208,205,2888.99,Recibida
805278,1044,6,2,2025-10-01,2025-10-06,172,168,2888.99,Recibida
805279,1044,6,2,2025-10-08,2025-10-15,169,167,2888.99,Recibida
805280,1044,6,2,2025-10-15,2025-10-21,215,210,2888.99,Recibida
805281,1044,6,2,2025-10-21,2025-10-26,191,115,2888.99,Parcial
805282,1044,6,2,2025-10-26,2025-11-02,266,171,2888.99,Parcial
805283,1044,6,2,2025-11-02,2025-11-07,335,334,2888.99,Recibida
805284,1044,6,2,2025-11-08,2025-11-14,203,203,2888.99,Recibida
805285,1044,6,2,2025-11-15,2025-11-20,202,202,2888.99,Recibida
805286,1044,6,2,2025-11-21,2025-11-27,198,193,2888.99,Recibida
805287,1044,6,2,2025-11-28,2025-12-05,187,182,2888.99,Recibida
805288,1044,6,2,2025-12-05,2025-12-11,313,305,2888.99,Recibida
805289,1044,6,2,2025-12-11,2025-12-17,278,0,2888.99,Cancelada
805290,1044,6,2,2025-12-12,2025-12-18,333,185,2888.99,Parcial
805291,1044,6,2,2025-12-18,2025-12-23,514,503,2888.99,Recibida
805292,1044,6,2,2025-12-24,2025-12-31,241,239,2888.99,Recibida
805293,1044,6,2,2025-12-31,2026-01-07,336,327,2888.99,Recibida
805294,1044,6,2,2026-01-08,2026-01-14,232,228,2888.99,Recibida
805295,1044,6,2,2026-01-14,2026-01-19,260,260,2888.99,Recibida
805296,1044,6,2,2026-01-23,2026-01-30,246,0,2888.99,Cancelada
805297,1044,6,2,2026-01-24,2026-01-29,267,226,2888.99,Parcial
805298,1044,6,2,2026-02-01,2026-02-07,216,215,2888.99,Recibida
805299,1044,6,2,2026-02-07,2026-02-13,256,250,2888.99,Recibida
805300,1044,6,2,2026-02-16,2026-02-21,198,194,2888.99,Recibida
805301,1044,6,2,2026-02-23,2026-03-01,197,195,2888.99,Recibida
805302,1044,6,2,2026-03-02,2026-03-07,203,198,2888.99,Recibida
805303,1044,6,2,2026-03-09,2026-03-15,217,185,2888.99,Parcial
805304,1044,6,2,2026-03-16,2026-03-21,212,206,2888.99,Recibida
805305,1044,6,2,2026-03-21,2026-03-26,197,0,2888.99,Cancelada
805306,1044,6,2,2026-03-22,2026-03-28,187,182,2888.99,Recibida
805307,1044,6,2,2026-03-28,2026-04-04,192,191,2888.99,Recibida
805308,1044,6,2,2026-04-04,2026-04-10,180,176,2888.99,Recibida
805309,1044,6,2,2026-04-11,2026-04-18,240,237,2888.99,Recibida
805310,1044,6,2,2026-04-18,2026-04-23,219,214,2888.99,Recibida
805311,1044,6,2,2026-04-24,2026-05-01,209,209,2888.99,Recibida
805312,1044,6,2,2026-05-01,2026-05-06,214,213,2888.99,Recibida
805313,1044,6,2,2026-05-09,2026-05-16,217,216,2888.99,Recibida
805314,1044,6,2,2026-05-16,2026-05-21,255,249,2888.99,Recibida
805315,1044,6,2,2026-05-22,2026-05-29,228,228,2888.99,Recibida
805316,1044,6,2,2026-05-29,2026-06-05,265,261,2888.99,Recibida
805317,1044,6,2,2026-06-06,2026-06-12,320,319,2888.99,Recibida
805318,1044,6,2,2026-06-13,2026-06-18,245,238,2888.99,Recibida
805319,1044,6,2,2026-06-20,2026-06-26,229,224,2888.99,Recibida
805320,1044,6,2,2026-06-29,2026-07-05,214,0,2888.99,Cancelada
805321,1044,6,2,2026-06-30,2026-07-05,227,227,2888.99,Recibida
805322,1044,6,2,2026-07-06,2026-07-13,198,198,2888.99,Recibida
805323,1044,6,2,2026-07-13,2026-07-18,297,292,2888.99,Recibida
805324,1044,6,2,2026-07-18,2026-07-25,218,216,2888.99,Recibida
805325,1044,6,2,2026-07-25,2026-07-30,200,196,2888.99,Recibida
805326,1044,6,3,2025-07-04,2025-07-09,179,144,2888.99,Parcial
805327,1044,6,3,2025-07-09,2025-07-14,299,295,2888.99,Recibida
805328,1044,6,3,2025-07-18,2025-07-25,189,134,2888.99,Parcial
805329,1044,6,3,2025-07-25,2025-07-31,179,178,2888.99,Recibida
805330,1044,6,3,2025-08-02,2025-08-07,189,189,2888.99,Recibida
805331,1044,6,3,2025-08-10,2025-08-15,156,154,2888.99,Recibida
805332,1044,6,3,2025-08-15,2025-08-22,195,165,2888.99,Parcial
805333,1044,6,3,2025-08-22,2025-08-28,200,196,2888.99,Recibida
805334,1044,6,3,2025-08-28,2025-09-03,184,180,2888.99,Recibida
805335,1044,6,3,2025-09-04,2025-09-10,167,119,2888.99,Parcial
805336,1044,6,3,2025-09-10,2025-09-15,234,229,2888.99,Recibida
805337,1044,6,3,2025-09-17,2025-09-24,165,163,2888.99,Recibida
805338,1044,6,3,2025-09-24,2025-09-29,222,222,2888.99,Recibida
805339,1044,6,3,2025-10-02,2025-10-09,160,160,2888.99,Recibida
805340,1044,6,3,2025-10-10,2025-10-15,172,0,2888.99,Cancelada
805341,1044,6,3,2025-10-11,2025-10-17,219,218,2888.99,Recibida
805342,1044,6,3,2025-10-18,2025-10-23,162,160,2888.99,Recibida
805343,1044,6,3,2025-10-25,2025-11-01,195,193,2888.99,Recibida
805344,1044,6,3,2025-11-01,2025-11-07,226,221,2888.99,Recibida
805345,1044,6,3,2025-11-08,2025-11-13,170,168,2888.99,Recibida
805346,1044,6,3,2025-11-15,2025-11-20,198,196,2888.99,Recibida
805347,1044,6,3,2025-11-22,2025-11-28,192,192,2888.99,Recibida
805348,1044,6,3,2025-11-29,2025-12-04,186,182,2888.99,Recibida
805349,1044,6,3,2025-12-04,2025-12-09,165,164,2888.99,Recibida
805350,1044,6,3,2025-12-10,2025-12-15,206,200,2888.99,Recibida
805351,1044,6,3,2025-12-15,2025-12-22,232,227,2888.99,Recibida
805352,1044,6,3,2025-12-22,2025-12-28,246,150,2888.99,Parcial
805353,1044,6,3,2025-12-28,2026-01-03,326,317,2888.99,Recibida
805354,1044,6,3,2026-01-03,2026-01-08,257,256,2888.99,Recibida
805355,1044,6,3,2026-01-10,2026-01-15,214,213,2888.99,Recibida
805356,1044,6,3,2026-01-18,2026-01-25,201,200,2888.99,Recibida
805357,1044,6,3,2026-01-25,2026-01-31,213,213,2888.99,Recibida
805358,1044,6,3,2026-02-03,2026-02-08,180,176,2888.99,Recibida
805359,1044,6,3,2026-02-11,2026-02-17,189,184,2888.99,Recibida
805360,1044,6,3,2026-02-17,2026-02-24,227,222,2888.99,Recibida
805361,1044,6,3,2026-02-24,2026-03-03,201,198,2888.99,Recibida
805362,1044,6,3,2026-03-03,2026-03-09,202,197,2888.99,Recibida
805363,1044,6,3,2026-03-09,2026-03-15,186,184,2888.99,Recibida
805364,1044,6,3,2026-03-17,2026-03-23,196,192,2888.99,Recibida
805365,1044,6,3,2026-03-23,2026-03-30,171,167,2888.99,Recibida
805366,1044,6,3,2026-03-30,2026-04-04,173,171,2888.99,Recibida
805367,1044,6,3,2026-04-09,2026-04-16,152,149,2888.99,Recibida
805368,1044,6,3,2026-04-16,2026-04-21,154,151,2888.99,Recibida
805369,1044,6,3,2026-04-23,2026-04-29,169,166,2888.99,Recibida
805370,1044,6,3,2026-04-30,2026-05-07,164,164,2888.99,Recibida
805371,1044,6,3,2026-05-07,2026-05-13,167,0,2888.99,Cancelada
805372,1044,6,3,2026-05-08,2026-05-15,211,135,2888.99,Parcial
805373,1044,6,3,2026-05-15,2026-05-22,282,277,2888.99,Recibida
805374,1044,6,3,2026-05-22,2026-05-27,195,189,2888.99,Recibida
805375,1044,6,3,2026-05-27,2026-06-02,158,158,2888.99,Recibida
805376,1044,6,3,2026-06-02,2026-06-09,170,165,2888.99,Recibida
805377,1044,6,3,2026-06-09,2026-06-15,176,173,2888.99,Recibida
805378,1044,6,3,2026-06-15,2026-06-21,190,187,2888.99,Recibida
805379,1044,6,3,2026-06-22,2026-06-29,168,166,2888.99,Recibida
805380,1044,6,3,2026-06-29,2026-07-04,164,159,2888.99,Recibida
805381,1044,6,3,2026-07-06,2026-07-11,167,164,2888.99,Recibida
805382,1044,6,3,2026-07-13,2026-07-20,152,151,2888.99,Recibida
805383,1044,6,3,2026-07-20,2026-07-27,174,171,2888.99,Recibida
805384,1044,6,3,2026-07-27,,192,,2888.99,Pendiente
805385,1044,6,3,2026-07-28,,217,,2888.99,Pendiente
805386,1044,6,3,2026-07-29,,243,,2888.99,Pendiente
805387,1044,6,3,2026-07-30,,262,,2888.99,Pendiente
805388,1044,6,3,2026-07-31,,293,,2888.99,Pendiente
805389,1044,6,3,2026-08-01,,339,,2888.99,Pendiente
805390,1045,6,1,2025-07-04,2025-07-11,82,80,1338.52,Recibida
805391,1045,6,1,2025-07-11,2025-07-16,88,87,1338.52,Recibida
805392,1045,6,1,2025-07-16,2025-07-21,95,58,1338.52,Parcial
805393,1045,6,1,2025-07-21,2025-08-02,77,67,1338.52,Parcial
805394,1045,6,1,2025-08-02,2025-08-07,109,106,1338.52,Recibida
805395,1045,6,1,2025-08-09,2025-08-20,80,56,1338.52,Parcial
805396,1045,6,1,2025-08-20,2025-08-26,134,134,1338.52,Recibida
805397,1045,6,1,2025-08-29,2025-09-05,70,69,1338.52,Recibida
805398,1045,6,1,2025-09-05,2025-09-15,99,99,1338.52,Recibida
805399,1045,6,1,2025-09-18,2025-09-24,81,81,1338.52,Recibida
805400,1045,6,1,2025-09-26,2025-10-02,68,68,1338.52,Recibida
805401,1045,6,1,2025-10-06,2025-10-12,63,55,1338.52,Parcial
805402,1045,6,1,2025-10-12,2025-10-21,69,69,1338.52,Recibida
805403,1045,6,1,2025-10-21,2025-10-28,81,79,1338.52,Recibida
805404,1045,6,1,2025-10-28,2025-11-07,95,95,1338.52,Recibida
805405,1045,6,1,2025-11-07,2025-11-13,146,96,1338.52,Parcial
805406,1045,6,1,2025-11-13,2025-11-19,121,118,1338.52,Recibida
805407,1045,6,1,2025-11-23,2025-11-29,63,62,1338.52,Recibida
805408,1045,6,1,2025-11-29,2025-12-05,68,67,1338.52,Recibida
805409,1045,6,1,2025-12-05,2025-12-12,72,72,1338.52,Recibida
805410,1045,6,1,2025-12-12,2025-12-19,114,112,1338.52,Recibida
805411,1045,6,1,2025-12-19,2025-12-27,148,146,1338.52,Recibida
805412,1045,6,1,2025-12-27,2026-01-02,114,98,1338.52,Parcial
805413,1045,6,1,2026-01-02,2026-01-09,91,91,1338.52,Recibida
805414,1045,6,1,2026-01-09,2026-01-20,117,115,1338.52,Recibida
805415,1045,6,1,2026-01-20,2026-01-25,119,116,1338.52,Recibida
805416,1045,6,1,2026-01-27,2026-02-01,91,89,1338.52,Recibida
805417,1045,6,1,2026-02-06,2026-02-12,84,83,1338.52,Recibida
805418,1045,6,1,2026-02-18,2026-02-24,68,66,1338.52,Recibida
805419,1045,6,1,2026-02-24,2026-03-06,73,72,1338.52,Recibida
805420,1045,6,1,2026-03-06,2026-03-12,80,79,1338.52,Recibida
805421,1045,6,1,2026-03-14,2026-03-25,70,69,1338.52,Recibida
805422,1045,6,1,2026-03-25,2026-03-30,105,103,1338.52,Recibida
805423,1045,6,1,2026-03-30,2026-04-04,74,73,1338.52,Recibida
805424,1045,6,1,2026-04-05,2026-04-10,61,60,1338.52,Recibida
805425,1045,6,1,2026-04-11,2026-04-20,69,69,1338.52,Recibida
805426,1045,6,1,2026-04-20,2026-04-25,106,104,1338.52,Recibida
805427,1045,6,1,2026-04-25,2026-05-01,99,97,1338.52,Recibida
805428,1045,6,1,2026-05-01,2026-05-08,75,74,1338.52,Recibida
805429,1045,6,1,2026-05-08,2026-05-15,74,72,1338.52,Recibida
805430,1045,6,1,2026-05-15,2026-05-20,69,67,1338.52,Recibida
805431,1045,6,1,2026-05-21,2026-05-26,105,104,1338.52,Recibida
805432,1045,6,1,2026-05-29,2026-06-05,80,78,1338.52,Recibida
805433,1045,6,1,2026-06-05,2026-06-10,117,115,1338.52,Recibida
805434,1045,6,1,2026-06-13,2026-06-18,81,79,1338.52,Recibida
805435,1045,6,1,2026-06-20,2026-06-25,94,78,1338.52,Parcial
805436,1045,6,1,2026-06-26,2026-07-03,93,92,1338.52,Recibida
805437,1045,6,1,2026-07-03,2026-07-08,93,91,1338.52,Recibida
805438,1045,6,1,2026-07-11,2026-07-24,81,68,1338.52,Parcial
805439,1045,6,1,2026-07-24,2026-07-31,139,137,1338.52,Recibida
805440,1045,6,1,2026-07-31,,111,,1338.52,Pendiente
805441,1045,6,1,2026-08-01,,123,,1338.52,Pendiente
805442,1045,6,2,2025-07-05,2025-07-12,62,61,1338.52,Recibida
805443,1045,6,2,2025-07-12,2025-07-19,70,45,1338.52,Parcial
805444,1045,6,2,2025-07-19,2025-08-01,74,74,1338.52,Recibida
805445,1045,6,2,2025-08-01,2025-08-13,74,73,1338.52,Recibida
805446,1045,6,2,2025-08-13,2025-08-25,79,69,1338.52,Parcial
805447,1045,6,2,2025-08-25,2025-09-04,85,83,1338.52,Recibida
805448,1045,6,2,2025-09-04,2025-09-09,69,68,1338.52,Recibida
805449,1045,6,2,2025-09-09,2025-09-14,69,69,1338.52,Recibida
805450,1045,6,2,2025-09-15,2025-09-20,51,50,1338.52,Recibida
805451,1045,6,2,2025-09-20,2025-09-25,98,98,1338.52,Recibida
805452,1045,6,2,2025-09-27,2025-10-03,91,90,1338.52,Recibida
805453,1045,6,2,2025-10-03,2025-10-09,87,87,1338.52,Recibida
805454,1045,6,2,2025-10-11,2025-10-16,64,63,1338.52,Recibida
805455,1045,6,2,2025-10-20,2025-10-27,62,62,1338.52,Recibida
805456,1045,6,2,2025-11-01,2025-11-06,74,72,1338.52,Recibida
805457,1045,6,2,2025-11-08,2025-11-18,58,49,1338.52,Parcial
805458,1045,6,2,2025-11-18,2025-11-23,74,73,1338.52,Recibida
805459,1045,6,2,2025-11-23,2025-11-28,59,59,1338.52,Recibida
805460,1045,6,2,2025-11-29,2025-12-04,63,61,1338.52,Recibida
805461,1045,6,2,2025-12-04,2025-12-17,65,64,1338.52,Recibida
805462,1045,6,2,2025-12-17,2025-12-24,123,121,1338.52,Recibida
805463,1045,6,2,2025-12-24,2025-12-31,59,57,1338.52,Recibida
805464,1045,6,2,2025-12-31,2026-01-07,69,67,1338.52,Recibida
805465,1045,6,2,2026-01-07,2026-01-13,73,72,1338.52,Recibida
805466,1045,6,2,2026-01-13,2026-01-18,63,61,1338.52,Recibida
805467,1045,6,2,2026-01-22,2026-01-28,61,60,1338.52,Recibida
805468,1045,6,2,2026-01-28,2026-02-02,59,58,1338.52,Recibida
805469,1045,6,2,2026-02-06,2026-02-11,61,60,1338.52,Recibida
805470,1045,6,2,2026-02-15,2026-02-21,60,58,1338.52,Recibida
805471,1045,6,2,2026-02-22,2026-02-28,51,50,1338.52,Recibida
805472,1045,6,2,2026-03-02,2026-03-11,61,60,1338.52,Recibida
805473,1045,6,2,2026-03-11,2026-03-23,63,51,1338.52,Parcial
805474,1045,6,2,2026-03-23,2026-03-28,92,91,1338.52,Recibida
805475,1045,6,2,2026-04-01,2026-04-08,60,60,1338.52,Recibida
805476,1045,6,2,2026-04-08,2026-04-13,98,97,1338.52,Recibida
805477,1045,6,2,2026-04-15,2026-04-22,49,49,1338.52,Recibida
805478,1045,6,2,2026-04-22,2026-04-29,85,84,1338.52,Recibida
805479,1045,6,2,2026-04-29,2026-05-11,67,67,1338.52,Recibida
805480,1045,6,2,2026-05-11,2026-05-16,95,93,1338.52,Recibida
805481,1045,6,2,2026-05-20,2026-05-27,57,57,1338.52,Recibida
805482,1045,6,2,2026-05-27,2026-06-01,56,55,1338.52,Recibida
805483,1045,6,2,2026-06-01,2026-06-07,62,62,1338.52,Recibida
805484,1045,6,2,2026-06-09,2026-06-15,49,49,1338.52,Recibida
805485,1045,6,2,2026-06-17,2026-06-23,61,45,1338.52,Parcial
805486,1045,6,2,2026-06-23,2026-06-30,92,70,1338.52,Parcial
805487,1045,6,2,2026-06-30,2026-07-08,108,107,1338.52,Recibida
805488,1045,6,2,2026-07-08,2026-07-13,97,96,1338.52,Recibida
805489,1045,6,2,2026-07-15,2026-07-25,70,70,1338.52,Recibida
805490,1045,6,2,2026-07-25,2026-07-31,89,87,1338.52,Recibida
805491,1045,6,3,2025-07-04,2025-07-10,46,46,1338.52,Recibida
805492,1045,6,3,2025-07-15,2025-07-25,35,23,1338.52,Parcial
805493,1045,6,3,2025-07-25,2025-07-31,133,131,1338.52,Recibida
805494,1045,6,3,2025-08-06,2025-08-11,49,48,1338.52,Recibida
805495,1045,6,3,2025-08-11,2025-08-25,67,66,1338.52,Recibida
805496,1045,6,3,2025-08-25,2025-08-30,65,65,1338.52,Recibida
805497,1045,6,3,2025-08-30,2025-09-09,55,37,1338.52,Parcial
805498,1045,6,3,2025-09-09,2025-09-23,100,98,1338.52,Recibida
805499,1045,6,3,2025-09-23,2025-09-28,45,45,1338.52,Recibida
805500,1045,6,3,2025-10-02,2025-10-09,40,0,1338.52,Cancelada
805501,1045,6,3,2025-10-03,2025-10-09,44,43,1338.52,Recibida
805502,1045,6,3,2025-10-09,2025-10-14,42,42,1338.52,Recibida
805503,1045,6,3,2025-10-14,2025-10-28,54,54,1338.52,Recibida
805504,1045,6,3,2025-10-28,2025-11-02,74,74,1338.52,Recibida
805505,1045,6,3,2025-11-02,2025-11-11,42,41,1338.52,Recibida
805506,1045,6,3,2025-11-13,2025-11-18,53,53,1338.52,Recibida
805507,1045,6,3,2025-11-19,2025-11-25,56,0,1338.52,Cancelada
805508,1045,6,3,2025-11-20,2025-11-25,63,62,1338.52,Recibida
805509,1045,6,3,2025-11-26,2025-12-01,47,47,1338.52,Recibida
805510,1045,6,3,2025-12-01,2025-12-07,72,0,1338.52,Cancelada
805511,1045,6,3,2025-12-02,2025-12-09,72,72,1338.52,Recibida
805512,1045,6,3,2025-12-09,2025-12-14,49,49,1338.52,Recibida
805513,1045,6,3,2025-12-14,2025-12-21,79,79,1338.52,Recibida
805514,1045,6,3,2025-12-21,2025-12-31,99,87,1338.52,Parcial
805515,1045,6,3,2025-12-31,2026-01-07,96,93,1338.52,Recibida
805516,1045,6,3,2026-01-10,2026-01-21,58,57,1338.52,Recibida
805517,1045,6,3,2026-01-21,2026-02-02,80,78,1338.52,Recibida
805518,1045,6,3,2026-02-02,2026-02-07,68,66,1338.52,Recibida
805519,1045,6,3,2026-02-09,2026-02-15,47,46,1338.52,Recibida
805520,1045,6,3,2026-02-15,2026-02-27,45,44,1338.52,Recibida
805521,1045,6,3,2026-02-27,2026-03-04,102,101,1338.52,Recibida
805522,1045,6,3,2026-03-11,2026-03-18,42,42,1338.52,Recibida
805523,1045,6,3,2026-03-19,2026-03-30,44,43,1338.52,Recibida
805524,1045,6,3,2026-03-30,2026-04-04,73,47,1338.52,Parcial
805525,1045,6,3,2026-04-04,2026-04-09,75,74,1338.52,Recibida
805526,1045,6,3,2026-04-09,2026-04-16,62,62,1338.52,Recibida
805527,1045,6,3,2026-04-18,2026-05-02,44,43,1338.52,Recibida
805528,1045,6,3,2026-05-02,2026-05-09,75,53,1338.52,Parcial
805529,1045,6,3,2026-05-09,2026-05-20,71,71,1338.52,Recibida
805530,1045,6,3,2026-05-20,2026-05-30,63,0,1338.52,Cancelada
805531,1045,6,3,2026-05-21,2026-05-28,68,66,1338.52,Recibida
805532,1045,6,3,2026-05-28,2026-06-03,46,46,1338.52,Recibida
805533,1045,6,3,2026-06-03,2026-06-08,87,87,1338.52,Recibida
805534,1045,6,3,2026-06-12,2026-06-17,58,57,1338.52,Recibida
805535,1045,6,3,2026-06-17,2026-06-22,91,89,1338.52,Recibida
805536,1045,6,3,2026-06-25,2026-07-02,52,38,1338.52,Parcial
805537,1045,6,3,2026-07-03,2026-07-10,51,50,1338.52,Recibida
805538,1045,6,3,2026-07-10,2026-07-17,78,76,1338.52,Recibida
805539,1045,6,3,2026-07-18,2026-08-01,57,55,1338.52,Recibida
805540,1045,6,3,2026-08-01,,55,,1338.52,Pendiente
805541,1046,6,1,2025-07-07,2025-07-15,117,115,2959.03,Recibida
805542,1046,6,1,2025-07-16,2025-07-25,98,97,2959.03,Recibida
805543,1046,6,1,2025-07-26,2025-08-03,98,96,2959.03,Recibida
805544,1046,6,1,2025-08-04,2025-08-12,91,81,2959.03,Parcial
805545,1046,6,1,2025-08-12,2025-08-20,91,91,2959.03,Recibida
805546,1046,6,1,2025-08-23,2025-08-31,81,80,2959.03,Recibida
805547,1046,6,1,2025-08-31,2025-09-07,82,80,2959.03,Recibida
805548,1046,6,1,2025-09-10,2025-09-18,78,69,2959.03,Parcial
805549,1046,6,1,2025-09-18,2025-09-26,78,78,2959.03,Recibida
805550,1046,6,1,2025-09-26,2025-10-03,129,85,2959.03,Parcial
805551,1046,6,1,2025-10-03,2025-10-11,130,111,2959.03,Parcial
805552,1046,6,1,2025-10-11,2025-10-20,91,91,2959.03,Recibida
805553,1046,6,1,2025-10-20,2025-10-27,87,85,2959.03,Recibida
805554,1046,6,1,2025-10-28,2025-11-05,86,0,2959.03,Cancelada
805555,1046,6,1,2025-10-29,2025-11-07,87,85,2959.03,Recibida
805556,1046,6,1,2025-11-07,2025-11-14,120,73,2959.03,Parcial
805557,1046,6,1,2025-11-14,2025-11-21,116,113,2959.03,Recibida
805558,1046,6,1,2025-11-21,2025-11-28,81,80,2959.03,Recibida
805559,1046,6,1,2025-11-28,2025-12-07,89,86,2959.03,Recibida
805560,1046,6,1,2025-12-07,2025-12-14,89,89,2959.03,Recibida
805561,1046,6,1,2025-12-14,2025-12-21,136,133,2959.03,Recibida
805562,1046,6,1,2025-12-21,2025-12-30,98,96,2959.03,Recibida
805563,1046,6,1,2025-12-30,2026-01-08,155,154,2959.03,Recibida
805564,1046,6,1,2026-01-08,2026-01-15,129,126,2959.03,Recibida
805565,1046,6,1,2026-01-15,2026-01-23,117,116,2959.03,Recibida
805566,1046,6,1,2026-01-23,2026-01-30,116,113,2959.03,Recibida
805567,1046,6,1,2026-01-30,2026-02-07,127,125,2959.03,Recibida
805568,1046,6,1,2026-02-10,2026-02-18,111,110,2959.03,Recibida
805569,1046,6,1,2026-02-18,2026-02-27,109,106,2959.03,Recibida
805570,1046,6,1,2026-03-01,2026-03-10,102,101,2959.03,Recibida
805571,1046,6,1,2026-03-10,2026-03-17,98,95,2959.03,Recibida
805572,1046,6,1,2026-03-19,2026-03-28,90,89,2959.03,Recibida
805573,1046,6,1,2026-03-28,2026-04-04,146,143,2959.03,Recibida
805574,1046,6,1,2026-04-07,2026-04-15,92,91,2959.03,Recibida
805575,1046,6,1,2026-04-15,2026-04-22,96,94,2959.03,Recibida
805576,1046,6,1,2026-04-22,2026-04-30,97,96,2959.03,Recibida
805577,1046,6,1,2026-04-30,2026-05-08,158,154,2959.03,Recibida
805578,1046,6,1,2026-05-09,2026-05-18,120,118,2959.03,Recibida
805579,1046,6,1,2026-05-19,2026-05-27,100,98,2959.03,Recibida
805580,1046,6,1,2026-05-27,2026-06-04,98,60,2959.03,Parcial
805581,1046,6,1,2026-06-04,2026-06-12,99,96,2959.03,Recibida
805582,1046,6,1,2026-06-12,2026-06-19,90,90,2959.03,Recibida
805583,1046,6,1,2026-06-19,2026-06-27,97,67,2959.03,Parcial
805584,1046,6,1,2026-06-29,2026-07-07,83,81,2959.03,Recibida
805585,1046,6,1,2026-07-07,2026-07-14,100,97,2959.03,Recibida
805586,1046,6,1,2026-07-14,2026-07-23,89,87,2959.03,Recibida
805587,1046,6,1,2026-07-23,2026-07-31,100,0,2959.03,Cancelada
805588,1046,6,1,2026-07-24,2026-08-01,106,75,2959.03,Parcial
805589,1046,6,1,2026-08-01,,89,,2959.03,Pendiente
805590,1046,6,2,2025-07-06,2025-07-14,68,67,2959.03,Recibida
805591,1046,6,2,2025-07-14,2025-07-22,77,77,2959.03,Recibida
805592,1046,6,2,2025-07-22,2025-07-31,98,96,2959.03,Recibida
805593,1046,6,2,2025-07-31,2025-08-09,82,80,2959.03,Recibida
805594,1046,6,2,2025-08-09,2025-08-18,81,79,2959.03,Recibida
805595,1046,6,2,2025-08-18,2025-08-26,77,76,2959.03,Recibida
805596,1046,6,2,2025-08-26,2025-09-03,79,77,2959.03,Recibida
805597,1046,6,2,2025-09-03,2025-09-11,139,135,2959.03,Recibida
805598,1046,6,2,2025-09-11,2025-09-18,89,64,2959.03,Parcial
805599,1046,6,2,2025-09-18,2025-09-25,85,85,2959.03,Recibida
805600,1046,6,2,2025-09-29,2025-10-08,83,82,2959.03,Recibida
805601,1046,6,2,2025-10-09,2025-10-17,84,82,2959.03,Recibida
805602,1046,6,2,2025-10-21,2025-10-29,75,74,2959.03,Recibida
805603,1046,6,2,2025-10-29,2025-11-05,68,66,2959.03,Recibida
805604,1046,6,2,2025-11-06,2025-11-15,70,68,2959.03,Recibida
805605,1046,6,2,2025-11-15,2025-11-22,70,68,2959.03,Recibida
805606,1046,6,2,2025-11-27,2025-12-04,65,39,2959.03,Parcial
805607,1046,6,2,2025-12-04,2025-12-13,75,73,2959.03,Recibida
805608,1046,6,2,2025-12-13,2025-12-20,103,103,2959.03,Recibida
805609,1046,6,2,2025-12-20,2025-12-28,69,68,2959.03,Recibida
805610,1046,6,2,2025-12-28,2026-01-06,114,112,2959.03,Recibida
805611,1046,6,2,2026-01-06,2026-01-15,90,50,2959.03,Parcial
805612,1046,6,2,2026-01-15,2026-01-24,182,178,2959.03,Recibida
805613,1046,6,2,2026-01-26,2026-02-04,98,96,2959.03,Recibida
805614,1046,6,2,2026-02-06,2026-02-15,90,90,2959.03,Recibida
805615,1046,6,2,2026-02-15,2026-02-23,98,97,2959.03,Recibida
805616,1046,6,2,2026-02-24,2026-03-05,87,87,2959.03,Recibida
805617,1046,6,2,2026-03-06,2026-03-13,116,113,2959.03,Recibida
805618,1046,6,2,2026-03-13,2026-03-21,92,89,2959.03,Recibida
805619,1046,6,2,2026-03-21,2026-03-29,91,89,2959.03,Recibida
805620,1046,6,2,2026-03-29,2026-04-05,89,87,2959.03,Recibida
805621,1046,6,2,2026-04-05,2026-04-12,89,0,2959.03,Cancelada
805622,1046,6,2,2026-04-06,2026-04-14,90,88,2959.03,Recibida
805623,1046,6,2,2026-04-14,2026-04-21,92,90,2959.03,Recibida
805624,1046,6,2,2026-04-23,2026-05-02,86,83,2959.03,Recibida
805625,1046,6,2,2026-05-02,2026-05-11,83,82,2959.03,Recibida
805626,1046,6,2,2026-05-15,2026-05-22,75,74,2959.03,Recibida
805627,1046,6,2,2026-05-29,2026-06-05,67,66,2959.03,Recibida
805628,1046,6,2,2026-06-05,2026-06-12,66,65,2959.03,Recibida
805629,1046,6,2,2026-06-12,2026-06-19,72,0,2959.03,Cancelada
805630,1046,6,2,2026-06-13,2026-06-21,95,93,2959.03,Recibida
805631,1046,6,2,2026-06-21,2026-06-28,81,79,2959.03,Recibida
805632,1046,6,2,2026-06-28,2026-07-06,97,95,2959.03,Recibida
805633,1046,6,2,2026-07-06,2026-07-13,102,101,2959.03,Recibida
805634,1046,6,2,2026-07-13,2026-07-21,102,101,2959.03,Recibida
805635,1046,6,2,2026-07-21,2026-07-28,90,88,2959.03,Recibida
805636,1046,6,2,2026-07-31,,85,,2959.03,Pendiente
805637,1046,6,2,2026-08-01,,85,,2959.03,Pendiente
805638,1046,6,3,2025-07-03,2025-07-12,57,0,2959.03,Cancelada
805639,1046,6,3,2025-07-04,2025-07-13,57,56,2959.03,Recibida
805640,1046,6,3,2025-07-13,2025-07-22,109,109,2959.03,Recibida
805641,1046,6,3,2025-07-22,2025-07-30,72,71,2959.03,Recibida
805642,1046,6,3,2025-07-31,2025-08-08,66,65,2959.03,Recibida
805643,1046,6,3,2025-08-08,2025-08-15,96,95,2959.03,Recibida
805644,1046,6,3,2025-08-15,2025-08-24,74,50,2959.03,Parcial
805645,1046,6,3,2025-08-24,2025-09-02,70,68,2959.03,Recibida
805646,1046,6,3,2025-09-02,2025-09-09,65,64,2959.03,Recibida
805647,1046,6,3,2025-09-09,2025-09-18,108,105,2959.03,Recibida
805648,1046,6,3,2025-09-18,2025-09-26,73,72,2959.03,Recibida
805649,1046,6,3,2025-09-26,2025-10-05,69,69,2959.03,Recibida
805650,1046,6,3,2025-10-05,2025-10-13,77,76,2959.03,Recibida
805651,1046,6,3,2025-10-13,2025-10-22,71,70,2959.03,Recibida
805652,1046,6,3,2025-10-25,2025-11-02,62,61,2959.03,Recibida
805653,1046,6,3,2025-11-04,2025-11-13,61,60,2959.03,Recibida
805654,1046,6,3,2025-11-13,2025-11-22,60,60,2959.03,Recibida
805655,1046,6,3,2025-11-24,2025-12-01,54,46,2959.03,Parcial
805656,1046,6,3,2025-12-01,2025-12-09,61,40,2959.03,Parcial
805657,1046,6,3,2025-12-09,2025-12-17,81,80,2959.03,Recibida
805658,1046,6,3,2025-12-17,2025-12-24,69,67,2959.03,Recibida
805659,1046,6,3,2025-12-24,2025-12-31,88,87,2959.03,Recibida
805660,1046,6,3,2025-12-31,2026-01-09,62,60,2959.03,Recibida
805661,1046,6,3,2026-01-09,2026-01-16,123,121,2959.03,Recibida
805662,1046,6,3,2026-01-16,2026-01-23,72,71,2959.03,Recibida
805663,1046,6,3,2026-01-24,2026-02-02,73,0,2959.03,Cancelada
805664,1046,6,3,2026-01-25,2026-02-01,72,70,2959.03,Recibida
805665,1046,6,3,2026-02-04,2026-02-11,67,67,2959.03,Recibida
805666,1046,6,3,2026-02-11,2026-02-19,70,70,2959.03,Recibida
805667,1046,6,3,2026-02-23,2026-03-02,62,60,2959.03,Recibida
805668,1046,6,3,2026-03-07,2026-03-16,55,54,2959.03,Recibida
805669,1046,6,3,2026-03-19,2026-03-28,52,41,2959.03,Parcial
805670,1046,6,3,2026-03-28,2026-04-04,91,0,2959.03,Cancelada
805671,1046,6,3,2026-03-29,2026-04-05,97,96,2959.03,Recibida
805672,1046,6,3,2026-04-06,2026-04-15,54,54,2959.03,Recibida
805673,1046,6,3,2026-04-15,2026-04-22,74,74,2959.03,Recibida
805674,1046,6,3,2026-04-22,2026-05-01,71,70,2959.03,Recibida
805675,1046,6,3,2026-05-01,2026-05-09,86,85,2959.03,Recibida
805676,1046,6,3,2026-05-09,2026-05-17,62,62,2959.03,Recibida
805677,1046,6,3,2026-05-19,2026-05-27,64,63,2959.03,Recibida
805678,1046,6,3,2026-05-27,2026-06-03,63,48,2959.03,Parcial
805679,1046,6,3,2026-06-04,2026-06-12,57,56,2959.03,Recibida
805680,1046,6,3,2026-06-12,2026-06-19,85,84,2959.03,Recibida
805681,1046,6,3,2026-06-19,2026-06-27,61,60,2959.03,Recibida
805682,1046,6,3,2026-06-27,2026-07-06,80,79,2959.03,Recibida
805683,1046,6,3,2026-07-06,2026-07-14,92,89,2959.03,Recibida
805684,1046,6,3,2026-07-14,2026-07-22,70,0,2959.03,Cancelada
805685,1046,6,3,2026-07-15,2026-07-22,70,69,2959.03,Recibida
805686,1046,6,3,2026-07-23,2026-07-31,65,64,2959.03,Recibida
805687,1046,6,3,2026-07-31,,63,,2959.03,Pendiente
805688,1046,6,3,2026-08-01,,66,,2959.03,Pendiente
805689,1047,7,1,2025-07-04,2025-07-10,152,150,3778.62,Recibida
805690,1047,7,1,2025-07-11,2025-07-17,194,190,3778.62,Recibida
805691,1047,7,1,2025-08-02,2025-08-08,148,144,3778.62,Recibida
805692,1047,7,1,2025-08-09,2025-08-15,180,176,3778.62,Recibida
805693,1047,7,1,2025-08-15,2025-08-21,160,108,3778.62,Parcial
805694,1047,7,1,2025-08-21,2025-08-27,160,156,3778.62,Recibida
805695,1047,7,1,2025-08-29,2025-09-04,159,157,3778.62,Recibida
805696,1047,7,1,2025-09-04,2025-09-08,188,187,3778.62,Recibida
805697,1047,7,1,2025-09-17,2025-09-22,213,208,3778.62,Recibida
805698,1047,7,1,2025-09-24,2025-09-28,326,319,3778.62,Recibida
805699,1047,7,1,2025-10-05,2025-10-11,192,144,3778.62,Parcial
805700,1047,7,1,2025-10-14,2025-10-19,209,205,3778.62,Recibida
805701,1047,7,1,2025-10-28,2025-11-01,221,218,3778.62,Recibida
805702,1047,7,1,2025-11-14,2025-11-19,152,0,3778.62,Cancelada
805703,1047,7,1,2025-11-15,2025-11-20,153,151,3778.62,Recibida
805704,1047,7,1,2025-11-21,2025-11-27,166,166,3778.62,Recibida
805705,1047,7,1,2025-12-01,2025-12-06,175,0,3778.62,Cancelada
805706,1047,7,1,2025-12-02,2025-12-07,189,185,3778.62,Recibida
805707,1047,7,1,2025-12-08,2025-12-13,219,215,3778.62,Recibida
805708,1047,7,1,2025-12-13,2025-12-19,202,198,3778.62,Recibida
805709,1047,7,1,2025-12-20,2025-12-26,285,282,3778.62,Recibida
805710,1047,7,1,2025-12-27,2026-01-01,271,268,3778.62,Recibida
805711,1047,7,1,2026-01-06,2026-01-12,261,255,3778.62,Recibida
805712,1047,7,1,2026-01-14,2026-01-18,280,279,3778.62,Recibida
805713,1047,7,1,2026-01-27,2026-02-01,246,245,3778.62,Recibida
805714,1047,7,1,2026-02-04,2026-02-09,279,273,3778.62,Recibida
805715,1047,7,1,2026-02-14,2026-02-19,250,250,3778.62,Recibida
805716,1047,7,1,2026-02-21,2026-02-27,342,334,3778.62,Recibida
805717,1047,7,1,2026-03-07,2026-03-12,252,252,3778.62,Recibida
805718,1047,7,1,2026-03-31,2026-04-05,182,177,3778.62,Recibida
805719,1047,7,1,2026-04-11,2026-04-16,169,166,3778.62,Recibida
805720,1047,7,1,2026-04-24,2026-04-28,160,158,3778.62,Recibida
805721,1047,7,1,2026-05-01,2026-05-07,186,181,3778.62,Recibida
805722,1047,7,1,2026-05-08,2026-05-13,181,176,3778.62,Recibida
805723,1047,7,1,2026-05-14,2026-05-19,255,0,3778.62,Cancelada
805724,1047,7,1,2026-05-15,2026-05-19,255,248,3778.62,Recibida
805725,1047,7,1,2026-05-28,2026-06-01,278,272,3778.62,Recibida
805726,1047,7,1,2026-06-08,2026-06-14,269,264,3778.62,Recibida
805727,1047,7,1,2026-06-18,2026-06-22,260,253,3778.62,Recibida
805728,1047,7,1,2026-07-10,2026-07-16,181,176,3778.62,Recibida
805729,1047,7,1,2026-07-27,2026-07-31,133,130,3778.62,Recibida
805730,1047,7,2,2025-07-14,2025-07-19,80,78,3778.62,Recibida
805731,1047,7,2,2025-07-19,2025-07-24,103,102,3778.62,Recibida
805732,1047,7,2,2025-08-02,2025-08-07,107,104,3778.62,Recibida
805733,1047,7,2,2025-08-10,2025-08-16,92,90,3778.62,Recibida
805734,1047,7,2,2025-08-16,2025-08-20,93,92,3778.62,Recibida
805735,1047,7,2,2025-08-23,2025-08-28,141,139,3778.62,Recibida
805736,1047,7,2,2025-08-30,2025-09-03,113,113,3778.62,Recibida
805737,1047,7,2,2025-09-05,2025-09-09,150,105,3778.62,Parcial
805738,1047,7,2,2025-09-09,2025-09-13,145,143,3778.62,Recibida
805739,1047,7,2,2025-09-13,2025-09-18,187,185,3778.62,Recibida
805740,1047,7,2,2025-09-29,2025-10-03,169,167,3778.62,Recibida
805741,1047,7,2,2025-10-11,2025-10-16,172,168,3778.62,Recibida
805742,1047,7,2,2025-10-25,2025-10-31,185,185,3778.62,Recibida
805743,1047,7,2,2025-11-08,2025-11-12,136,0,3778.62,Cancelada
805744,1047,7,2,2025-11-09,2025-11-14,130,130,3778.62,Recibida
805745,1047,7,2,2025-11-20,2025-11-25,166,164,3778.62,Recibida
805746,1047,7,2,2025-11-27,2025-12-01,146,143,3778.62,Recibida
805747,1047,7,2,2025-12-02,2025-12-08,164,163,3778.62,Recibida
805748,1047,7,2,2025-12-08,2025-12-13,172,170,3778.62,Recibida
805749,1047,7,2,2025-12-15,2025-12-19,250,248,3778.62,Recibida
805750,1047,7,2,2025-12-19,2025-12-24,215,214,3778.62,Recibida
805751,1047,7,2,2025-12-25,2025-12-31,233,229,3778.62,Recibida
805752,1047,7,2,2026-01-02,2026-01-06,279,275,3778.62,Recibida
805753,1047,7,2,2026-01-07,2026-01-12,299,291,3778.62,Recibida
805754,1047,7,2,2026-01-24,2026-01-29,353,348,3778.62,Recibida
805755,1047,7,2,2026-02-13,2026-02-19,219,216,3778.62,Recibida
805756,1047,7,2,2026-02-28,2026-03-04,198,164,3778.62,Parcial
805757,1047,7,2,2026-03-12,2026-03-16,184,182,3778.62,Recibida
805758,1047,7,2,2026-03-21,2026-03-25,179,175,3778.62,Recibida
805759,1047,7,2,2026-03-28,2026-04-03,177,176,3778.62,Recibida
805760,1047,7,2,2026-04-14,2026-04-19,152,134,3778.62,Parcial
805761,1047,7,2,2026-04-19,2026-04-25,196,193,3778.62,Recibida
805762,1047,7,2,2026-04-27,2026-05-01,177,100,3778.62,Parcial
805763,1047,7,2,2026-05-02,2026-05-08,208,204,3778.62,Recibida
805764,1047,7,2,2026-05-21,2026-05-25,152,149,3778.62,Recibida
805765,1047,7,2,2026-06-12,2026-06-16,113,110,3778.62,Recibida
805766,1047,7,2,2026-06-18,2026-06-24,186,184,3778.62,Recibida
805767,1047,7,2,2026-06-26,2026-07-01,126,125,3778.62,Recibida
805768,1047,7,2,2026-07-07,2026-07-13,130,0,3778.62,Cancelada
805769,1047,7,2,2026-07-08,2026-07-13,138,135,3778.62,Recibida
805770,1047,7,2,2026-07-24,2026-07-30,136,134,3778.62,Recibida
805771,1047,7,2,2026-07-30,,174,,3778.62,Pendiente
805772,1047,7,2,2026-07-31,,185,,3778.62,Pendiente
805773,1047,7,2,2026-08-01,,187,,3778.62,Pendiente
805774,1047,7,3,2025-07-05,2025-07-10,96,95,3778.62,Recibida
805775,1047,7,3,2025-07-20,2025-07-26,89,0,3778.62,Cancelada
805776,1047,7,3,2025-07-21,2025-07-25,83,82,3778.62,Recibida
805777,1047,7,3,2025-07-30,2025-08-05,94,94,3778.62,Recibida
805778,1047,7,3,2025-08-10,2025-08-15,76,74,3778.62,Recibida
805779,1047,7,3,2025-08-16,2025-08-20,125,124,3778.62,Recibida
805780,1047,7,3,2025-08-20,2025-08-24,142,142,3778.62,Recibida
805781,1047,7,3,2025-08-29,2025-09-03,109,64,3778.62,Parcial
805782,1047,7,3,2025-09-03,2025-09-07,125,123,3778.62,Recibida
805783,1047,7,3,2025-09-10,2025-09-14,123,120,3778.62,Recibida
805784,1047,7,3,2025-09-17,2025-09-22,131,130,3778.62,Recibida
805785,1047,7,3,2025-09-24,2025-09-30,156,154,3778.62,Recibida
805786,1047,7,3,2025-10-09,2025-10-13,128,126,3778.62,Recibida
805787,1047,7,3,2025-10-18,2025-10-22,162,159,3778.62,Recibida
805788,1047,7,3,2025-10-31,2025-11-05,143,140,3778.62,Recibida
805789,1047,7,3,2025-11-11,2025-11-16,138,137,3778.62,Recibida
805790,1047,7,3,2025-11-18,2025-11-24,125,122,3778.62,Recibida
805791,1047,7,3,2025-11-28,2025-12-03,128,128,3778.62,Recibida
805792,1047,7,3,2025-12-03,2025-12-07,133,129,3778.62,Recibida
805793,1047,7,3,2025-12-09,2025-12-13,149,148,3778.62,Recibida
805794,1047,7,3,2025-12-13,2025-12-18,177,176,3778.62,Recibida
805795,1047,7,3,2025-12-21,2025-12-27,198,193,3778.62,Recibida
805796,1047,7,3,2025-12-31,2026-01-04,192,192,3778.62,Recibida
805797,1047,7,3,2026-01-09,2026-01-14,232,229,3778.62,Recibida
805798,1047,7,3,2026-01-22,2026-01-27,194,192,3778.62,Recibida
805799,1047,7,3,2026-02-05,2026-02-11,162,158,3778.62,Recibida
805800,1047,7,3,2026-02-11,2026-02-16,168,164,3778.62,Recibida
805801,1047,7,3,2026-02-23,2026-02-28,174,0,3778.62,Cancelada
805802,1047,7,3,2026-02-24,2026-02-28,193,191,3778.62,Recibida
805803,1047,7,3,2026-03-09,2026-03-14,149,106,3778.62,Parcial
805804,1047,7,3,2026-03-17,2026-03-21,145,141,3778.62,Recibida
805805,1047,7,3,2026-04-03,2026-04-07,122,120,3778.62,Recibida
805806,1047,7,3,2026-04-18,2026-04-24,163,158,3778.62,Recibida
805807,1047,7,3,2026-05-01,2026-05-07,119,93,3778.62,Parcial
805808,1047,7,3,2026-05-08,2026-05-13,110,110,3778.62,Recibida
805809,1047,7,3,2026-05-16,2026-05-22,110,107,3778.62,Recibida
805810,1047,7,3,2026-05-31,2026-06-06,103,63,3778.62,Parcial
805811,1047,7,3,2026-06-06,2026-06-10,149,148,3778.62,Recibida
805812,1047,7,3,2026-06-17,2026-06-22,105,0,3778.62,Cancelada
805813,1047,7,3,2026-06-18,2026-06-23,108,105,3778.62,Recibida
805814,1047,7,3,2026-06-28,2026-07-02,102,100,3778.62,Recibida
805815,1047,7,3,2026-07-11,2026-07-16,96,94,3778.62,Recibida
805816,1047,7,3,2026-07-18,2026-07-24,108,106,3778.62,Recibida
805817,1047,7,3,2026-08-01,,95,,3778.62,Pendiente
805818,1048,7,1,2025-07-05,2025-07-12,94,92,2685.18,Recibida
805819,1048,7,1,2025-07-26,2025-08-02,66,66,2685.18,Recibida
805820,1048,7,1,2025-08-02,2025-08-07,89,89,2685.18,Recibida
805821,1048,7,1,2025-08-07,2025-08-13,75,74,2685.18,Recibida
805822,1048,7,1,2025-08-13,2025-08-19,141,139,2685.18,Recibida
805823,1048,7,1,2025-08-19,2025-08-26,87,85,2685.18,Recibida
805824,1048,7,1,2025-08-30,2025-09-06,119,118,2685.18,Recibida
805825,1048,7,1,2025-09-17,2025-09-22,102,101,2685.18,Recibida
805826,1048,7,1,2025-09-27,2025-10-04,83,82,2685.18,Recibida
805827,1048,7,1,2025-10-04,2025-10-11,140,138,2685.18,Recibida
805828,1048,7,1,2025-10-13,2025-10-18,105,105,2685.18,Recibida
805829,1048,7,1,2025-10-20,2025-10-25,94,63,2685.18,Parcial
805830,1048,7,1,2025-10-27,2025-11-01,103,84,2685.18,Parcial
805831,1048,7,1,2025-11-01,2025-11-08,113,111,2685.18,Recibida
805832,1048,7,1,2025-11-08,2025-11-13,130,127,2685.18,Recibida
805833,1048,7,1,2025-11-17,2025-11-23,127,125,2685.18,Recibida
805834,1048,7,1,2025-11-28,2025-12-04,128,124,2685.18,Recibida
805835,1048,7,1,2025-12-04,2025-12-09,123,121,2685.18,Recibida
805836,1048,7,1,2025-12-09,2025-12-16,152,150,2685.18,Recibida
805837,1048,7,1,2025-12-16,2025-12-22,148,148,2685.18,Recibida
805838,1048,7,1,2025-12-26,2025-12-31,166,163,2685.18,Recibida
805839,1048,7,1,2026-01-01,2026-01-08,179,177,2685.18,Recibida
805840,1048,7,1,2026-01-08,2026-01-15,203,200,2685.18,Recibida
805841,1048,7,1,2026-01-17,2026-01-24,219,214,2685.18,Recibida
805842,1048,7,1,2026-01-24,2026-01-29,194,192,2685.18,Recibida
805843,1048,7,1,2026-02-06,2026-02-12,178,176,2685.18,Recibida
805844,1048,7,1,2026-02-14,2026-02-20,179,178,2685.18,Recibida
805845,1048,7,1,2026-03-03,2026-03-09,151,149,2685.18,Recibida
805846,1048,7,1,2026-03-19,2026-03-24,123,121,2685.18,Recibida
805847,1048,7,1,2026-03-28,2026-04-04,144,142,2685.18,Recibida
805848,1048,7,1,2026-04-11,2026-04-16,102,100,2685.18,Recibida
805849,1048,7,1,2026-04-20,2026-04-26,121,120,2685.18,Recibida
805850,1048,7,1,2026-05-04,2026-05-11,97,95,2685.18,Recibida
805851,1048,7,1,2026-05-12,2026-05-19,85,84,2685.18,Recibida
805852,1048,7,1,2026-05-25,2026-05-31,83,83,2685.18,Recibida
805853,1048,7,1,2026-06-05,2026-06-11,89,87,2685.18,Recibida
805854,1048,7,1,2026-06-11,2026-06-16,77,75,2685.18,Recibida
805855,1048,7,1,2026-06-16,2026-06-22,101,89,2685.18,Parcial
805856,1048,7,1,2026-06-26,2026-07-01,81,80,2685.18,Recibida
805857,1048,7,1,2026-07-03,2026-07-09,90,89,2685.18,Recibida
805858,1048,7,1,2026-07-16,2026-07-23,113,0,2685.18,Cancelada
805859,1048,7,1,2026-07-17,2026-07-24,113,112,2685.18,Recibida
805860,1048,7,1,2026-07-25,2026-08-01,82,59,2685.18,Parcial
805861,1048,7,1,2026-08-01,,123,,2685.18,Pendiente
805862,1048,7,2,2025-07-10,2025-07-15,89,0,2685.18,Cancelada
805863,1048,7,2,2025-07-11,2025-07-16,110,97,2685.18,Parcial
805864,1048,7,2,2025-07-20,2025-07-25,69,69,2685.18,Recibida
805865,1048,7,2,2025-08-01,2025-08-07,73,71,2685.18,Recibida
805866,1048,7,2,2025-08-07,2025-08-14,118,116,2685.18,Recibida
805867,1048,7,2,2025-08-15,2025-08-22,88,72,2685.18,Parcial
805868,1048,7,2,2025-08-22,2025-08-29,104,103,2685.18,Recibida
805869,1048,7,2,2025-08-29,2025-09-05,88,0,2685.18,Cancelada
805870,1048,7,2,2025-08-30,2025-09-05,101,72,2685.18,Parcial
805871,1048,7,2,2025-09-05,2025-09-12,124,122,2685.18,Recibida
805872,1048,7,2,2025-09-17,2025-09-22,89,86,2685.18,Recibida
805873,1048,7,2,2025-10-02,2025-10-07,77,76,2685.18,Recibida
805874,1048,7,2,2025-10-11,2025-10-17,77,75,2685.18,Recibida
805875,1048,7,2,2025-10-18,2025-10-23,74,72,2685.18,Recibida
805876,1048,7,2,2025-10-28,2025-11-03,73,61,2685.18,Parcial
805877,1048,7,2,2025-11-03,2025-11-10,124,123,2685.18,Recibida
805878,1048,7,2,2025-11-12,2025-11-17,99,98,2685.18,Recibida
805879,1048,7,2,2025-11-21,2025-11-28,86,85,2685.18,Recibida
805880,1048,7,2,2025-11-28,2025-12-04,113,83,2685.18,Parcial
805881,1048,7,2,2025-12-04,2025-12-09,135,134,2685.18,Recibida
805882,1048,7,2,2025-12-12,2025-12-18,182,182,2685.18,Recibida
805883,1048,7,2,2025-12-20,2025-12-25,129,127,2685.18,Recibida
805884,1048,7,2,2025-12-25,2026-01-01,124,123,2685.18,Recibida
805885,1048,7,2,2026-01-01,2026-01-07,144,144,2685.18,Recibida
805886,1048,7,2,2026-01-10,2026-01-15,158,154,2685.18,Recibida
805887,1048,7,2,2026-01-23,2026-01-30,234,231,2685.18,Recibida
805888,1048,7,2,2026-01-31,2026-02-06,142,124,2685.18,Parcial
805889,1048,7,2,2026-02-13,2026-02-20,140,139,2685.18,Recibida
805890,1048,7,2,2026-02-24,2026-03-01,142,138,2685.18,Recibida
805891,1048,7,2,2026-03-12,2026-03-19,104,92,2685.18,Parcial
805892,1048,7,2,2026-03-20,2026-03-25,111,108,2685.18,Recibida
805893,1048,7,2,2026-04-11,2026-04-16,78,76,2685.18,Recibida
805894,1048,7,2,2026-04-20,2026-04-26,84,82,2685.18,Recibida
805895,1048,7,2,2026-04-26,2026-05-01,81,81,2685.18,Recibida
805896,1048,7,2,2026-05-04,2026-05-10,79,79,2685.18,Recibida
805897,1048,7,2,2026-05-11,2026-05-17,85,70,2685.18,Parcial
805898,1048,7,2,2026-05-17,2026-05-23,90,89,2685.18,Recibida
805899,1048,7,2,2026-05-30,2026-06-06,79,78,2685.18,Recibida
805900,1048,7,2,2026-06-07,2026-06-13,76,74,2685.18,Recibida
805901,1048,7,2,2026-06-23,2026-06-29,61,59,2685.18,Recibida
805902,1048,7,2,2026-06-29,2026-07-04,74,74,2685.18,Recibida
805903,1048,7,2,2026-07-10,2026-07-16,60,39,2685.18,Parcial
805904,1048,7,2,2026-07-17,2026-07-22,65,64,2685.18,Recibida
805905,1048,7,2,2026-07-30,,66,,2685.18,Pendiente
805906,1048,7,2,2026-07-31,,80,,2685.18,Pendiente
805907,1048,7,2,2026-08-01,,82,,2685.18,Pendiente
805908,1048,7,3,2025-07-07,2025-07-14,73,64,2685.18,Parcial
805909,1048,7,3,2025-07-21,2025-07-26,58,57,2685.18,Recibida
805910,1048,7,3,2025-08-01,2025-08-08,53,52,2685.18,Recibida
805911,1048,7,3,2025-08-08,2025-08-14,81,80,2685.18,Recibida
805912,1048,7,3,2025-08-15,2025-08-21,74,52,2685.18,Parcial
805913,1048,7,3,2025-08-21,2025-08-27,103,101,2685.18,Recibida
805914,1048,7,3,2025-08-28,2025-09-04,86,85,2685.18,Recibida
805915,1048,7,3,2025-09-04,2025-09-11,115,114,2685.18,Recibida
805916,1048,7,3,2025-09-12,2025-09-17,91,91,2685.18,Recibida
805917,1048,7,3,2025-09-25,2025-10-01,132,131,2685.18,Recibida
805918,1048,7,3,2025-10-06,2025-10-12,115,114,2685.18,Recibida
805919,1048,7,3,2025-10-18,2025-10-24,100,99,2685.18,Recibida
805920,1048,7,3,2025-11-04,2025-11-11,77,77,2685.18,Recibida
805921,1048,7,3,2025-11-12,2025-11-18,79,78,2685.18,Recibida
805922,1048,7,3,2025-11-24,2025-12-01,69,67,2685.18,Recibida
805923,1048,7,3,2025-12-02,2025-12-07,77,76,2685.18,Recibida
805924,1048,7,3,2025-12-07,2025-12-12,95,95,2685.18,Recibida
805925,1048,7,3,2025-12-12,2025-12-19,81,80,2685.18,Recibida
805926,1048,7,3,2025-12-19,2025-12-24,153,150,2685.18,Recibida
805927,1048,7,3,2025-12-25,2026-01-01,114,113,2685.18,Recibida
805928,1048,7,3,2026-01-05,2026-01-12,99,98,2685.18,Recibida
805929,1048,7,3,2026-01-16,2026-01-22,117,116,2685.18,Recibida
805930,1048,7,3,2026-01-29,2026-02-05,137,136,2685.18,Recibida
805931,1048,7,3,2026-02-07,2026-02-12,93,93,2685.18,Recibida
805932,1048,7,3,2026-02-14,2026-02-20,114,111,2685.18,Recibida
805933,1048,7,3,2026-02-21,2026-02-26,103,102,2685.18,Recibida
805934,1048,7,3,2026-02-28,2026-03-07,116,116,2685.18,Recibida
805935,1048,7,3,2026-03-14,2026-03-20,109,108,2685.18,Recibida
805936,1048,7,3,2026-03-27,2026-04-03,101,57,2685.18,Parcial
805937,1048,7,3,2026-04-03,2026-04-09,83,0,2685.18,Cancelada
805938,1048,7,3,2026-04-04,2026-04-11,102,101,2685.18,Recibida
805939,1048,7,3,2026-04-23,2026-04-30,77,75,2685.18,Recibida
805940,1048,7,3,2026-05-08,2026-05-14,57,45,2685.18,Parcial
805941,1048,7,3,2026-05-14,2026-05-21,56,56,2685.18,Recibida
805942,1048,7,3,2026-05-22,2026-05-27,64,0,2685.18,Cancelada
805943,1048,7,3,2026-05-23,2026-05-28,68,44,2685.18,Parcial
805944,1048,7,3,2026-05-28,2026-06-03,69,50,2685.18,Parcial
805945,1048,7,3,2026-06-05,2026-06-10,76,0,2685.18,Cancelada
805946,1048,7,3,2026-06-06,2026-06-12,78,76,2685.18,Recibida
805947,1048,7,3,2026-06-17,2026-06-22,56,55,2685.18,Recibida
805948,1048,7,3,2026-06-26,2026-07-01,65,64,2685.18,Recibida
805949,1048,7,3,2026-07-02,2026-07-07,59,59,2685.18,Recibida
805950,1048,7,3,2026-07-11,2026-07-18,56,55,2685.18,Recibida
805951,1048,7,3,2026-07-18,2026-07-23,70,69,2685.18,Recibida
805952,1048,7,3,2026-07-25,2026-07-30,71,70,2685.18,Recibida
805953,1048,7,3,2026-08-01,,71,,2685.18,Pendiente
805954,1049,7,1,2025-07-06,2025-07-11,174,172,2075.24,Recibida
805955,1049,7,1,2025-07-25,2025-07-30,124,121,2075.24,Recibida
805956,1049,7,1,2025-08-02,2025-08-06,128,0,2075.24,Cancelada
805957,1049,7,1,2025-08-03,2025-08-07,138,136,2075.24,Recibida
805958,1049,7,1,2025-08-08,2025-08-12,142,139,2075.24,Recibida
805959,1049,7,1,2025-08-16,2025-08-21,171,167,2075.24,Recibida
805960,1049,7,1,2025-08-24,2025-08-27,155,152,2075.24,Recibida
805961,1049,7,1,2025-09-02,2025-09-05,172,169,2075.24,Recibida
805962,1049,7,1,2025-09-10,2025-09-15,188,186,2075.24,Recibida
805963,1049,7,1,2025-09-22,2025-09-26,186,186,2075.24,Recibida
805964,1049,7,1,2025-10-03,2025-10-07,187,185,2075.24,Recibida
805965,1049,7,1,2025-10-15,2025-10-18,175,173,2075.24,Recibida
805966,1049,7,1,2025-10-27,2025-10-31,159,155,2075.24,Recibida
805967,1049,7,1,2025-11-05,2025-11-09,162,0,2075.24,Cancelada
805968,1049,7,1,2025-11-06,2025-11-09,180,176,2075.24,Recibida
805969,1049,7,1,2025-11-16,2025-11-20,159,156,2075.24,Recibida
805970,1049,7,1,2025-11-24,2025-11-28,166,164,2075.24,Recibida
805971,1049,7,1,2025-12-01,2025-12-04,175,174,2075.24,Recibida
805972,1049,7,1,2025-12-06,2025-12-11,233,228,2075.24,Recibida
805973,1049,7,1,2025-12-13,2025-12-17,234,0,2075.24,Cancelada
805974,1049,7,1,2025-12-14,2025-12-18,250,245,2075.24,Recibida
805975,1049,7,1,2025-12-22,2025-12-25,241,241,2075.24,Recibida
805976,1049,7,1,2025-12-29,2026-01-03,287,282,2075.24,Recibida
805977,1049,7,1,2026-01-09,2026-01-13,301,295,2075.24,Recibida
805978,1049,7,1,2026-01-21,2026-01-25,293,286,2075.24,Recibida
805979,1049,7,1,2026-02-02,2026-02-07,278,271,2075.24,Recibida
805980,1049,7,1,2026-02-15,2026-02-20,255,252,2075.24,Recibida
805981,1049,7,1,2026-02-27,2026-03-04,241,234,2075.24,Recibida
805982,1049,7,1,2026-03-16,2026-03-21,202,199,2075.24,Recibida
805983,1049,7,1,2026-03-29,2026-04-02,184,147,2075.24,Parcial
805984,1049,7,1,2026-04-09,2026-04-13,167,109,2075.24,Parcial
805985,1049,7,1,2026-04-15,2026-04-19,170,115,2075.24,Parcial
805986,1049,7,1,2026-04-21,2026-04-25,178,174,2075.24,Recibida
805987,1049,7,1,2026-04-28,2026-05-03,186,183,2075.24,Recibida
805988,1049,7,1,2026-05-08,2026-05-13,196,193,2075.24,Recibida
805989,1049,7,1,2026-05-19,2026-05-23,189,188,2075.24,Recibida
805990,1049,7,1,2026-05-30,2026-06-04,205,204,2075.24,Recibida
805991,1049,7,1,2026-06-19,2026-06-22,156,153,2075.24,Recibida
805992,1049,7,1,2026-07-03,2026-07-06,129,127,2075.24,Recibida
805993,1049,7,1,2026-07-14,2026-07-17,133,133,2075.24,Recibida
805994,1049,7,1,2026-07-27,2026-08-01,127,124,2075.24,Recibida
805995,1049,7,2,2025-07-10,2025-07-13,109,109,2075.24,Recibida
805996,1049,7,2,2025-07-19,2025-07-24,114,112,2075.24,Recibida
805997,1049,7,2,2025-07-31,2025-08-03,104,102,2075.24,Recibida
805998,1049,7,2,2025-08-08,2025-08-11,135,134,2075.24,Recibida
805999,1049,7,2,2025-08-16,2025-08-20,123,121,2075.24,Recibida
806000,1049,7,2,2025-08-24,2025-08-29,127,126,2075.24,Recibida
806001,1049,7,2,2025-09-01,2025-09-05,150,149,2075.24,Recibida
806002,1049,7,2,2025-09-11,2025-09-14,151,150,2075.24,Recibida
806003,1049,7,2,2025-09-21,2025-09-24,150,105,2075.24,Parcial
806004,1049,7,2,2025-09-28,2025-10-02,158,155,2075.24,Recibida
806005,1049,7,2,2025-10-10,2025-10-13,157,154,2075.24,Recibida
806006,1049,7,2,2025-10-23,2025-10-27,136,133,2075.24,Recibida
806007,1049,7,2,2025-11-06,2025-11-09,130,130,2075.24,Recibida
806008,1049,7,2,2025-11-14,2025-11-19,133,130,2075.24,Recibida
806009,1049,7,2,2025-11-26,2025-11-30,167,0,2075.24,Cancelada
806010,1049,7,2,2025-11-27,2025-12-02,199,194,2075.24,Recibida
806011,1049,7,2,2025-12-05,2025-12-10,157,156,2075.24,Recibida
806012,1049,7,2,2025-12-12,2025-12-15,198,193,2075.24,Recibida
806013,1049,7,2,2025-12-19,2025-12-24,199,195,2075.24,Recibida
806014,1049,7,2,2025-12-25,2025-12-30,225,221,2075.24,Recibida
806015,1049,7,2,2026-01-02,2026-01-07,226,219,2075.24,Recibida
806016,1049,7,2,2026-01-14,2026-01-17,249,242,2075.24,Recibida
806017,1049,7,2,2026-01-23,2026-01-27,251,248,2075.24,Recibida
806018,1049,7,2,2026-02-03,2026-02-07,236,235,2075.24,Recibida
806019,1049,7,2,2026-02-19,2026-02-24,233,227,2075.24,Recibida
806020,1049,7,2,2026-02-28,2026-03-03,220,216,2075.24,Recibida
806021,1049,7,2,2026-03-19,2026-03-22,176,176,2075.24,Recibida
806022,1049,7,2,2026-04-01,2026-04-06,163,161,2075.24,Recibida
806023,1049,7,2,2026-04-14,2026-04-18,144,142,2075.24,Recibida
806024,1049,7,2,2026-04-23,2026-04-28,145,142,2075.24,Recibida
806025,1049,7,2,2026-05-05,2026-05-10,138,135,2075.24,Recibida
806026,1049,7,2,2026-05-16,2026-05-20,146,143,2075.24,Recibida
806027,1049,7,2,2026-05-28,2026-06-01,146,144,2075.24,Recibida
806028,1049,7,2,2026-06-10,2026-06-14,124,123,2075.24,Recibida
806029,1049,7,2,2026-06-24,2026-06-28,114,113,2075.24,Recibida
806030,1049,7,2,2026-07-07,2026-07-10,103,100,2075.24,Recibida
806031,1049,7,2,2026-07-18,2026-07-21,102,100,2075.24,Recibida
806032,1049,7,2,2026-08-01,,104,,2075.24,Pendiente
806033,1049,7,3,2025-07-04,2025-07-09,122,83,2075.24,Parcial
806034,1049,7,3,2025-07-17,2025-07-22,86,84,2075.24,Recibida
806035,1049,7,3,2025-07-25,2025-07-28,94,93,2075.24,Recibida
806036,1049,7,3,2025-08-04,2025-08-08,121,117,2075.24,Recibida
806037,1049,7,3,2025-08-10,2025-08-14,105,104,2075.24,Recibida
806038,1049,7,3,2025-08-18,2025-08-22,125,123,2075.24,Recibida
806039,1049,7,3,2025-08-23,2025-08-28,136,109,2075.24,Parcial
806040,1049,7,3,2025-08-31,2025-09-03,135,133,2075.24,Recibida
806041,1049,7,3,2025-09-10,2025-09-13,161,160,2075.24,Recibida
806042,1049,7,3,2025-09-20,2025-09-25,175,172,2075.24,Recibida
806043,1049,7,3,2025-10-02,2025-10-07,148,146,2075.24,Recibida
806044,1049,7,3,2025-10-15,2025-10-18,147,145,2075.24,Recibida
806045,1049,7,3,2025-10-29,2025-11-01,135,132,2075.24,Recibida
806046,1049,7,3,2025-11-08,2025-11-11,127,0,2075.24,Cancelada
806047,1049,7,3,2025-11-09,2025-11-12,130,0,2075.24,Cancelada
806048,1049,7,3,2025-11-10,2025-11-13,136,133,2075.24,Recibida
806049,1049,7,3,2025-11-21,2025-11-25,131,131,2075.24,Recibida
806050,1049,7,3,2025-12-02,2025-12-07,132,129,2075.24,Recibida
806051,1049,7,3,2025-12-08,2025-12-11,136,132,2075.24,Recibida
806052,1049,7,3,2025-12-13,2025-12-17,149,145,2075.24,Recibida
806053,1049,7,3,2025-12-20,2025-12-25,156,105,2075.24,Parcial
806054,1049,7,3,2025-12-26,2025-12-31,175,174,2075.24,Recibida
806055,1049,7,3,2026-01-04,2026-01-09,187,184,2075.24,Recibida
806056,1049,7,3,2026-01-16,2026-01-19,215,214,2075.24,Recibida
806057,1049,7,3,2026-01-29,2026-02-01,181,180,2075.24,Recibida
806058,1049,7,3,2026-02-06,2026-02-10,187,186,2075.24,Recibida
806059,1049,7,3,2026-02-19,2026-02-22,194,192,2075.24,Recibida
806060,1049,7,3,2026-03-01,2026-03-05,191,189,2075.24,Recibida
806061,1049,7,3,2026-03-21,2026-03-24,149,148,2075.24,Recibida
806062,1049,7,3,2026-04-07,2026-04-12,120,118,2075.24,Recibida
806063,1049,7,3,2026-04-21,2026-04-24,109,92,2075.24,Parcial
806064,1049,7,3,2026-04-27,2026-05-02,112,111,2075.24,Recibida
806065,1049,7,3,2026-05-07,2026-05-10,126,124,2075.24,Recibida
806066,1049,7,3,2026-05-15,2026-05-20,113,113,2075.24,Recibida
806067,1049,7,3,2026-05-27,2026-06-01,119,116,2075.24,Recibida
806068,1049,7,3,2026-06-06,2026-06-11,116,115,2075.24,Recibida
806069,1049,7,3,2026-06-21,2026-06-25,108,106,2075.24,Recibida
806070,1049,7,3,2026-07-04,2026-07-07,100,98,2075.24,Recibida
806071,1049,7,3,2026-07-16,2026-07-19,91,90,2075.24,Recibida
806072,1049,7,3,2026-07-27,2026-07-30,85,85,2075.24,Recibida
806073,1050,7,1,2025-07-04,2025-07-07,274,269,1474.37,Recibida
806074,1050,7,1,2025-07-23,2025-07-26,189,184,1474.37,Recibida
806075,1050,7,1,2025-08-01,2025-08-06,187,185,1474.37,Recibida
806076,1050,7,1,2025-08-07,2025-08-11,207,202,1474.37,Recibida
806077,1050,7,1,2025-08-15,2025-08-20,212,211,1474.37,Recibida
806078,1050,7,1,2025-08-23,2025-08-26,235,232,1474.37,Recibida
806079,1050,7,1,2025-09-04,2025-09-09,243,237,1474.37,Recibida
806080,1050,7,1,2025-09-11,2025-09-14,250,250,1474.37,Recibida
806081,1050,7,1,2025-09-24,2025-09-27,238,236,1474.37,Recibida
806082,1050,7,1,2025-10-03,2025-10-08,237,235,1474.37,Recibida
806083,1050,7,1,2025-10-09,2025-10-14,262,260,1474.37,Recibida
806084,1050,7,1,2025-10-20,2025-10-23,273,271,1474.37,Recibida
806085,1050,7,1,2025-10-30,2025-11-02,263,258,1474.37,Recibida
806086,1050,7,1,2025-11-10,2025-11-13,261,261,1474.37,Recibida
806087,1050,7,1,2025-11-20,2025-11-25,260,260,1474.37,Recibida
806088,1050,7,1,2025-11-29,2025-12-02,262,260,1474.37,Recibida
806089,1050,7,1,2025-12-05,2025-12-08,330,325,1474.37,Recibida
806090,1050,7,1,2025-12-12,2025-12-15,333,332,1474.37,Recibida
806091,1050,7,1,2025-12-19,2025-12-24,371,282,1474.37,Parcial
806092,1050,7,1,2025-12-25,2025-12-30,393,325,1474.37,Parcial
806093,1050,7,1,2025-12-30,2026-01-02,457,448,1474.37,Recibida
806094,1050,7,1,2026-01-10,2026-01-15,517,426,1474.37,Parcial
806095,1050,7,1,2026-01-17,2026-01-22,515,511,1474.37,Recibida
806096,1050,7,1,2026-01-30,2026-02-02,470,468,1474.37,Recibida
806097,1050,7,1,2026-02-13,2026-02-18,415,358,1474.37,Parcial
806098,1050,7,1,2026-02-24,2026-02-27,394,264,1474.37,Parcial
806099,1050,7,1,2026-03-05,2026-03-08,358,349,1474.37,Recibida
806100,1050,7,1,2026-03-24,2026-03-29,301,292,1474.37,Recibida
806101,1050,7,1,2026-04-05,2026-04-08,270,265,1474.37,Recibida
806102,1050,7,1,2026-04-15,2026-04-18,290,285,1474.37,Recibida
806103,1050,7,1,2026-04-25,2026-04-28,268,265,1474.37,Recibida
806104,1050,7,1,2026-05-07,2026-05-12,273,268,1474.37,Recibida
806105,1050,7,1,2026-05-14,2026-05-17,280,277,1474.37,Recibida
806106,1050,7,1,2026-05-22,2026-05-26,290,289,1474.37,Recibida
806107,1050,7,1,2026-06-06,2026-06-10,264,264,1474.37,Recibida
806108,1050,7,1,2026-06-21,2026-06-25,255,250,1474.37,Recibida
806109,1050,7,1,2026-07-10,2026-07-14,210,210,1474.37,Recibida
806110,1050,7,1,2026-07-21,2026-07-26,203,198,1474.37,Recibida
806111,1050,7,1,2026-07-29,2026-08-01,199,156,1474.37,Parcial
806112,1050,7,2,2025-07-05,2025-07-09,226,224,1474.37,Recibida
806113,1050,7,2,2025-07-23,2025-07-27,170,168,1474.37,Recibida
806114,1050,7,2,2025-08-01,2025-08-05,183,181,1474.37,Recibida
806115,1050,7,2,2025-08-08,2025-08-12,175,175,1474.37,Recibida
806116,1050,7,2,2025-08-16,2025-08-19,234,154,1474.37,Parcial
806117,1050,7,2,2025-08-22,2025-08-26,205,0,1474.37,Cancelada
806118,1050,7,2,2025-08-23,2025-08-28,248,241,1474.37,Recibida
806119,1050,7,2,2025-08-31,2025-09-04,245,242,1474.37,Recibida
806120,1050,7,2,2025-09-10,2025-09-15,242,212,1474.37,Parcial
806121,1050,7,2,2025-09-19,2025-09-22,245,245,1474.37,Recibida
806122,1050,7,2,2025-10-03,2025-10-07,222,169,1474.37,Parcial
806123,1050,7,2,2025-10-11,2025-10-15,246,240,1474.37,Recibida
806124,1050,7,2,2025-10-23,2025-10-26,224,223,1474.37,Recibida
806125,1050,7,2,2025-11-04,2025-11-07,207,201,1474.37,Recibida
806126,1050,7,2,2025-11-13,2025-11-16,225,225,1474.37,Recibida
806127,1050,7,2,2025-11-24,2025-11-29,211,208,1474.37,Recibida
806128,1050,7,2,2025-12-03,2025-12-07,237,231,1474.37,Recibida
806129,1050,7,2,2025-12-08,2025-12-11,257,253,1474.37,Recibida
806130,1050,7,2,2025-12-16,2025-12-21,283,283,1474.37,Recibida
806131,1050,7,2,2025-12-22,2025-12-25,289,284,1474.37,Recibida
806132,1050,7,2,2026-01-01,2026-01-05,318,310,1474.37,Recibida
806133,1050,7,2,2026-01-09,2026-01-12,368,0,1474.37,Cancelada
806134,1050,7,2,2026-01-10,2026-01-15,419,407,1474.37,Recibida
806135,1050,7,2,2026-01-21,2026-01-24,334,332,1474.37,Recibida
806136,1050,7,2,2026-01-31,2026-02-03,365,357,1474.37,Recibida
806137,1050,7,2,2026-02-14,2026-02-19,355,348,1474.37,Recibida
806138,1050,7,2,2026-02-27,2026-03-02,330,198,1474.37,Parcial
806139,1050,7,2,2026-03-07,2026-03-11,303,296,1474.37,Recibida
806140,1050,7,2,2026-03-24,2026-03-29,253,249,1474.37,Recibida
806141,1050,7,2,2026-04-03,2026-04-06,234,233,1474.37,Recibida
806142,1050,7,2,2026-04-15,2026-04-18,245,239,1474.37,Recibida
806143,1050,7,2,2026-04-25,2026-04-29,223,222,1474.37,Recibida
806144,1050,7,2,2026-05-07,2026-05-10,229,227,1474.37,Recibida
806145,1050,7,2,2026-05-18,2026-05-21,230,132,1474.37,Parcial
806146,1050,7,2,2026-05-24,2026-05-29,216,212,1474.37,Recibida
806147,1050,7,2,2026-06-06,2026-06-10,209,207,1474.37,Recibida
806148,1050,7,2,2026-06-19,2026-06-23,187,122,1474.37,Parcial
806149,1050,7,2,2026-06-26,2026-06-29,188,135,1474.37,Parcial
806150,1050,7,2,2026-07-09,2026-07-12,157,155,1474.37,Recibida
806151,1050,7,2,2026-07-21,2026-07-26,150,0,1474.37,Cancelada
806152,1050,7,2,2026-07-22,2026-07-25,164,162,1474.37,Recibida
806153,1050,7,2,2026-08-01,,170,,1474.37,Pendiente
806154,1050,7,3,2025-07-05,2025-07-09,193,188,1474.37,Recibida
806155,1050,7,3,2025-07-22,2025-07-27,142,101,1474.37,Parcial
806156,1050,7,3,2025-07-29,2025-08-03,138,136,1474.37,Recibida
806157,1050,7,3,2025-08-07,2025-08-11,150,0,1474.37,Cancelada
806158,1050,7,3,2025-08-08,2025-08-13,185,181,1474.37,Recibida
806159,1050,7,3,2025-08-15,2025-08-18,157,155,1474.37,Recibida
806160,1050,7,3,2025-08-23,2025-08-27,185,184,1474.37,Recibida
806161,1050,7,3,2025-09-02,2025-09-05,180,180,1474.37,Recibida
806162,1050,7,3,2025-09-11,2025-09-15,194,191,1474.37,Recibida
806163,1050,7,3,2025-09-22,2025-09-27,185,150,1474.37,Parcial
806164,1050,7,3,2025-09-30,2025-10-04,189,185,1474.37,Recibida
806165,1050,7,3,2025-10-11,2025-10-14,252,250,1474.37,Recibida
806166,1050,7,3,2025-10-23,2025-10-26,196,196,1474.37,Recibida
806167,1050,7,3,2025-11-04,2025-11-08,179,175,1474.37,Recibida
806168,1050,7,3,2025-11-16,2025-11-21,175,172,1474.37,Recibida
806169,1050,7,3,2025-11-28,2025-12-03,171,166,1474.37,Recibida
806170,1050,7,3,2025-12-04,2025-12-08,185,181,1474.37,Recibida
806171,1050,7,3,2025-12-10,2025-12-13,219,216,1474.37,Recibida
806172,1050,7,3,2025-12-16,2025-12-20,213,207,1474.37,Recibida
806173,1050,7,3,2025-12-23,2025-12-26,280,273,1474.37,Recibida
806174,1050,7,3,2025-12-30,2026-01-04,282,239,1474.37,Parcial
806175,1050,7,3,2026-01-09,2026-01-14,298,291,1474.37,Recibida
806176,1050,7,3,2026-01-18,2026-01-23,301,207,1474.37,Parcial
806177,1050,7,3,2026-01-27,2026-01-31,281,178,1474.37,Parcial
806178,1050,7,3,2026-02-04,2026-02-07,269,265,1474.37,Recibida
806179,1050,7,3,2026-02-17,2026-02-22,272,229,1474.37,Parcial
806180,1050,7,3,2026-02-25,2026-03-02,273,167,1474.37,Parcial
806181,1050,7,3,2026-03-05,2026-03-10,269,268,1474.37,Recibida
806182,1050,7,3,2026-03-19,2026-03-22,223,221,1474.37,Recibida
806183,1050,7,3,2026-04-01,2026-04-05,218,217,1474.37,Recibida
806184,1050,7,3,2026-04-15,2026-04-18,207,202,1474.37,Recibida
806185,1050,7,3,2026-04-22,2026-04-27,218,215,1474.37,Recibida
806186,1050,7,3,2026-05-05,2026-05-09,192,188,1474.37,Recibida
806187,1050,7,3,2026-05-15,2026-05-18,203,198,1474.37,Recibida
806188,1050,7,3,2026-05-26,2026-05-30,198,194,1474.37,Recibida
806189,1050,7,3,2026-06-11,2026-06-14,216,215,1474.37,Recibida
806190,1050,7,3,2026-06-24,2026-06-27,163,160,1474.37,Recibida
806191,1050,7,3,2026-07-06,2026-07-11,160,157,1474.37,Recibida
806192,1050,7,3,2026-07-19,2026-07-22,146,145,1474.37,Recibida
806193,1050,7,3,2026-07-31,,136,,1474.37,Pendiente
806194,1050,7,3,2026-08-01,,161,,1474.37,Pendiente
806195,1051,7,1,2025-07-16,2025-07-21,88,87,3352.99,Recibida
806196,1051,7,1,2025-07-25,2025-07-30,88,86,3352.99,Recibida
806197,1051,7,1,2025-08-01,2025-08-07,107,104,3352.99,Recibida
806198,1051,7,1,2025-08-07,2025-08-12,109,108,3352.99,Recibida
806199,1051,7,1,2025-08-15,2025-08-20,117,116,3352.99,Recibida
806200,1051,7,1,2025-08-21,2025-08-26,113,110,3352.99,Recibida
806201,1051,7,1,2025-08-31,2025-09-04,118,117,3352.99,Recibida
806202,1051,7,1,2025-09-06,2025-09-10,138,112,3352.99,Parcial
806203,1051,7,1,2025-09-12,2025-09-17,135,133,3352.99,Recibida
806204,1051,7,1,2025-09-23,2025-09-27,134,132,3352.99,Recibida
806205,1051,7,1,2025-10-03,2025-10-07,145,142,3352.99,Recibida
806206,1051,7,1,2025-10-11,2025-10-15,138,137,3352.99,Recibida
806207,1051,7,1,2025-10-20,2025-10-24,136,135,3352.99,Recibida
806208,1051,7,1,2025-10-31,2025-11-04,141,138,3352.99,Recibida
806209,1051,7,1,2025-11-08,2025-11-13,145,144,3352.99,Recibida
806210,1051,7,1,2025-11-14,2025-11-18,163,160,3352.99,Recibida
806211,1051,7,1,2025-11-22,2025-11-27,150,149,3352.99,Recibida
806212,1051,7,1,2025-12-01,2025-12-07,156,155,3352.99,Recibida
806213,1051,7,1,2025-12-07,2025-12-13,201,155,3352.99,Parcial
806214,1051,7,1,2025-12-13,2025-12-17,186,166,3352.99,Parcial
806215,1051,7,1,2025-12-19,2025-12-25,210,209,3352.99,Recibida
806216,1051,7,1,2025-12-27,2026-01-01,245,242,3352.99,Recibida
806217,1051,7,1,2026-01-05,2026-01-10,238,236,3352.99,Recibida
806218,1051,7,1,2026-01-15,2026-01-20,240,239,3352.99,Recibida
806219,1051,7,1,2026-01-24,2026-01-29,237,0,3352.99,Cancelada
806220,1051,7,1,2026-01-25,2026-01-31,241,238,3352.99,Recibida
806221,1051,7,1,2026-02-06,2026-02-11,247,245,3352.99,Recibida
806222,1051,7,1,2026-02-16,2026-02-21,261,154,3352.99,Parcial
806223,1051,7,1,2026-02-21,2026-02-27,227,172,3352.99,Parcial
806224,1051,7,1,2026-02-28,2026-03-05,236,233,3352.99,Recibida
806225,1051,7,1,2026-03-17,2026-03-22,192,187,3352.99,Recibida
806226,1051,7,1,2026-04-03,2026-04-08,172,168,3352.99,Recibida
806227,1051,7,1,2026-04-16,2026-04-21,149,0,3352.99,Cancelada
806228,1051,7,1,2026-04-17,2026-04-21,159,154,3352.99,Recibida
806229,1051,7,1,2026-04-28,2026-05-02,135,107,3352.99,Parcial
806230,1051,7,1,2026-05-05,2026-05-11,124,122,3352.99,Recibida
806231,1051,7,1,2026-05-13,2026-05-18,150,146,3352.99,Recibida
806232,1051,7,1,2026-05-23,2026-05-29,153,148,3352.99,Recibida
806233,1051,7,1,2026-05-31,2026-06-06,157,153,3352.99,Recibida
806234,1051,7,1,2026-06-14,2026-06-18,130,128,3352.99,Recibida
806235,1051,7,1,2026-06-27,2026-07-01,122,120,3352.99,Recibida
806236,1051,7,1,2026-07-13,2026-07-18,97,56,3352.99,Parcial
806237,1051,7,1,2026-07-19,2026-07-25,95,92,3352.99,Recibida
806238,1051,7,1,2026-07-28,,133,,3352.99,Pendiente
806239,1051,7,1,2026-07-29,,153,,3352.99,Pendiente
806240,1051,7,1,2026-07-30,,173,,3352.99,Pendiente
806241,1051,7,1,2026-07-31,,184,,3352.99,Pendiente
806242,1051,7,1,2026-08-01,,199,,3352.99,Pendiente
806243,1051,7,2,2025-07-05,2025-07-09,117,80,3352.99,Parcial
806244,1051,7,2,2025-07-17,2025-07-23,83,82,3352.99,Recibida
806245,1051,7,2,2025-07-26,2025-08-01,93,93,3352.99,Recibida
806246,1051,7,2,2025-08-02,2025-08-07,87,84,3352.99,Recibida
806247,1051,7,2,2025-08-09,2025-08-13,108,108,3352.99,Recibida
806248,1051,7,2,2025-08-19,2025-08-25,94,91,3352.99,Recibida
806249,1051,7,2,2025-08-27,2025-09-02,103,101,3352.99,Recibida
806250,1051,7,2,2025-09-04,2025-09-09,115,86,3352.99,Parcial
806251,1051,7,2,2025-09-11,2025-09-16,122,120,3352.99,Recibida
806252,1051,7,2,2025-09-20,2025-09-26,125,123,3352.99,Recibida
806253,1051,7,2,2025-10-01,2025-10-06,106,104,3352.99,Recibida
806254,1051,7,2,2025-10-10,2025-10-15,124,121,3352.99,Recibida
806255,1051,7,2,2025-10-18,2025-10-23,134,130,3352.99,Recibida
806256,1051,7,2,2025-10-29,2025-11-02,114,114,3352.99,Recibida
806257,1051,7,2,2025-11-06,2025-11-10,113,110,3352.99,Recibida
806258,1051,7,2,2025-11-15,2025-11-19,121,120,3352.99,Recibida
806259,1051,7,2,2025-11-24,2025-11-29,117,116,3352.99,Recibida
806260,1051,7,2,2025-12-03,2025-12-08,139,139,3352.99,Recibida
806261,1051,7,2,2025-12-10,2025-12-14,132,131,3352.99,Recibida
806262,1051,7,2,2025-12-17,2025-12-21,152,150,3352.99,Recibida
806263,1051,7,2,2025-12-23,2025-12-28,148,145,3352.99,Recibida
806264,1051,7,2,2025-12-31,2026-01-04,168,167,3352.99,Recibida
806265,1051,7,2,2026-01-10,2026-01-16,193,189,3352.99,Recibida
806266,1051,7,2,2026-01-21,2026-01-27,176,174,3352.99,Recibida
806267,1051,7,2,2026-01-28,2026-02-02,199,197,3352.99,Recibida
806268,1051,7,2,2026-02-09,2026-02-14,164,162,3352.99,Recibida
806269,1051,7,2,2026-02-20,2026-02-25,163,158,3352.99,Recibida
806270,1051,7,2,2026-02-28,2026-03-04,191,188,3352.99,Recibida
806271,1051,7,2,2026-03-15,2026-03-20,142,138,3352.99,Recibida
806272,1051,7,2,2026-03-28,2026-04-02,142,138,3352.99,Recibida
806273,1051,7,2,2026-04-09,2026-04-13,121,118,3352.99,Recibida
806274,1051,7,2,2026-04-23,2026-04-27,111,108,3352.99,Recibida
806275,1051,7,2,2026-04-30,2026-05-06,110,108,3352.99,Recibida
806276,1051,7,2,2026-05-09,2026-05-15,115,112,3352.99,Recibida
806277,1051,7,2,2026-05-20,2026-05-24,105,104,3352.99,Recibida
806278,1051,7,2,2026-05-30,2026-06-05,112,112,3352.99,Recibida
806279,1051,7,2,2026-06-15,2026-06-20,92,90,3352.99,Recibida
806280,1051,7,2,2026-06-26,2026-07-01,84,83,3352.99,Recibida
806281,1051,7,2,2026-07-04,2026-07-09,89,87,3352.99,Recibida
806282,1051,7,2,2026-07-16,2026-07-22,77,76,3352.99,Recibida
806283,1051,7,2,2026-07-24,2026-07-29,102,99,3352.99,Recibida
806284,1051,7,3,2025-07-04,2025-07-10,104,74,3352.99,Parcial
806285,1051,7,3,2025-07-16,2025-07-20,71,71,3352.99,Recibida
806286,1051,7,3,2025-07-24,2025-07-28,87,85,3352.99,Recibida
806287,1051,7,3,2025-08-02,2025-08-08,80,78,3352.99,Recibida
806288,1051,7,3,2025-08-09,2025-08-14,88,86,3352.99,Recibida
806289,1051,7,3,2025-08-18,2025-08-22,89,88,3352.99,Recibida
806290,1051,7,3,2025-08-24,2025-08-28,88,87,3352.99,Recibida
806291,1051,7,3,2025-08-30,2025-09-03,97,96,3352.99,Recibida
806292,1051,7,3,2025-09-09,2025-09-14,104,101,3352.99,Recibida
806293,1051,7,3,2025-09-17,2025-09-23,104,103,3352.99,Recibida
806294,1051,7,3,2025-09-27,2025-10-01,113,69,3352.99,Parcial
806295,1051,7,3,2025-10-04,2025-10-09,119,116,3352.99,Recibida
806296,1051,7,3,2025-10-17,2025-10-23,94,0,3352.99,Cancelada
806297,1051,7,3,2025-10-18,2025-10-23,108,107,3352.99,Recibida
806298,1051,7,3,2025-10-26,2025-11-01,120,117,3352.99,Recibida
806299,1051,7,3,2025-11-05,2025-11-09,94,94,3352.99,Recibida
806300,1051,7,3,2025-11-14,2025-11-19,100,97,3352.99,Recibida
806301,1051,7,3,2025-11-25,2025-11-29,98,97,3352.99,Recibida
806302,1051,7,3,2025-12-03,2025-12-09,122,122,3352.99,Recibida
806303,1051,7,3,2025-12-10,2025-12-16,118,116,3352.99,Recibida
806304,1051,7,3,2025-12-16,2025-12-20,113,112,3352.99,Recibida
806305,1051,7,3,2025-12-20,2025-12-26,175,175,3352.99,Recibida
806306,1051,7,3,2025-12-27,2026-01-01,164,161,3352.99,Recibida
806307,1051,7,3,2026-01-02,2026-01-06,163,134,3352.99,Parcial
806308,1051,7,3,2026-01-10,2026-01-16,169,166,3352.99,Recibida
806309,1051,7,3,2026-01-23,2026-01-27,172,171,3352.99,Recibida
806310,1051,7,3,2026-02-05,2026-02-11,155,153,3352.99,Recibida
806311,1051,7,3,2026-02-17,2026-02-23,140,139,3352.99,Recibida
806312,1051,7,3,2026-02-28,2026-03-06,158,155,3352.99,Recibida
806313,1051,7,3,2026-03-13,2026-03-18,128,127,3352.99,Recibida
806314,1051,7,3,2026-03-26,2026-03-31,111,109,3352.99,Recibida
806315,1051,7,3,2026-04-07,2026-04-12,104,103,3352.99,Recibida
806316,1051,7,3,2026-04-16,2026-04-21,108,105,3352.99,Recibida
806317,1051,7,3,2026-04-26,2026-04-30,102,101,3352.99,Recibida
806318,1051,7,3,2026-05-07,2026-05-11,95,93,3352.99,Recibida
806319,1051,7,3,2026-05-16,2026-05-21,107,104,3352.99,Recibida
806320,1051,7,3,2026-05-29,2026-06-02,100,0,3352.99,Cancelada
806321,1051,7,3,2026-05-30,2026-06-03,108,105,3352.99,Recibida
806322,1051,7,3,2026-06-09,2026-06-14,88,51,3352.99,Parcial
806323,1051,7,3,2026-06-15,2026-06-21,85,85,3352.99,Recibida
806324,1051,7,3,2026-06-25,2026-06-29,81,81,3352.99,Recibida
806325,1051,7,3,2026-07-08,2026-07-13,78,76,3352.99,Recibida
806326,1051,7,3,2026-07-18,2026-07-22,85,84,3352.99,Recibida
806327,1051,7,3,2026-07-31,,72,,3352.99,Pendiente
806328,1051,7,3,2026-08-01,,85,,3352.99,Pendiente
806329,1052,8,1,2025-07-04,2025-07-05,700,685,350.72,Recibida
806330,1052,8,1,2025-07-20,2025-07-21,657,524,350.72,Parcial
806331,1052,8,1,2025-07-31,2025-08-01,741,662,350.72,Parcial
806332,1052,8,1,2025-08-13,2025-08-14,717,711,350.72,Recibida
806333,1052,8,1,2025-08-30,2025-08-31,778,778,350.72,Recibida
806334,1052,8,1,2025-09-16,2025-09-17,676,671,350.72,Recibida
806335,1052,8,1,2025-10-03,2025-10-04,682,663,350.72,Recibida
806336,1052,8,1,2025-10-20,2025-10-22,628,612,350.72,Recibida
806337,1052,8,1,2025-11-05,2025-11-07,622,622,350.72,Recibida
806338,1052,8,1,2025-11-19,2025-11-21,647,634,350.72,Recibida
806339,1052,8,1,2025-12-02,2025-12-04,671,656,350.72,Recibida
806340,1052,8,1,2025-12-12,2025-12-13,716,710,350.72,Recibida
806341,1052,8,1,2025-12-24,2025-12-25,835,813,350.72,Recibida
806342,1052,8,1,2026-01-06,2026-01-07,901,880,350.72,Recibida
806343,1052,8,1,2026-01-22,2026-01-24,924,898,350.72,Recibida
806344,1052,8,1,2026-02-07,2026-02-08,937,566,350.72,Parcial
806345,1052,8,1,2026-02-17,2026-02-18,867,488,350.72,Parcial
806346,1052,8,1,2026-02-27,2026-02-28,866,850,350.72,Recibida
806347,1052,8,1,2026-03-18,2026-03-19,761,0,350.72,Cancelada
806348,1052,8,1,2026-03-19,2026-03-20,779,756,350.72,Recibida
806349,1052,8,1,2026-04-06,2026-04-07,660,656,350.72,Recibida
806350,1052,8,1,2026-04-20,2026-04-21,722,437,350.72,Parcial
806351,1052,8,1,2026-04-30,2026-05-02,691,688,350.72,Recibida
806352,1052,8,1,2026-05-11,2026-05-12,745,723,350.72,Recibida
806353,1052,8,1,2026-05-27,2026-05-28,747,728,350.72,Recibida
806354,1052,8,1,2026-06-13,2026-06-14,732,717,350.72,Recibida
806355,1052,8,1,2026-06-30,2026-07-01,679,670,350.72,Recibida
806356,1052,8,1,2026-07-12,2026-07-13,742,739,350.72,Recibida
806357,1052,8,1,2026-07-31,2026-08-01,679,667,350.72,Recibida
806358,1052,8,2,2025-07-04,2025-07-06,583,488,350.72,Parcial
806359,1052,8,2,2025-07-18,2025-07-19,580,480,350.72,Parcial
806360,1052,8,2,2025-07-30,2025-08-01,552,543,350.72,Recibida
806361,1052,8,2,2025-08-12,2025-08-14,566,0,350.72,Cancelada
806362,1052,8,2,2025-08-13,2025-08-14,605,0,350.72,Cancelada
806363,1052,8,2,2025-08-14,2025-08-15,643,637,350.72,Recibida
806364,1052,8,2,2025-08-30,2025-08-31,567,561,350.72,Recibida
806365,1052,8,2,2025-09-16,2025-09-17,553,542,350.72,Recibida
806366,1052,8,2,2025-10-03,2025-10-04,528,523,350.72,Recibida
806367,1052,8,2,2025-10-17,2025-10-18,581,337,350.72,Parcial
806368,1052,8,2,2025-10-25,2025-10-27,581,564,350.72,Recibida
806369,1052,8,2,2025-11-08,2025-11-09,568,558,350.72,Recibida
806370,1052,8,2,2025-11-26,2025-11-28,565,392,350.72,Parcial
806371,1052,8,2,2025-12-05,2025-12-07,562,557,350.72,Recibida
806372,1052,8,2,2025-12-15,2025-12-16,671,492,350.72,Parcial
806373,1052,8,2,2025-12-24,2025-12-25,701,690,350.72,Recibida
806374,1052,8,2,2026-01-06,2026-01-07,766,752,350.72,Recibida
806375,1052,8,2,2026-01-21,2026-01-22,790,777,350.72,Recibida
806376,1052,8,2,2026-02-06,2026-02-07,753,668,350.72,Parcial
806377,1052,8,2,2026-02-23,2026-02-25,707,689,350.72,Recibida
806378,1052,8,2,2026-03-14,2026-03-15,599,598,350.72,Recibida
806379,1052,8,2,2026-03-31,2026-04-01,604,596,350.72,Recibida
806380,1052,8,2,2026-04-15,2026-04-16,598,587,350.72,Recibida
806381,1052,8,2,2026-05-01,2026-05-02,611,598,350.72,Recibida
806382,1052,8,2,2026-05-19,2026-05-20,560,546,350.72,Recibida
806383,1052,8,2,2026-06-03,2026-06-04,544,541,350.72,Recibida
806384,1052,8,2,2026-06-18,2026-06-19,519,511,350.72,Recibida
806385,1052,8,2,2026-07-03,2026-07-04,595,0,350.72,Cancelada
806386,1052,8,2,2026-07-04,2026-07-05,643,626,350.72,Recibida
806387,1052,8,2,2026-07-19,2026-07-20,549,536,350.72,Recibida
806388,1052,8,3,2025-07-03,2025-07-04,478,466,350.72,Recibida
806389,1052,8,3,2025-07-17,2025-07-19,479,471,350.72,Recibida
806390,1052,8,3,2025-08-02,2025-08-03,541,537,350.72,Recibida
806391,1052,8,3,2025-08-19,2025-08-20,475,467,350.72,Recibida
806392,1052,8,3,2025-09-04,2025-09-05,476,360,350.72,Parcial
806393,1052,8,3,2025-09-15,2025-09-16,464,461,350.72,Recibida
806394,1052,8,3,2025-09-30,2025-10-01,472,460,350.72,Recibida
806395,1052,8,3,2025-10-15,2025-10-16,476,474,350.72,Recibida
806396,1052,8,3,2025-11-01,2025-11-02,462,449,350.72,Recibida
806397,1052,8,3,2025-11-15,2025-11-16,473,469,350.72,Recibida
806398,1052,8,3,2025-12-01,2025-12-02,450,350,350.72,Parcial
806399,1052,8,3,2025-12-09,2025-12-10,533,524,350.72,Recibida
806400,1052,8,3,2025-12-19,2025-12-20,610,601,350.72,Recibida
806401,1052,8,3,2025-12-31,2026-01-01,686,667,350.72,Recibida
806402,1052,8,3,2026-01-15,2026-01-17,702,701,350.72,Recibida
806403,1052,8,3,2026-02-04,2026-02-06,598,581,350.72,Recibida
806404,1052,8,3,2026-02-19,2026-02-21,598,589,350.72,Recibida
806405,1052,8,3,2026-03-07,2026-03-09,564,563,350.72,Recibida
806406,1052,8,3,2026-03-28,2026-03-30,530,526,350.72,Recibida
806407,1052,8,3,2026-04-13,2026-04-14,498,291,350.72,Parcial
806408,1052,8,3,2026-04-23,2026-04-25,475,469,350.72,Recibida
806409,1052,8,3,2026-05-08,2026-05-09,464,452,350.72,Recibida
806410,1052,8,3,2026-05-24,2026-05-26,461,459,350.72,Recibida
806411,1052,8,3,2026-06-07,2026-06-09,478,469,350.72,Recibida
806412,1052,8,3,2026-06-23,2026-06-24,449,445,350.72,Recibida
806413,1052,8,3,2026-07-08,2026-07-09,478,466,350.72,Recibida
806414,1052,8,3,2026-07-24,2026-07-25,477,466,350.72,Recibida
806415,1053,8,1,2025-07-03,2025-07-05,128,127,422.89,Recibida
806416,1053,8,1,2025-07-19,2025-07-20,128,125,422.89,Recibida
806417,1053,8,1,2025-08-05,2025-08-07,128,126,422.89,Recibida
806418,1053,8,1,2025-08-20,2025-08-23,139,136,422.89,Recibida
806419,1053,8,1,2025-09-03,2025-09-04,135,133,422.89,Recibida
806420,1053,8,1,2025-09-15,2025-09-18,133,117,422.89,Parcial
806421,1053,8,1,2025-09-24,2025-09-26,153,151,422.89,Recibida
806422,1053,8,1,2025-10-10,2025-10-11,151,150,422.89,Recibida
806423,1053,8,1,2025-10-24,2025-10-26,157,155,422.89,Recibida
806424,1053,8,1,2025-11-11,2025-11-13,135,135,422.89,Recibida
806425,1053,8,1,2025-11-25,2025-11-28,149,148,422.89,Recibida
806426,1053,8,1,2025-12-05,2025-12-06,163,160,422.89,Recibida
806427,1053,8,1,2025-12-15,2025-12-17,178,177,422.89,Recibida
806428,1053,8,1,2025-12-25,2025-12-27,196,194,422.89,Recibida
806429,1053,8,1,2026-01-08,2026-01-11,224,180,422.89,Parcial
806430,1053,8,1,2026-01-23,2026-01-25,195,190,422.89,Recibida
806431,1053,8,1,2026-02-07,2026-02-10,188,184,422.89,Recibida
806432,1053,8,1,2026-02-27,2026-03-02,158,97,422.89,Parcial
806433,1053,8,1,2026-03-11,2026-03-13,148,148,422.89,Recibida
806434,1053,8,1,2026-04-04,2026-04-07,118,116,422.89,Recibida
806435,1053,8,1,2026-04-15,2026-04-16,113,95,422.89,Parcial
806436,1053,8,1,2026-04-30,2026-05-02,130,130,422.89,Recibida
806437,1053,8,1,2026-05-15,2026-05-16,158,156,422.89,Recibida
806438,1053,8,1,2026-05-30,2026-06-01,142,141,422.89,Recibida
806439,1053,8,1,2026-06-08,2026-06-09,143,139,422.89,Recibida
806440,1053,8,1,2026-06-24,2026-06-25,162,159,422.89,Recibida
806441,1053,8,1,2026-07-08,2026-07-09,161,159,422.89,Recibida
806442,1053,8,1,2026-07-25,2026-07-28,166,165,422.89,Recibida
806443,1053,8,2,2025-07-03,2025-07-04,109,107,422.89,Recibida
806444,1053,8,2,2025-07-14,2025-07-16,150,148,422.89,Recibida
806445,1053,8,2,2025-08-02,2025-08-05,137,135,422.89,Recibida
806446,1053,8,2,2025-08-20,2025-08-21,117,116,422.89,Recibida
806447,1053,8,2,2025-09-05,2025-09-06,106,104,422.89,Recibida
806448,1053,8,2,2025-09-19,2025-09-22,107,104,422.89,Recibida
806449,1053,8,2,2025-10-03,2025-10-05,121,118,422.89,Recibida
806450,1053,8,2,2025-10-17,2025-10-20,127,127,422.89,Recibida
806451,1053,8,2,2025-11-02,2025-11-05,115,113,422.89,Recibida
806452,1053,8,2,2025-11-16,2025-11-17,118,115,422.89,Recibida
806453,1053,8,2,2025-12-04,2025-12-05,122,120,422.89,Recibida
806454,1053,8,2,2025-12-13,2025-12-14,128,125,422.89,Recibida
806455,1053,8,2,2025-12-25,2025-12-28,129,125,422.89,Recibida
806456,1053,8,2,2025-12-31,2026-01-01,169,94,422.89,Parcial
806457,1053,8,2,2026-01-05,2026-01-08,186,183,422.89,Recibida
806458,1053,8,2,2026-01-20,2026-01-23,186,0,422.89,Cancelada
806459,1053,8,2,2026-01-21,2026-01-23,190,188,422.89,Recibida
806460,1053,8,2,2026-02-11,2026-02-14,199,199,422.89,Recibida
806461,1053,8,2,2026-03-03,2026-03-06,142,139,422.89,Recibida
806462,1053,8,2,2026-03-20,2026-03-23,154,151,422.89,Recibida
806463,1053,8,2,2026-04-05,2026-04-06,129,127,422.89,Recibida
806464,1053,8,2,2026-05-01,2026-05-03,107,106,422.89,Recibida
806465,1053,8,2,2026-05-27,2026-05-28,69,68,422.89,Recibida
806466,1053,8,2,2026-06-03,2026-06-04,93,91,422.89,Recibida
806467,1053,8,2,2026-06-09,2026-06-10,101,98,422.89,Recibida
806468,1053,8,2,2026-06-19,2026-06-20,111,108,422.89,Recibida
806469,1053,8,2,2026-07-08,2026-07-09,121,120,422.89,Recibida
806470,1053,8,2,2026-07-21,2026-07-23,110,108,422.89,Recibida
806471,1053,8,3,2025-07-04,2025-07-06,89,88,422.89,Recibida
806472,1053,8,3,2025-07-25,2025-07-26,78,76,422.89,Recibida
806473,1053,8,3,2025-08-05,2025-08-08,74,73,422.89,Recibida
806474,1053,8,3,2025-08-21,2025-08-22,79,78,422.89,Recibida
806475,1053,8,3,2025-08-29,2025-08-30,89,89,422.89,Recibida
806476,1053,8,3,2025-09-10,2025-09-13,95,93,422.89,Recibida
806477,1053,8,3,2025-09-26,2025-09-28,105,103,422.89,Recibida
806478,1053,8,3,2025-10-11,2025-10-13,100,99,422.89,Recibida
806479,1053,8,3,2025-10-24,2025-10-26,100,0,422.89,Cancelada
806480,1053,8,3,2025-10-25,2025-10-27,107,106,422.89,Recibida
806481,1053,8,3,2025-11-07,2025-11-10,116,114,422.89,Recibida
806482,1053,8,3,2025-11-22,2025-11-24,104,104,422.89,Recibida
806483,1053,8,3,2025-12-04,2025-12-06,113,110,422.89,Recibida
806484,1053,8,3,2025-12-18,2025-12-20,123,120,422.89,Recibida
806485,1053,8,3,2025-12-31,2026-01-01,127,125,422.89,Recibida
806486,1053,8,3,2026-01-12,2026-01-14,136,110,422.89,Parcial
806487,1053,8,3,2026-01-31,2026-02-03,132,99,422.89,Parcial
806488,1053,8,3,2026-02-20,2026-02-21,85,83,422.89,Recibida
806489,1053,8,3,2026-03-05,2026-03-08,107,107,422.89,Recibida
806490,1053,8,3,2026-03-28,2026-03-30,82,81,422.89,Recibida
806491,1053,8,3,2026-04-14,2026-04-16,73,54,422.89,Parcial
806492,1053,8,3,2026-04-22,2026-04-25,80,78,422.89,Recibida
806493,1053,8,3,2026-05-05,2026-05-08,76,76,422.89,Recibida
806494,1053,8,3,2026-05-14,2026-05-16,92,60,422.89,Parcial
806495,1053,8,3,2026-05-20,2026-05-22,100,0,422.89,Cancelada
806496,1053,8,3,2026-05-21,2026-05-23,110,109,422.89,Recibida
806497,1053,8,3,2026-06-07,2026-06-08,95,93,422.89,Recibida
806498,1053,8,3,2026-06-19,2026-06-21,126,123,422.89,Recibida
806499,1053,8,3,2026-07-05,2026-07-06,104,102,422.89,Recibida
806500,1053,8,3,2026-07-19,2026-07-21,103,0,422.89,Cancelada
806501,1053,8,3,2026-07-20,2026-07-23,104,102,422.89,Recibida
806502,1054,8,1,2025-07-05,2025-07-07,42,42,717.71,Recibida
806503,1054,8,1,2025-07-16,2025-07-18,46,45,717.71,Recibida
806504,1054,8,1,2025-07-31,2025-08-04,47,46,717.71,Recibida
806505,1054,8,1,2025-08-16,2025-08-18,45,45,717.71,Recibida
806506,1054,8,1,2025-08-30,2025-09-02,45,28,717.71,Parcial
806507,1054,8,1,2025-09-12,2025-09-16,42,0,717.71,Cancelada
806508,1054,8,1,2025-09-13,2025-09-16,43,42,717.71,Recibida
806509,1054,8,1,2025-10-03,2025-10-05,33,33,717.71,Recibida
806510,1054,8,1,2025-10-18,2025-10-20,35,35,717.71,Recibida
806511,1054,8,1,2025-10-25,2025-10-28,34,33,717.71,Recibida
806512,1054,8,1,2025-11-03,2025-11-05,41,41,717.71,Recibida
806513,1054,8,1,2025-11-16,2025-11-20,49,49,717.71,Recibida
806514,1054,8,1,2025-12-02,2025-12-05,46,45,717.71,Recibida
806515,1054,8,1,2025-12-08,2025-12-12,50,49,717.71,Recibida
806516,1054,8,1,2025-12-22,2025-12-26,49,48,717.71,Recibida
806517,1054,8,1,2026-01-14,2026-01-18,49,48,717.71,Recibida
806518,1054,8,1,2026-01-29,2026-01-31,35,34,717.71,Recibida
806519,1054,8,1,2026-02-03,2026-02-07,48,47,717.71,Recibida
806520,1054,8,1,2026-02-13,2026-02-16,56,0,717.71,Cancelada
806521,1054,8,1,2026-02-14,2026-02-16,58,56,717.71,Recibida
806522,1054,8,1,2026-03-04,2026-03-07,51,51,717.71,Recibida
806523,1054,8,1,2026-03-31,2026-04-02,31,30,717.71,Recibida
806524,1054,8,1,2026-04-07,2026-04-11,31,30,717.71,Recibida
806525,1054,8,1,2026-04-23,2026-04-27,32,32,717.71,Recibida
806526,1054,8,1,2026-05-06,2026-05-10,31,31,717.71,Recibida
806527,1054,8,1,2026-05-21,2026-05-24,30,29,717.71,Recibida
806528,1054,8,1,2026-05-31,2026-06-04,36,35,717.71,Recibida
806529,1054,8,1,2026-06-12,2026-06-16,43,42,717.71,Recibida
806530,1054,8,1,2026-06-29,2026-07-02,33,32,717.71,Recibida
806531,1054,8,1,2026-07-15,2026-07-18,35,34,717.71,Recibida
806532,1054,8,1,2026-07-29,,38,,717.71,Pendiente
806533,1054,8,1,2026-07-30,2026-08-01,38,38,717.71,Recibida
806534,1054,8,2,2025-07-04,2025-07-07,31,31,717.71,Recibida
806535,1054,8,2,2025-07-15,2025-07-17,42,34,717.71,Parcial
806536,1054,8,2,2025-08-11,2025-08-13,37,36,717.71,Recibida
806537,1054,8,2,2025-08-26,2025-08-29,29,29,717.71,Recibida
806538,1054,8,2,2025-09-05,2025-09-09,28,24,717.71,Parcial
806539,1054,8,2,2025-09-18,2025-09-20,40,39,717.71,Recibida
806540,1054,8,2,2025-09-30,2025-10-03,36,35,717.71,Recibida
806541,1054,8,2,2025-10-16,2025-10-18,39,39,717.71,Recibida
806542,1054,8,2,2025-11-03,2025-11-06,32,32,717.71,Recibida
806543,1054,8,2,2025-11-13,2025-11-16,34,33,717.71,Recibida
806544,1054,8,2,2025-11-24,2025-11-28,36,35,717.71,Recibida
806545,1054,8,2,2025-12-08,2025-12-11,37,36,717.71,Recibida
806546,1054,8,2,2025-12-17,2025-12-20,43,42,717.71,Recibida
806547,1054,8,2,2025-12-24,2025-12-26,52,51,717.71,Recibida
806548,1054,8,2,2026-01-02,2026-01-06,55,54,717.71,Recibida
806549,1054,8,2,2026-01-15,2026-01-19,59,40,717.71,Parcial
806550,1054,8,2,2026-01-29,2026-02-02,57,57,717.71,Recibida
806551,1054,8,2,2026-02-20,2026-02-22,45,45,717.71,Recibida
806552,1054,8,2,2026-03-09,2026-03-12,39,39,717.71,Recibida
806553,1054,8,2,2026-03-20,2026-03-24,40,39,717.71,Recibida
806554,1054,8,2,2026-04-10,2026-04-13,48,30,717.71,Parcial
806555,1054,8,2,2026-04-18,2026-04-22,38,37,717.71,Recibida
806556,1054,8,2,2026-05-01,2026-05-05,44,44,717.71,Recibida
806557,1054,8,2,2026-05-22,2026-05-26,43,42,717.71,Recibida
806558,1054,8,2,2026-06-10,2026-06-12,35,35,717.71,Recibida
806559,1054,8,2,2026-06-20,2026-06-24,38,38,717.71,Recibida
806560,1054,8,2,2026-07-08,2026-07-10,31,31,717.71,Recibida
806561,1054,8,2,2026-07-17,2026-07-19,38,37,717.71,Recibida
806562,1054,8,3,2025-07-05,2025-07-09,35,34,717.71,Recibida
806563,1054,8,3,2025-07-22,2025-07-25,36,36,717.71,Recibida
806564,1054,8,3,2025-08-09,2025-08-13,33,33,717.71,Recibida
806565,1054,8,3,2025-08-30,2025-09-01,30,30,717.71,Recibida
806566,1054,8,3,2025-09-16,2025-09-20,23,23,717.71,Recibida
806567,1054,8,3,2025-09-29,2025-10-03,24,24,717.71,Recibida
806568,1054,8,3,2025-10-09,2025-10-12,28,27,717.71,Recibida
806569,1054,8,3,2025-10-23,2025-10-25,28,28,717.71,Recibida
806570,1054,8,3,2025-11-02,2025-11-04,32,32,717.71,Recibida
806571,1054,8,3,2025-11-13,2025-11-15,41,30,717.71,Parcial
806572,1054,8,3,2025-12-01,2025-12-04,35,34,717.71,Recibida
806573,1054,8,3,2025-12-06,2025-12-08,45,45,717.71,Recibida
806574,1054,8,3,2025-12-16,2025-12-20,43,42,717.71,Recibida
806575,1054,8,3,2025-12-27,2025-12-29,45,44,717.71,Recibida
806576,1054,8,3,2026-01-11,2026-01-14,54,31,717.71,Parcial
806577,1054,8,3,2026-01-22,2026-01-24,52,52,717.71,Recibida
806578,1054,8,3,2026-02-15,2026-02-17,36,35,717.71,Recibida
806579,1054,8,3,2026-03-07,2026-03-11,38,37,717.71,Recibida
806580,1054,8,3,2026-03-20,2026-03-23,42,41,717.71,Recibida
806581,1054,8,3,2026-04-06,2026-04-09,32,32,717.71,Recibida
806582,1054,8,3,2026-04-18,2026-04-21,42,42,717.71,Recibida
806583,1054,8,3,2026-05-13,2026-05-15,32,0,717.71,Cancelada
806584,1054,8,3,2026-05-14,2026-05-18,33,33,717.71,Recibida
806585,1054,8,3,2026-05-28,2026-06-01,28,28,717.71,Recibida
806586,1054,8,3,2026-06-15,2026-06-18,24,20,717.71,Parcial
806587,1054,8,3,2026-06-24,2026-06-27,26,25,717.71,Recibida
806588,1054,8,3,2026-07-09,2026-07-11,24,24,717.71,Recibida
806589,1054,8,3,2026-07-22,2026-07-25,26,25,717.71,Recibida
806590,1055,8,1,2025-07-04,2025-07-08,50,50,642.85,Recibida
806591,1055,8,1,2025-07-15,2025-07-19,68,67,642.85,Recibida
806592,1055,8,1,2025-07-30,2025-08-01,67,66,642.85,Recibida
806593,1055,8,1,2025-08-15,2025-08-18,56,42,642.85,Parcial
806594,1055,8,1,2025-08-27,2025-08-29,60,59,642.85,Recibida
806595,1055,8,1,2025-09-13,2025-09-16,49,48,642.85,Recibida
806596,1055,8,1,2025-09-29,2025-10-02,45,45,642.85,Recibida
806597,1055,8,1,2025-10-10,2025-10-13,47,46,642.85,Recibida
806598,1055,8,1,2025-10-25,2025-10-29,45,45,642.85,Recibida
806599,1055,8,1,2025-11-07,2025-11-10,49,48,642.85,Recibida
806600,1055,8,1,2025-11-19,2025-11-21,50,50,642.85,Recibida
806601,1055,8,1,2025-12-01,2025-12-03,59,57,642.85,Recibida
806602,1055,8,1,2025-12-10,2025-12-14,56,56,642.85,Recibida
806603,1055,8,1,2025-12-20,2025-12-22,66,65,642.85,Recibida
806604,1055,8,1,2025-12-30,2026-01-03,69,69,642.85,Recibida
806605,1055,8,1,2026-01-13,2026-01-16,72,70,642.85,Recibida
806606,1055,8,1,2026-01-31,2026-02-03,68,68,642.85,Recibida
806607,1055,8,1,2026-02-18,2026-02-20,55,54,642.85,Recibida
806608,1055,8,1,2026-03-06,2026-03-10,55,54,642.85,Recibida
806609,1055,8,1,2026-03-18,2026-03-22,55,54,642.85,Recibida
806610,1055,8,1,2026-03-30,2026-04-02,55,53,642.85,Recibida
806611,1055,8,1,2026-04-17,2026-04-21,51,50,642.85,Recibida
806612,1055,8,1,2026-05-01,2026-05-04,66,64,642.85,Recibida
806613,1055,8,1,2026-05-22,2026-05-26,46,45,642.85,Recibida
806614,1055,8,1,2026-06-02,2026-06-06,47,46,642.85,Recibida
806615,1055,8,1,2026-06-13,2026-06-15,58,57,642.85,Recibida
806616,1055,8,1,2026-06-26,2026-06-29,53,52,642.85,Recibida
806617,1055,8,1,2026-07-10,2026-07-14,52,0,642.85,Cancelada
806618,1055,8,1,2026-07-11,2026-07-13,55,34,642.85,Parcial
806619,1055,8,1,2026-07-21,2026-07-25,56,56,642.85,Recibida
806620,1055,8,2,2025-07-04,2025-07-07,40,40,642.85,Recibida
806621,1055,8,2,2025-07-18,2025-07-21,38,37,642.85,Recibida
806622,1055,8,2,2025-07-30,2025-08-01,41,41,642.85,Recibida
806623,1055,8,2,2025-08-09,2025-08-11,45,44,642.85,Recibida
806624,1055,8,2,2025-08-26,2025-08-30,43,42,642.85,Recibida
806625,1055,8,2,2025-09-09,2025-09-13,44,43,642.85,Recibida
806626,1055,8,2,2025-09-22,2025-09-26,42,41,642.85,Recibida
806627,1055,8,2,2025-10-04,2025-10-07,44,43,642.85,Recibida
806628,1055,8,2,2025-10-17,2025-10-19,48,48,642.85,Recibida
806629,1055,8,2,2025-11-01,2025-11-05,49,49,642.85,Recibida
806630,1055,8,2,2025-11-16,2025-11-19,44,44,642.85,Recibida
806631,1055,8,2,2025-12-01,2025-12-04,42,0,642.85,Cancelada
806632,1055,8,2,2025-12-02,2025-12-06,45,28,642.85,Parcial
806633,1055,8,2,2025-12-11,2025-12-14,46,46,642.85,Recibida
806634,1055,8,2,2025-12-20,2025-12-22,49,48,642.85,Recibida
806635,1055,8,2,2026-01-01,2026-01-04,48,30,642.85,Parcial
806636,1055,8,2,2026-01-07,2026-01-10,53,52,642.85,Recibida
806637,1055,8,2,2026-01-24,2026-01-28,53,52,642.85,Recibida
806638,1055,8,2,2026-02-08,2026-02-10,51,51,642.85,Recibida
806639,1055,8,2,2026-02-26,2026-02-28,43,43,642.85,Recibida
806640,1055,8,2,2026-03-11,2026-03-14,44,44,642.85,Recibida
806641,1055,8,2,2026-03-27,2026-03-30,39,38,642.85,Recibida
806642,1055,8,2,2026-04-08,2026-04-12,42,33,642.85,Parcial
806643,1055,8,2,2026-04-20,2026-04-22,38,30,642.85,Parcial
806644,1055,8,2,2026-04-30,2026-05-04,42,41,642.85,Recibida
806645,1055,8,2,2026-05-15,2026-05-18,42,41,642.85,Recibida
806646,1055,8,2,2026-05-28,2026-05-31,43,42,642.85,Recibida
806647,1055,8,2,2026-06-12,2026-06-14,38,37,642.85,Recibida
806648,1055,8,2,2026-06-25,2026-06-27,39,28,642.85,Parcial
806649,1055,8,2,2026-07-01,2026-07-03,41,41,642.85,Recibida
806650,1055,8,2,2026-07-17,2026-07-19,39,38,642.85,Recibida
806651,1055,8,2,2026-07-27,2026-07-30,44,43,642.85,Recibida
806652,1055,8,3,2025-07-03,2025-07-06,35,35,642.85,Recibida
806653,1055,8,3,2025-07-16,2025-07-20,37,22,642.85,Parcial
806654,1055,8,3,2025-07-25,2025-07-28,42,41,642.85,Recibida
806655,1055,8,3,2025-08-09,2025-08-12,39,38,642.85,Recibida
806656,1055,8,3,2025-08-23,2025-08-25,35,34,642.85,Recibida
806657,1055,8,3,2025-09-05,2025-09-07,43,0,642.85,Cancelada
806658,1055,8,3,2025-09-06,2025-09-09,48,47,642.85,Recibida
806659,1055,8,3,2025-09-22,2025-09-26,35,34,642.85,Recibida
806660,1055,8,3,2025-10-01,2025-10-04,42,41,642.85,Recibida
806661,1055,8,3,2025-10-15,2025-10-18,42,41,642.85,Recibida
806662,1055,8,3,2025-10-25,2025-10-29,47,47,642.85,Recibida
806663,1055,8,3,2025-11-21,2025-11-25,34,34,642.85,Recibida
806664,1055,8,3,2025-12-01,2025-12-03,37,37,642.85,Recibida
806665,1055,8,3,2025-12-11,2025-12-15,44,43,642.85,Recibida
806666,1055,8,3,2025-12-22,2025-12-25,44,43,642.85,Recibida
806667,1055,8,3,2026-01-03,2026-01-07,46,36,642.85,Parcial
806668,1055,8,3,2026-01-16,2026-01-20,45,44,642.85,Recibida
806669,1055,8,3,2026-01-30,2026-02-01,52,52,642.85,Recibida
806670,1055,8,3,2026-02-17,2026-02-19,40,31,642.85,Parcial
806671,1055,8,3,2026-02-21,2026-02-23,44,43,642.85,Recibida
806672,1055,8,3,2026-03-14,2026-03-16,49,49,642.85,Recibida
806673,1055,8,3,2026-04-08,2026-04-10,28,27,642.85,Recibida
806674,1055,8,3,2026-04-23,2026-04-26,40,25,642.85,Parcial
806675,1055,8,3,2026-05-02,2026-05-06,30,30,642.85,Recibida
806676,1055,8,3,2026-05-14,2026-05-16,29,24,642.85,Parcial
806677,1055,8,3,2026-05-23,2026-05-25,32,20,642.85,Parcial
806678,1055,8,3,2026-06-01,2026-06-05,34,33,642.85,Recibida
806679,1055,8,3,2026-06-13,2026-06-15,35,0,642.85,Cancelada
806680,1055,8,3,2026-06-14,2026-06-17,41,35,642.85,Parcial
806681,1055,8,3,2026-06-27,2026-07-01,33,33,642.85,Recibida
806682,1055,8,3,2026-07-09,2026-07-13,39,38,642.85,Recibida
806683,1055,8,3,2026-07-25,2026-07-27,34,21,642.85,Parcial
806684,1055,8,3,2026-08-01,,40,,642.85,Pendiente
806685,1056,8,1,2025-07-05,2025-07-07,158,154,698.6,Recibida
806686,1056,8,1,2025-07-16,2025-07-19,206,203,698.6,Recibida
806687,1056,8,1,2025-08-03,2025-08-07,161,157,698.6,Recibida
806688,1056,8,1,2025-08-18,2025-08-22,152,149,698.6,Recibida
806689,1056,8,1,2025-09-06,2025-09-08,136,114,698.6,Parcial
806690,1056,8,1,2025-09-18,2025-09-22,143,141,698.6,Recibida
806691,1056,8,1,2025-09-29,2025-10-03,127,126,698.6,Recibida
806692,1056,8,1,2025-10-11,2025-10-14,134,131,698.6,Recibida
806693,1056,8,1,2025-10-23,2025-10-27,149,145,698.6,Recibida
806694,1056,8,1,2025-11-06,2025-11-08,140,138,698.6,Recibida
806695,1056,8,1,2025-11-21,2025-11-25,134,131,698.6,Recibida
806696,1056,8,1,2025-11-28,2025-12-01,148,147,698.6,Recibida
806697,1056,8,1,2025-12-06,2025-12-10,163,160,698.6,Recibida
806698,1056,8,1,2025-12-16,2025-12-19,192,189,698.6,Recibida
806699,1056,8,1,2025-12-25,2025-12-27,211,208,698.6,Recibida
806700,1056,8,1,2026-01-06,2026-01-10,251,245,698.6,Recibida
806701,1056,8,1,2026-01-23,2026-01-27,233,226,698.6,Recibida
806702,1056,8,1,2026-02-07,2026-02-11,211,208,698.6,Recibida
806703,1056,8,1,2026-02-25,2026-03-01,177,177,698.6,Recibida
806704,1056,8,1,2026-03-12,2026-03-15,194,193,698.6,Recibida
806705,1056,8,1,2026-03-31,2026-04-03,162,160,698.6,Recibida
806706,1056,8,1,2026-04-13,2026-04-15,166,161,698.6,Recibida
806707,1056,8,1,2026-04-26,2026-04-30,176,172,698.6,Recibida
806708,1056,8,1,2026-05-11,2026-05-15,162,161,698.6,Recibida
806709,1056,8,1,2026-05-27,2026-05-30,153,150,698.6,Recibida
806710,1056,8,1,2026-06-11,2026-06-15,133,130,698.6,Recibida
806711,1056,8,1,2026-06-22,2026-06-24,150,149,698.6,Recibida
806712,1056,8,1,2026-07-06,2026-07-09,140,139,698.6,Recibida
806713,1056,8,1,2026-07-18,2026-07-22,146,82,698.6,Parcial
806714,1056,8,1,2026-07-25,2026-07-28,148,148,698.6,Recibida
806715,1056,8,2,2025-07-04,2025-07-06,131,129,698.6,Recibida
806716,1056,8,2,2025-07-17,2025-07-20,130,127,698.6,Recibida
806717,1056,8,2,2025-08-01,2025-08-04,122,80,698.6,Parcial
806718,1056,8,2,2025-08-07,2025-08-11,140,139,698.6,Recibida
806719,1056,8,2,2025-08-25,2025-08-27,131,128,698.6,Recibida
806720,1056,8,2,2025-09-05,2025-09-07,135,132,698.6,Recibida
806721,1056,8,2,2025-09-20,2025-09-22,122,121,698.6,Recibida
806722,1056,8,2,2025-10-03,2025-10-07,134,133,698.6,Recibida
806723,1056,8,2,2025-10-17,2025-10-21,122,120,698.6,Recibida
806724,1056,8,2,2025-10-31,2025-11-03,125,123,698.6,Recibida
806725,1056,8,2,2025-11-14,2025-11-16,118,116,698.6,Recibida
806726,1056,8,2,2025-11-27,2025-12-01,113,112,698.6,Recibida
806727,1056,8,2,2025-12-08,2025-12-10,130,129,698.6,Recibida
806728,1056,8,2,2025-12-16,2025-12-19,128,126,698.6,Recibida
806729,1056,8,2,2025-12-25,2025-12-27,156,155,698.6,Recibida
806730,1056,8,2,2026-01-03,2026-01-07,170,165,698.6,Recibida
806731,1056,8,2,2026-01-17,2026-01-21,175,170,698.6,Recibida
806732,1056,8,2,2026-01-30,2026-02-01,189,186,698.6,Recibida
806733,1056,8,2,2026-02-17,2026-02-21,169,165,698.6,Recibida
806734,1056,8,2,2026-03-05,2026-03-07,153,150,698.6,Recibida
806735,1056,8,2,2026-03-17,2026-03-20,141,0,698.6,Cancelada
806736,1056,8,2,2026-03-18,2026-03-21,148,145,698.6,Recibida
806737,1056,8,2,2026-04-01,2026-04-04,151,106,698.6,Parcial
806738,1056,8,2,2026-04-11,2026-04-15,142,142,698.6,Recibida
806739,1056,8,2,2026-04-25,2026-04-27,156,152,698.6,Recibida
806740,1056,8,2,2026-05-09,2026-05-13,149,149,698.6,Recibida
806741,1056,8,2,2026-05-22,2026-05-25,155,153,698.6,Recibida
806742,1056,8,2,2026-06-10,2026-06-12,135,132,698.6,Recibida
806743,1056,8,2,2026-06-23,2026-06-27,134,132,698.6,Recibida
806744,1056,8,2,2026-07-06,2026-07-10,123,123,698.6,Recibida
806745,1056,8,2,2026-07-23,2026-07-26,127,126,698.6,Recibida
806746,1056,8,3,2025-07-04,2025-07-07,113,112,698.6,Recibida
806747,1056,8,3,2025-07-18,2025-07-21,130,127,698.6,Recibida
806748,1056,8,3,2025-07-31,2025-08-02,125,122,698.6,Recibida
806749,1056,8,3,2025-08-15,2025-08-19,131,111,698.6,Parcial
806750,1056,8,3,2025-09-02,2025-09-05,100,68,698.6,Parcial
806751,1056,8,3,2025-09-12,2025-09-16,92,57,698.6,Parcial
806752,1056,8,3,2025-09-20,2025-09-24,109,107,698.6,Recibida
806753,1056,8,3,2025-10-02,2025-10-06,104,59,698.6,Parcial
806754,1056,8,3,2025-10-08,2025-10-11,117,115,698.6,Recibida
806755,1056,8,3,2025-10-18,2025-10-20,123,121,698.6,Recibida
806756,1056,8,3,2025-11-01,2025-11-05,140,136,698.6,Recibida
806757,1056,8,3,2025-11-12,2025-11-16,133,132,698.6,Recibida
806758,1056,8,3,2025-11-27,2025-12-01,128,125,698.6,Recibida
806759,1056,8,3,2025-12-06,2025-12-10,173,141,698.6,Parcial
806760,1056,8,3,2025-12-16,2025-12-18,170,116,698.6,Parcial
806761,1056,8,3,2025-12-25,2025-12-29,171,167,698.6,Recibida
806762,1056,8,3,2026-01-08,2026-01-11,178,177,698.6,Recibida
806763,1056,8,3,2026-01-26,2026-01-28,157,153,698.6,Recibida
806764,1056,8,3,2026-02-11,2026-02-14,132,130,698.6,Recibida
806765,1056,8,3,2026-02-26,2026-03-02,133,132,698.6,Recibida
806766,1056,8,3,2026-03-14,2026-03-16,123,120,698.6,Recibida
806767,1056,8,3,2026-03-30,2026-04-03,107,106,698.6,Recibida
806768,1056,8,3,2026-04-10,2026-04-12,124,121,698.6,Recibida
806769,1056,8,3,2026-04-27,2026-04-30,116,115,698.6,Recibida
806770,1056,8,3,2026-05-09,2026-05-13,123,123,698.6,Recibida
806771,1056,8,3,2026-05-25,2026-05-29,108,106,698.6,Recibida
806772,1056,8,3,2026-06-04,2026-06-08,108,108,698.6,Recibida
806773,1056,8,3,2026-06-18,2026-06-22,115,112,698.6,Recibida
806774,1056,8,3,2026-06-30,2026-07-02,125,124,698.6,Recibida
806775,1056,8,3,2026-07-14,2026-07-16,126,125,698.6,Recibida
806776,1056,8,3,2026-07-29,2026-07-31,112,111,698.6,Recibida
806777,1057,8,1,2025-07-04,2025-07-08,216,214,399.04,Recibida
806778,1057,8,1,2025-07-12,2025-07-14,277,270,399.04,Recibida
806779,1057,8,1,2025-08-02,2025-08-06,220,217,399.04,Recibida
806780,1057,8,1,2025-08-15,2025-08-17,214,181,399.04,Parcial
806781,1057,8,1,2025-08-26,2025-08-30,215,209,399.04,Recibida
806782,1057,8,1,2025-09-07,2025-09-09,211,207,399.04,Recibida
806783,1057,8,1,2025-09-19,2025-09-22,230,227,399.04,Recibida
806784,1057,8,1,2025-10-03,2025-10-06,232,231,399.04,Recibida
806785,1057,8,1,2025-10-16,2025-10-20,226,222,399.04,Recibida
806786,1057,8,1,2025-11-01,2025-11-05,238,135,399.04,Parcial
806787,1057,8,1,2025-11-11,2025-11-13,214,154,399.04,Parcial
806788,1057,8,1,2025-11-22,2025-11-25,197,192,399.04,Recibida
806789,1057,8,1,2025-12-03,2025-12-07,202,199,399.04,Recibida
806790,1057,8,1,2025-12-11,2025-12-15,224,220,399.04,Recibida
806791,1057,8,1,2025-12-20,2025-12-24,275,270,399.04,Recibida
806792,1057,8,1,2025-12-30,2026-01-01,276,270,399.04,Recibida
806793,1057,8,1,2026-01-10,2026-01-12,311,307,399.04,Recibida
806794,1057,8,1,2026-01-28,2026-01-30,284,249,399.04,Parcial
806795,1057,8,1,2026-02-12,2026-02-15,266,0,399.04,Cancelada
806796,1057,8,1,2026-02-13,2026-02-15,287,286,399.04,Recibida
806797,1057,8,1,2026-02-24,2026-02-26,249,248,399.04,Recibida
806798,1057,8,1,2026-03-11,2026-03-13,255,249,399.04,Recibida
806799,1057,8,1,2026-03-22,2026-03-25,270,162,399.04,Parcial
806800,1057,8,1,2026-04-02,2026-04-06,283,276,399.04,Recibida
806801,1057,8,1,2026-04-22,2026-04-26,217,213,399.04,Recibida
806802,1057,8,1,2026-05-08,2026-05-12,190,188,399.04,Recibida
806803,1057,8,1,2026-05-21,2026-05-23,189,186,399.04,Recibida
806804,1057,8,1,2026-06-03,2026-06-05,186,183,399.04,Recibida
806805,1057,8,1,2026-06-14,2026-06-16,202,201,399.04,Recibida
806806,1057,8,1,2026-06-25,2026-06-29,206,172,399.04,Parcial
806807,1057,8,1,2026-07-06,2026-07-10,226,223,399.04,Recibida
806808,1057,8,1,2026-07-17,2026-07-19,250,249,399.04,Recibida
806809,1057,8,2,2025-07-03,2025-07-07,168,166,399.04,Recibida
806810,1057,8,2,2025-07-18,2025-07-20,170,170,399.04,Recibida
806811,1057,8,2,2025-08-03,2025-08-06,165,162,399.04,Recibida
806812,1057,8,2,2025-08-15,2025-08-19,154,152,399.04,Recibida
806813,1057,8,2,2025-08-28,2025-08-31,157,156,399.04,Recibida
806814,1057,8,2,2025-09-09,2025-09-13,164,160,399.04,Recibida
806815,1057,8,2,2025-09-17,2025-09-21,177,176,399.04,Recibida
806816,1057,8,2,2025-10-02,2025-10-06,175,175,399.04,Recibida
806817,1057,8,2,2025-10-18,2025-10-20,186,184,399.04,Recibida
806818,1057,8,2,2025-11-03,2025-11-07,158,116,399.04,Parcial
806819,1057,8,2,2025-11-12,2025-11-14,163,92,399.04,Parcial
806820,1057,8,2,2025-11-21,2025-11-23,179,174,399.04,Recibida
806821,1057,8,2,2025-12-02,2025-12-06,187,185,399.04,Recibida
806822,1057,8,2,2025-12-12,2025-12-14,271,266,399.04,Recibida
806823,1057,8,2,2025-12-24,2025-12-27,219,215,399.04,Recibida
806824,1057,8,2,2026-01-02,2026-01-04,245,239,399.04,Recibida
806825,1057,8,2,2026-01-16,2026-01-18,259,258,399.04,Recibida
806826,1057,8,2,2026-02-04,2026-02-07,221,218,399.04,Recibida
806827,1057,8,2,2026-02-17,2026-02-19,219,213,399.04,Recibida
806828,1057,8,2,2026-03-07,2026-03-09,284,282,399.04,Recibida
806829,1057,8,2,2026-03-25,2026-03-28,187,182,399.04,Recibida
806830,1057,8,2,2026-04-11,2026-04-13,159,154,399.04,Recibida
806831,1057,8,2,2026-04-27,2026-05-01,158,157,399.04,Recibida
806832,1057,8,2,2026-05-11,2026-05-13,150,148,399.04,Recibida
806833,1057,8,2,2026-05-22,2026-05-24,150,149,399.04,Recibida
806834,1057,8,2,2026-06-04,2026-06-06,147,146,399.04,Recibida
806835,1057,8,2,2026-06-17,2026-06-21,160,97,399.04,Parcial
806836,1057,8,2,2026-06-25,2026-06-28,165,164,399.04,Recibida
806837,1057,8,2,2026-07-06,2026-07-08,169,165,399.04,Recibida
806838,1057,8,2,2026-07-18,2026-07-22,252,246,399.04,Recibida
806839,1057,8,3,2025-07-04,2025-07-06,140,137,399.04,Recibida
806840,1057,8,3,2025-07-23,2025-07-27,119,116,399.04,Recibida
806841,1057,8,3,2025-08-04,2025-08-07,133,130,399.04,Recibida
806842,1057,8,3,2025-08-15,2025-08-17,131,128,399.04,Recibida
806843,1057,8,3,2025-08-28,2025-08-31,145,143,399.04,Recibida
806844,1057,8,3,2025-09-10,2025-09-14,149,145,399.04,Recibida
806845,1057,8,3,2025-09-25,2025-09-27,151,148,399.04,Recibida
806846,1057,8,3,2025-10-08,2025-10-10,142,141,399.04,Recibida
806847,1057,8,3,2025-10-19,2025-10-22,156,155,399.04,Recibida
806848,1057,8,3,2025-11-01,2025-11-04,157,157,399.04,Recibida
806849,1057,8,3,2025-11-22,2025-11-26,146,142,399.04,Recibida
806850,1057,8,3,2025-12-04,2025-12-08,162,97,399.04,Parcial
806851,1057,8,3,2025-12-10,2025-12-13,158,156,399.04,Recibida
806852,1057,8,3,2025-12-18,2025-12-21,166,163,399.04,Recibida
806853,1057,8,3,2025-12-26,2025-12-29,226,220,399.04,Recibida
806854,1057,8,3,2026-01-07,2026-01-10,220,217,399.04,Recibida
806855,1057,8,3,2026-01-24,2026-01-27,215,210,399.04,Recibida
806856,1057,8,3,2026-02-08,2026-02-10,192,191,399.04,Recibida
806857,1057,8,3,2026-02-26,2026-03-02,179,178,399.04,Recibida
806858,1057,8,3,2026-03-11,2026-03-13,173,0,399.04,Cancelada
806859,1057,8,3,2026-03-12,2026-03-16,167,165,399.04,Recibida
806860,1057,8,3,2026-03-28,2026-03-30,152,148,399.04,Recibida
806861,1057,8,3,2026-04-12,2026-04-15,144,143,399.04,Recibida
806862,1057,8,3,2026-04-25,2026-04-27,140,136,399.04,Recibida
806863,1057,8,3,2026-05-02,2026-05-04,159,155,399.04,Recibida
806864,1057,8,3,2026-05-15,2026-05-19,170,169,399.04,Recibida
806865,1057,8,3,2026-05-31,2026-06-03,162,159,399.04,Recibida
806866,1057,8,3,2026-06-15,2026-06-17,151,148,399.04,Recibida
806867,1057,8,3,2026-06-29,2026-07-02,147,145,399.04,Recibida
806868,1057,8,3,2026-07-11,2026-07-13,144,142,399.04,Recibida
806869,1057,8,3,2026-07-24,2026-07-26,150,148,399.04,Recibida
806870,1058,9,1,2025-07-06,2025-07-08,10,10,4012.58,Recibida
806871,1058,9,1,2025-07-22,2025-07-23,10,10,4012.58,Recibida
806872,1058,9,1,2025-07-28,2025-07-29,13,13,4012.58,Recibida
806873,1058,9,1,2025-08-11,2025-08-12,17,17,4012.58,Recibida
806874,1058,9,1,2025-08-30,2025-08-31,15,10,4012.58,Parcial
806875,1058,9,1,2025-09-24,2025-09-25,11,11,4012.58,Recibida
806876,1058,9,1,2025-10-18,2025-10-20,8,8,4012.58,Recibida
806877,1058,9,1,2025-11-07,2025-11-08,7,7,4012.58,Recibida
806878,1058,9,1,2025-11-11,2025-11-13,9,9,4012.58,Recibida
806879,1058,9,1,2025-11-29,2025-12-01,11,11,4012.58,Recibida
806880,1058,9,1,2025-12-08,2025-12-10,11,11,4012.58,Recibida
806881,1058,9,1,2025-12-19,2025-12-21,13,13,4012.58,Recibida
806882,1058,9,1,2026-01-02,2026-01-04,13,12,4012.58,Parcial
806883,1058,9,1,2026-01-12,2026-01-13,16,16,4012.58,Recibida
806884,1058,9,1,2026-02-09,2026-02-11,12,12,4012.58,Recibida
806885,1058,9,1,2026-02-23,2026-02-25,12,12,4012.58,Recibida
806886,1058,9,1,2026-03-21,2026-03-22,11,11,4012.58,Recibida
806887,1058,9,1,2026-04-15,2026-04-16,9,9,4012.58,Recibida
806888,1058,9,1,2026-05-01,2026-05-02,9,0,4012.58,Cancelada
806889,1058,9,1,2026-05-02,2026-05-03,10,10,4012.58,Recibida
806890,1058,9,1,2026-05-21,2026-05-22,8,8,4012.58,Recibida
806891,1058,9,1,2026-06-13,2026-06-14,7,7,4012.58,Recibida
806892,1058,9,1,2026-07-01,2026-07-03,5,5,4012.58,Recibida
806893,1058,9,1,2026-07-07,2026-07-08,8,8,4012.58,Recibida
806894,1058,9,1,2026-07-25,2026-07-26,7,7,4012.58,Recibida
806895,1058,9,1,2026-08-01,,11,,4012.58,Pendiente
806896,1058,9,2,2025-07-03,2025-07-04,8,8,4012.58,Recibida
806897,1058,9,2,2025-07-24,2025-07-25,6,6,4012.58,Recibida
806898,1058,9,2,2025-08-23,2025-08-24,5,5,4012.58,Recibida
806899,1058,9,2,2025-09-03,2025-09-05,6,6,4012.58,Recibida
806900,1058,9,2,2025-09-16,2025-09-17,6,4,4012.58,Parcial
806901,1058,9,2,2025-09-19,2025-09-20,8,8,4012.58,Recibida
806902,1058,9,2,2025-10-11,2025-10-12,8,8,4012.58,Recibida
806903,1058,9,2,2025-11-25,2025-11-26,5,5,4012.58,Recibida
806904,1058,9,2,2025-12-06,2025-12-08,6,6,4012.58,Recibida
806905,1058,9,2,2025-12-14,2025-12-15,6,6,4012.58,Recibida
806906,1058,9,2,2025-12-21,2025-12-22,9,7,4012.58,Parcial
806907,1058,9,2,2026-01-03,2026-01-04,10,10,4012.58,Recibida
806908,1058,9,2,2026-01-22,2026-01-24,10,10,4012.58,Recibida
806909,1058,9,2,2026-02-06,2026-02-07,10,10,4012.58,Recibida
806910,1058,9,2,2026-03-11,2026-03-13,6,6,4012.58,Recibida
806911,1058,9,2,2026-03-22,2026-03-23,6,6,4012.58,Recibida
806912,1058,9,2,2026-03-25,2026-03-26,7,7,4012.58,Recibida
806913,1058,9,2,2026-04-05,2026-04-06,9,9,4012.58,Recibida
806914,1058,9,2,2026-04-26,2026-04-28,10,6,4012.58,Parcial
806915,1058,9,2,2026-05-11,2026-05-13,8,8,4012.58,Recibida
806916,1058,9,2,2026-05-28,2026-05-29,8,8,4012.58,Recibida
806917,1058,9,2,2026-06-19,2026-06-20,7,7,4012.58,Recibida
806918,1058,9,2,2026-07-24,2026-07-25,5,5,4012.58,Recibida
806919,1058,9,3,2025-07-04,2025-07-06,7,6,4012.58,Parcial
806920,1058,9,3,2025-07-23,2025-07-25,7,7,4012.58,Recibida
806921,1058,9,3,2025-08-08,2025-08-09,6,6,4012.58,Recibida
806922,1058,9,3,2025-08-26,2025-08-27,5,5,4012.58,Recibida
806923,1058,9,3,2025-09-01,2025-09-02,7,7,4012.58,Recibida
806924,1058,9,3,2025-09-18,2025-09-19,7,0,4012.58,Cancelada
806925,1058,9,3,2025-09-19,2025-09-20,7,7,4012.58,Recibida
806926,1058,9,3,2025-10-04,2025-10-06,9,9,4012.58,Recibida
806927,1058,9,3,2025-10-18,2025-10-20,8,8,4012.58,Recibida
806928,1058,9,3,2025-10-30,2025-11-01,9,7,4012.58,Parcial
806929,1058,9,3,2025-12-12,2025-12-14,5,5,4012.58,Recibida
806930,1058,9,3,2025-12-23,2025-12-24,5,5,4012.58,Recibida
806931,1058,9,3,2026-01-11,2026-01-12,5,5,4012.58,Recibida
806932,1058,9,3,2026-01-21,2026-01-22,7,7,4012.58,Recibida
806933,1058,9,3,2026-02-01,2026-02-02,9,9,4012.58,Recibida
806934,1058,9,3,2026-02-25,2026-02-27,9,9,4012.58,Recibida
806935,1058,9,3,2026-04-12,2026-04-13,5,5,4012.58,Recibida
806936,1058,9,3,2026-05-01,2026-05-02,5,5,4012.58,Recibida
806937,1058,9,3,2026-05-20,2026-05-22,6,6,4012.58,Recibida
806938,1058,9,3,2026-05-30,2026-05-31,5,5,4012.58,Recibida
806939,1058,9,3,2026-06-10,2026-06-11,6,6,4012.58,Recibida
806940,1058,9,3,2026-06-27,2026-06-28,6,6,4012.58,Recibida
806941,1058,9,3,2026-07-18,2026-07-20,7,7,4012.58,Recibida
806942,1059,9,1,2025-07-04,2025-07-05,278,278,2936.68,Recibida
806943,1059,9,1,2025-07-19,2025-07-20,294,288,2936.68,Recibida
806944,1059,9,1,2025-08-02,2025-08-04,287,284,2936.68,Recibida
806945,1059,9,1,2025-08-17,2025-08-22,289,285,2936.68,Recibida
806946,1059,9,1,2025-09-01,2025-09-02,293,292,2936.68,Recibida
806947,1059,9,1,2025-09-18,2025-09-20,283,276,2936.68,Recibida
806948,1059,9,1,2025-10-03,2025-10-04,275,273,2936.68,Recibida
806949,1059,9,1,2025-10-18,2025-10-20,266,264,2936.68,Recibida
806950,1059,9,1,2025-11-01,2025-11-06,305,303,2936.68,Recibida
806951,1059,9,1,2025-11-20,2025-11-22,282,279,2936.68,Recibida
806952,1059,9,1,2025-12-02,2025-12-03,324,315,2936.68,Recibida
806953,1059,9,1,2025-12-16,2025-12-17,321,313,2936.68,Recibida
806954,1059,9,1,2025-12-29,2026-01-05,348,240,2936.68,Parcial
806955,1059,9,1,2026-01-13,2026-01-15,340,338,2936.68,Recibida
806956,1059,9,1,2026-01-26,2026-01-27,363,354,2936.68,Recibida
806957,1059,9,1,2026-02-10,2026-02-11,375,374,2936.68,Recibida
806958,1059,9,1,2026-02-28,2026-03-01,358,351,2936.68,Recibida
806959,1059,9,1,2026-03-20,2026-03-21,302,296,2936.68,Recibida
806960,1059,9,1,2026-04-08,2026-04-09,272,270,2936.68,Recibida
806961,1059,9,1,2026-04-23,2026-04-27,263,256,2936.68,Recibida
806962,1059,9,1,2026-05-08,2026-05-10,304,302,2936.68,Recibida
806963,1059,9,1,2026-05-24,2026-05-29,278,244,2936.68,Parcial
806964,1059,9,1,2026-06-08,2026-06-12,305,300,2936.68,Recibida
806965,1059,9,1,2026-06-23,2026-06-24,285,281,2936.68,Recibida
806966,1059,9,1,2026-07-05,2026-07-07,309,307,2936.68,Recibida
806967,1059,9,1,2026-07-21,2026-07-26,313,227,2936.68,Parcial
806968,1059,9,2,2025-07-04,2025-07-06,232,226,2936.68,Recibida
806969,1059,9,2,2025-07-17,2025-07-18,261,0,2936.68,Cancelada
806970,1059,9,2,2025-07-18,2025-07-26,264,260,2936.68,Recibida
806971,1059,9,2,2025-08-08,2025-08-15,258,258,2936.68,Recibida
806972,1059,9,2,2025-08-30,2025-09-01,242,237,2936.68,Recibida
806973,1059,9,2,2025-09-15,2025-09-16,236,232,2936.68,Recibida
806974,1059,9,2,2025-10-02,2025-10-03,216,0,2936.68,Cancelada
806975,1059,9,2,2025-10-03,2025-10-09,269,150,2936.68,Parcial
806976,1059,9,2,2025-10-13,2025-10-14,245,0,2936.68,Cancelada
806977,1059,9,2,2025-10-14,2025-10-15,256,249,2936.68,Recibida
806978,1059,9,2,2025-10-31,2025-11-05,227,221,2936.68,Recibida
806979,1059,9,2,2025-11-18,2025-11-25,242,238,2936.68,Recibida
806980,1059,9,2,2025-12-06,2025-12-07,235,231,2936.68,Recibida
806981,1059,9,2,2025-12-19,2025-12-20,268,267,2936.68,Recibida
806982,1059,9,2,2025-12-29,2026-01-05,291,245,2936.68,Parcial
806983,1059,9,2,2026-01-14,2026-01-19,315,310,2936.68,Recibida
806984,1059,9,2,2026-01-30,2026-01-31,334,329,2936.68,Recibida
806985,1059,9,2,2026-02-20,2026-02-21,305,0,2936.68,Cancelada
806986,1059,9,2,2026-02-21,2026-02-26,331,328,2936.68,Recibida
806987,1059,9,2,2026-03-13,2026-03-14,285,276,2936.68,Recibida
806988,1059,9,2,2026-03-30,2026-03-31,299,291,2936.68,Recibida
806989,1059,9,2,2026-04-22,2026-04-23,222,218,2936.68,Recibida
806990,1059,9,2,2026-05-04,2026-05-06,233,180,2936.68,Parcial
806991,1059,9,2,2026-05-17,2026-05-22,222,172,2936.68,Parcial
806992,1059,9,2,2026-05-29,2026-06-02,226,221,2936.68,Recibida
806993,1059,9,2,2026-06-12,2026-06-14,264,175,2936.68,Parcial
806994,1059,9,2,2026-06-22,2026-06-28,243,242,2936.68,Recibida
806995,1059,9,2,2026-07-11,2026-07-19,237,162,2936.68,Parcial
806996,1059,9,2,2026-07-25,2026-07-27,230,224,2936.68,Recibida
806997,1059,9,3,2025-07-04,2025-07-05,198,197,2936.68,Recibida
806998,1059,9,3,2025-07-16,2025-07-17,273,266,2936.68,Recibida
806999,1059,9,3,2025-08-05,2025-08-06,227,221,2936.68,Recibida
807000,1059,9,3,2025-08-20,2025-08-21,217,211,2936.68,Recibida
807001,1059,9,3,2025-09-09,2025-09-10,188,188,2936.68,Recibida
807002,1059,9,3,2025-09-22,2025-09-23,195,194,2936.68,Recibida
807003,1059,9,3,2025-10-09,2025-10-14,183,180,2936.68,Recibida
807004,1059,9,3,2025-10-24,2025-10-29,200,195,2936.68,Recibida
807005,1059,9,3,2025-11-11,2025-11-12,191,190,2936.68,Recibida
807006,1059,9,3,2025-11-25,2025-11-27,193,191,2936.68,Recibida
807007,1059,9,3,2025-12-06,2025-12-07,207,203,2936.68,Recibida
807008,1059,9,3,2025-12-19,2025-12-20,237,236,2936.68,Recibida
807009,1059,9,3,2025-12-28,2025-12-29,270,267,2936.68,Recibida
807010,1059,9,3,2026-01-12,2026-01-13,286,282,2936.68,Recibida
807011,1059,9,3,2026-02-01,2026-02-06,264,264,2936.68,Recibida
807012,1059,9,3,2026-02-21,2026-02-22,228,226,2936.68,Recibida
807013,1059,9,3,2026-03-07,2026-03-08,222,175,2936.68,Parcial
807014,1059,9,3,2026-03-20,2026-03-22,218,217,2936.68,Recibida
807015,1059,9,3,2026-04-04,2026-04-09,223,219,2936.68,Recibida
807016,1059,9,3,2026-04-22,2026-04-28,219,215,2936.68,Recibida
807017,1059,9,3,2026-05-13,2026-05-14,172,171,2936.68,Recibida
807018,1059,9,3,2026-05-25,2026-05-26,200,196,2936.68,Recibida
807019,1059,9,3,2026-06-13,2026-06-15,191,190,2936.68,Recibida
807020,1059,9,3,2026-06-26,2026-06-27,192,188,2936.68,Recibida
807021,1059,9,3,2026-07-11,2026-07-12,199,195,2936.68,Recibida
807022,1059,9,3,2026-07-25,2026-07-27,205,204,2936.68,Recibida
807023,1060,9,1,2025-07-04,2025-07-05,668,651,4242.43,Recibida
807024,1060,9,1,2025-07-18,2025-07-19,653,638,4242.43,Recibida
807025,1060,9,1,2025-07-31,2025-08-02,887,551,4242.43,Parcial
807026,1060,9,1,2025-08-08,2025-08-09,825,814,4242.43,Recibida
807027,1060,9,1,2025-08-27,2025-08-29,743,739,4242.43,Recibida
807028,1060,9,1,2025-09-18,2025-09-19,634,0,4242.43,Cancelada
807029,1060,9,1,2025-09-19,2025-09-20,701,683,4242.43,Recibida
807030,1060,9,1,2025-10-03,2025-10-04,659,560,4242.43,Parcial
807031,1060,9,1,2025-10-16,2025-10-17,611,603,4242.43,Recibida
807032,1060,9,1,2025-11-01,2025-11-02,630,618,4242.43,Recibida
807033,1060,9,1,2025-11-11,2025-11-12,702,440,4242.43,Parcial
807034,1060,9,1,2025-11-24,2025-11-25,642,639,4242.43,Recibida
807035,1060,9,1,2025-12-07,2025-12-09,764,760,4242.43,Recibida
807036,1060,9,1,2025-12-20,2025-12-21,933,918,4242.43,Recibida
807037,1060,9,1,2025-12-31,2026-01-01,986,974,4242.43,Recibida
807038,1060,9,1,2026-01-17,2026-01-18,982,956,4242.43,Recibida
807039,1060,9,1,2026-02-01,2026-02-03,987,966,4242.43,Recibida
807040,1060,9,1,2026-02-15,2026-02-16,946,926,4242.43,Recibida
807041,1060,9,1,2026-03-04,2026-03-06,966,946,4242.43,Recibida
807042,1060,9,1,2026-03-26,2026-03-27,847,839,4242.43,Recibida
807043,1060,9,1,2026-04-16,2026-04-17,672,660,4242.43,Recibida
807044,1060,9,1,2026-05-06,2026-05-07,562,554,4242.43,Recibida
807045,1060,9,1,2026-05-16,2026-05-17,670,668,4242.43,Recibida
807046,1060,9,1,2026-05-28,2026-05-29,762,746,4242.43,Recibida
807047,1060,9,1,2026-06-11,2026-06-13,755,740,4242.43,Recibida
807048,1060,9,1,2026-07-01,2026-07-02,719,626,4242.43,Parcial
807049,1060,9,1,2026-07-15,2026-07-16,684,664,4242.43,Recibida
807050,1060,9,1,2026-07-29,2026-07-31,655,639,4242.43,Recibida
807051,1060,9,2,2025-07-04,2025-07-06,538,0,4242.43,Cancelada
807052,1060,9,2,2025-07-05,2025-07-06,587,587,4242.43,Recibida
807053,1060,9,2,2025-07-22,2025-07-24,471,470,4242.43,Recibida
807054,1060,9,2,2025-08-02,2025-08-04,558,542,4242.43,Recibida
807055,1060,9,2,2025-08-17,2025-08-19,543,541,4242.43,Recibida
807056,1060,9,2,2025-09-02,2025-09-03,611,0,4242.43,Cancelada
807057,1060,9,2,2025-09-03,2025-09-04,644,626,4242.43,Recibida
807058,1060,9,2,2025-09-20,2025-09-21,572,560,4242.43,Recibida
807059,1060,9,2,2025-10-08,2025-10-10,512,497,4242.43,Recibida
807060,1060,9,2,2025-10-30,2025-10-31,410,405,4242.43,Recibida
807061,1060,9,2,2025-11-08,2025-11-10,550,542,4242.43,Recibida
807062,1060,9,2,2025-11-21,2025-11-22,516,506,4242.43,Recibida
807063,1060,9,2,2025-12-02,2025-12-04,592,581,4242.43,Recibida
807064,1060,9,2,2025-12-12,2025-12-13,745,731,4242.43,Recibida
807065,1060,9,2,2025-12-24,2025-12-25,796,789,4242.43,Recibida
807066,1060,9,2,2026-01-05,2026-01-06,850,848,4242.43,Recibida
807067,1060,9,2,2026-01-24,2026-01-25,897,0,4242.43,Cancelada
807068,1060,9,2,2026-01-25,2026-01-26,922,894,4242.43,Recibida
807069,1060,9,2,2026-02-14,2026-02-15,674,669,4242.43,Recibida
807070,1060,9,2,2026-03-09,2026-03-11,611,611,4242.43,Recibida
807071,1060,9,2,2026-03-28,2026-03-29,519,516,4242.43,Recibida
807072,1060,9,2,2026-04-10,2026-04-11,541,533,4242.43,Recibida
807073,1060,9,2,2026-04-27,2026-04-28,533,520,4242.43,Recibida
807074,1060,9,2,2026-05-04,2026-05-05,631,626,4242.43,Recibida
807075,1060,9,2,2026-05-19,2026-05-21,633,620,4242.43,Recibida
807076,1060,9,2,2026-06-06,2026-06-07,641,384,4242.43,Parcial
807077,1060,9,2,2026-06-12,2026-06-13,734,728,4242.43,Recibida
807078,1060,9,2,2026-06-29,2026-07-01,700,506,4242.43,Parcial
807079,1060,9,2,2026-07-13,2026-07-14,698,678,4242.43,Recibida
807080,1060,9,2,2026-08-01,,632,,4242.43,Pendiente
807081,1060,9,3,2025-07-03,2025-07-04,453,446,4242.43,Recibida
807082,1060,9,3,2025-07-21,2025-07-22,432,432,4242.43,Recibida
807083,1060,9,3,2025-08-06,2025-08-07,405,394,4242.43,Recibida
807084,1060,9,3,2025-08-16,2025-08-17,517,517,4242.43,Recibida
807085,1060,9,3,2025-08-30,2025-08-31,579,566,4242.43,Recibida
807086,1060,9,3,2025-09-16,2025-09-17,559,552,4242.43,Recibida
807087,1060,9,3,2025-10-03,2025-10-04,487,480,4242.43,Recibida
807088,1060,9,3,2025-10-10,2025-10-11,586,584,4242.43,Recibida
807089,1060,9,3,2025-10-25,2025-10-26,635,619,4242.43,Recibida
807090,1060,9,3,2025-11-15,2025-11-16,627,623,4242.43,Recibida
807091,1060,9,3,2025-12-03,2025-12-04,623,613,4242.43,Recibida
807092,1060,9,3,2025-12-11,2025-12-12,603,0,4242.43,Cancelada
807093,1060,9,3,2025-12-12,2025-12-13,613,612,4242.43,Recibida
807094,1060,9,3,2025-12-19,2025-12-20,732,713,4242.43,Recibida
807095,1060,9,3,2026-01-02,2026-01-04,928,906,4242.43,Recibida
807096,1060,9,3,2026-01-22,2026-01-23,825,821,4242.43,Recibida
807097,1060,9,3,2026-02-14,2026-02-15,668,656,4242.43,Recibida
807098,1060,9,3,2026-03-03,2026-03-04,663,657,4242.43,Recibida
807099,1060,9,3,2026-03-27,2026-03-28,488,487,4242.43,Recibida
807100,1060,9,3,2026-04-13,2026-04-15,432,428,4242.43,Recibida
807101,1060,9,3,2026-05-03,2026-05-05,422,360,4242.43,Parcial
807102,1060,9,3,2026-05-14,2026-05-16,417,406,4242.43,Recibida
807103,1060,9,3,2026-06-01,2026-06-02,396,394,4242.43,Recibida
807104,1060,9,3,2026-06-15,2026-06-17,401,260,4242.43,Parcial
807105,1060,9,3,2026-06-20,2026-06-21,436,297,4242.43,Parcial
807106,1060,9,3,2026-07-04,2026-07-06,432,427,4242.43,Recibida
807107,1060,9,3,2026-07-18,2026-07-19,481,475,4242.43,Recibida
807108,1060,9,3,2026-08-01,,496,,4242.43,Pendiente
807109,1061,9,1,2025-07-03,2025-07-06,425,279,5398.93,Parcial
807110,1061,9,1,2025-07-11,2025-07-16,481,420,5398.93,Parcial
807111,1061,9,1,2025-07-24,2025-07-27,423,412,5398.93,Recibida
807112,1061,9,1,2025-08-04,2025-08-09,413,409,5398.93,Recibida
807113,1061,9,1,2025-08-17,2025-08-20,409,408,5398.93,Recibida
807114,1061,9,1,2025-08-29,2025-09-01,506,497,5398.93,Recibida
807115,1061,9,1,2025-09-10,2025-09-15,434,423,5398.93,Recibida
807116,1061,9,1,2025-09-22,2025-09-25,428,422,5398.93,Recibida
807117,1061,9,1,2025-10-07,2025-10-11,404,400,5398.93,Recibida
807118,1061,9,1,2025-10-22,2025-10-25,397,396,5398.93,Recibida
807119,1061,9,1,2025-11-07,2025-11-12,344,341,5398.93,Recibida
807120,1061,9,1,2025-11-18,2025-11-22,344,337,5398.93,Recibida
807121,1061,9,1,2025-12-01,2025-12-06,371,365,5398.93,Recibida
807122,1061,9,1,2025-12-09,2025-12-14,442,441,5398.93,Recibida
807123,1061,9,1,2025-12-20,2025-12-24,478,464,5398.93,Recibida
807124,1061,9,1,2025-12-25,2025-12-30,567,562,5398.93,Recibida
807125,1061,9,1,2026-01-07,2026-01-12,568,564,5398.93,Recibida
807126,1061,9,1,2026-01-16,2026-01-21,606,603,5398.93,Recibida
807127,1061,9,1,2026-01-29,2026-02-03,622,608,5398.93,Recibida
807128,1061,9,1,2026-02-12,2026-02-16,574,557,5398.93,Recibida
807129,1061,9,1,2026-03-03,2026-03-07,509,504,5398.93,Recibida
807130,1061,9,1,2026-03-13,2026-03-17,562,554,5398.93,Recibida
807131,1061,9,1,2026-03-30,2026-04-03,469,462,5398.93,Recibida
807132,1061,9,1,2026-04-13,2026-04-16,490,476,5398.93,Recibida
807133,1061,9,1,2026-04-24,2026-04-27,458,452,5398.93,Recibida
807134,1061,9,1,2026-05-03,2026-05-07,460,446,5398.93,Recibida
807135,1061,9,1,2026-05-14,2026-05-19,497,491,5398.93,Recibida
807136,1061,9,1,2026-05-25,2026-05-28,548,338,5398.93,Parcial
807137,1061,9,1,2026-06-07,2026-06-10,469,458,5398.93,Recibida
807138,1061,9,1,2026-06-22,2026-06-26,438,427,5398.93,Recibida
807139,1061,9,1,2026-07-03,2026-07-07,401,394,5398.93,Recibida
807140,1061,9,1,2026-07-14,2026-07-17,438,432,5398.93,Recibida
807141,1061,9,1,2026-07-28,2026-07-31,433,423,5398.93,Recibida
807142,1061,9,2,2025-07-04,2025-07-09,370,369,5398.93,Recibida
807143,1061,9,2,2025-07-11,2025-07-15,509,502,5398.93,Recibida
807144,1061,9,2,2025-08-02,2025-08-05,359,354,5398.93,Recibida
807145,1061,9,2,2025-08-18,2025-08-22,335,326,5398.93,Recibida
807146,1061,9,2,2025-08-29,2025-09-03,379,377,5398.93,Recibida
807147,1061,9,2,2025-09-10,2025-09-14,393,385,5398.93,Recibida
807148,1061,9,2,2025-09-20,2025-09-24,405,398,5398.93,Recibida
807149,1061,9,2,2025-10-06,2025-10-10,383,376,5398.93,Recibida
807150,1061,9,2,2025-10-17,2025-10-22,390,389,5398.93,Recibida
807151,1061,9,2,2025-10-30,2025-11-04,362,357,5398.93,Recibida
807152,1061,9,2,2025-11-15,2025-11-18,423,417,5398.93,Recibida
807153,1061,9,2,2025-11-28,2025-12-02,358,358,5398.93,Recibida
807154,1061,9,2,2025-12-05,2025-12-09,397,390,5398.93,Recibida
807155,1061,9,2,2025-12-15,2025-12-18,425,419,5398.93,Recibida
807156,1061,9,2,2025-12-22,2025-12-27,512,502,5398.93,Recibida
807157,1061,9,2,2026-01-03,2026-01-06,516,0,5398.93,Cancelada
807158,1061,9,2,2026-01-04,2026-01-08,566,550,5398.93,Recibida
807159,1061,9,2,2026-01-17,2026-01-22,552,544,5398.93,Recibida
807160,1061,9,2,2026-02-05,2026-02-08,444,441,5398.93,Recibida
807161,1061,9,2,2026-02-24,2026-03-01,379,378,5398.93,Recibida
807162,1061,9,2,2026-03-10,2026-03-14,365,358,5398.93,Recibida
807163,1061,9,2,2026-03-20,2026-03-23,379,368,5398.93,Recibida
807164,1061,9,2,2026-04-06,2026-04-09,341,333,5398.93,Recibida
807165,1061,9,2,2026-04-17,2026-04-20,346,345,5398.93,Recibida
807166,1061,9,2,2026-05-02,2026-05-05,337,332,5398.93,Recibida
807167,1061,9,2,2026-05-11,2026-05-16,355,351,5398.93,Recibida
807168,1061,9,2,2026-05-23,2026-05-27,366,236,5398.93,Parcial
807169,1061,9,2,2026-06-03,2026-06-06,327,268,5398.93,Parcial
807170,1061,9,2,2026-06-17,2026-06-20,321,316,5398.93,Recibida
807171,1061,9,2,2026-07-02,2026-07-06,256,254,5398.93,Recibida
807172,1061,9,2,2026-07-14,2026-07-19,268,265,5398.93,Recibida
807173,1061,9,2,2026-07-27,2026-07-30,278,270,5398.93,Recibida
807174,1061,9,3,2025-07-04,2025-07-07,359,353,5398.93,Recibida
807175,1061,9,3,2025-07-20,2025-07-23,265,258,5398.93,Recibida
807176,1061,9,3,2025-07-29,2025-08-03,303,297,5398.93,Recibida
807177,1061,9,3,2025-08-09,2025-08-12,336,336,5398.93,Recibida
807178,1061,9,3,2025-08-22,2025-08-25,295,290,5398.93,Recibida
807179,1061,9,3,2025-09-04,2025-09-08,299,293,5398.93,Recibida
807180,1061,9,3,2025-09-18,2025-09-23,344,342,5398.93,Recibida
807181,1061,9,3,2025-09-30,2025-10-03,298,298,5398.93,Recibida
807182,1061,9,3,2025-10-11,2025-10-14,324,317,5398.93,Recibida
807183,1061,9,3,2025-10-24,2025-10-29,337,272,5398.93,Parcial
807184,1061,9,3,2025-11-05,2025-11-09,299,228,5398.93,Parcial
807185,1061,9,3,2025-11-13,2025-11-17,341,333,5398.93,Recibida
807186,1061,9,3,2025-11-26,2025-12-01,305,298,5398.93,Recibida
807187,1061,9,3,2025-12-04,2025-12-07,374,291,5398.93,Parcial
807188,1061,9,3,2025-12-10,2025-12-13,370,362,5398.93,Recibida
807189,1061,9,3,2025-12-19,2025-12-23,454,450,5398.93,Recibida
807190,1061,9,3,2026-01-02,2026-01-07,447,444,5398.93,Recibida
807191,1061,9,3,2026-01-15,2026-01-19,461,454,5398.93,Recibida
807192,1061,9,3,2026-01-27,2026-01-30,427,422,5398.93,Recibida
807193,1061,9,3,2026-02-11,2026-02-15,427,416,5398.93,Recibida
807194,1061,9,3,2026-02-22,2026-02-26,413,403,5398.93,Recibida
807195,1061,9,3,2026-03-15,2026-03-19,336,238,5398.93,Parcial
807196,1061,9,3,2026-03-26,2026-03-30,322,319,5398.93,Recibida
807197,1061,9,3,2026-04-09,2026-04-13,274,210,5398.93,Parcial
807198,1061,9,3,2026-04-17,2026-04-20,294,287,5398.93,Recibida
807199,1061,9,3,2026-04-26,2026-05-01,296,290,5398.93,Recibida
807200,1061,9,3,2026-05-08,2026-05-12,324,315,5398.93,Recibida
807201,1061,9,3,2026-05-17,2026-05-22,354,347,5398.93,Recibida
807202,1061,9,3,2026-05-29,2026-06-01,351,350,5398.93,Recibida
807203,1061,9,3,2026-06-11,2026-06-16,383,372,5398.93,Recibida
807204,1061,9,3,2026-06-22,2026-06-25,376,284,5398.93,Parcial
807205,1061,9,3,2026-07-04,2026-07-09,353,349,5398.93,Recibida
807206,1061,9,3,2026-07-18,2026-07-23,354,0,5398.93,Cancelada
807207,1061,9,3,2026-07-19,2026-07-22,356,356,5398.93,Recibida
807208,1062,9,1,2025-07-08,2025-07-12,12,12,5612.15,Recibida
807209,1062,9,1,2025-07-19,2025-07-22,17,17,5612.15,Recibida
807210,1062,9,1,2025-08-02,2025-08-07,12,12,5612.15,Recibida
807211,1062,9,1,2025-08-17,2025-08-22,12,12,5612.15,Recibida
807212,1062,9,1,2025-08-29,2025-09-01,14,14,5612.15,Recibida
807213,1062,9,1,2025-09-15,2025-09-18,15,15,5612.15,Recibida
807214,1062,9,1,2025-10-03,2025-10-06,11,9,5612.15,Parcial
807215,1062,9,1,2025-10-12,2025-10-17,11,11,5612.15,Recibida
807216,1062,9,1,2025-10-24,2025-10-28,18,10,5612.15,Parcial
807217,1062,9,1,2025-10-28,2025-11-01,13,13,5612.15,Recibida
807218,1062,9,1,2025-11-06,2025-11-10,17,17,5612.15,Recibida
807219,1062,9,1,2025-12-03,2025-12-06,15,15,5612.15,Recibida
807220,1062,9,1,2025-12-17,2025-12-20,16,16,5612.15,Recibida
807221,1062,9,1,2026-01-02,2026-01-07,17,12,5612.15,Parcial
807222,1062,9,1,2026-01-10,2026-01-14,13,13,5612.15,Recibida
807223,1062,9,1,2026-01-20,2026-01-24,16,16,5612.15,Recibida
807224,1062,9,1,2026-02-01,2026-02-06,17,17,5612.15,Recibida
807225,1062,9,1,2026-02-11,2026-02-14,18,18,5612.15,Recibida
807226,1062,9,1,2026-02-28,2026-03-04,20,20,5612.15,Recibida
807227,1062,9,1,2026-03-21,2026-03-24,16,10,5612.15,Parcial
807228,1062,9,1,2026-04-01,2026-04-06,13,13,5612.15,Recibida
807229,1062,9,1,2026-04-11,2026-04-16,14,14,5612.15,Recibida
807230,1062,9,1,2026-04-29,2026-05-04,13,13,5612.15,Recibida
807231,1062,9,1,2026-05-16,2026-05-21,13,13,5612.15,Recibida
807232,1062,9,1,2026-06-05,2026-06-10,14,10,5612.15,Parcial
807233,1062,9,1,2026-06-10,2026-06-14,14,14,5612.15,Recibida
807234,1062,9,1,2026-07-10,2026-07-15,16,16,5612.15,Recibida
807235,1062,9,1,2026-07-30,,9,,5612.15,Pendiente
807236,1062,9,1,2026-07-31,,9,,5612.15,Pendiente
807237,1062,9,1,2026-08-01,,13,,5612.15,Pendiente
807238,1062,9,2,2025-07-05,2025-07-08,11,11,5612.15,Recibida
807239,1062,9,2,2025-07-18,2025-07-22,13,13,5612.15,Recibida
807240,1062,9,2,2025-07-26,2025-07-31,14,11,5612.15,Parcial
807241,1062,9,2,2025-08-08,2025-08-11,14,14,5612.15,Recibida
807242,1062,9,2,2025-08-27,2025-08-30,12,12,5612.15,Recibida
807243,1062,9,2,2025-09-16,2025-09-20,8,8,5612.15,Recibida
807244,1062,9,2,2025-09-20,2025-09-24,13,9,5612.15,Parcial
807245,1062,9,2,2025-09-28,2025-10-02,14,14,5612.15,Recibida
807246,1062,9,2,2025-10-19,2025-10-22,13,13,5612.15,Recibida
807247,1062,9,2,2025-11-08,2025-11-11,11,11,5612.15,Recibida
807248,1062,9,2,2025-11-22,2025-11-26,11,11,5612.15,Recibida
807249,1062,9,2,2025-12-01,2025-12-04,12,12,5612.15,Recibida
807250,1062,9,2,2025-12-11,2025-12-15,14,14,5612.15,Recibida
807251,1062,9,2,2025-12-19,2025-12-22,16,16,5612.15,Recibida
807252,1062,9,2,2025-12-29,2026-01-02,16,16,5612.15,Recibida
807253,1062,9,2,2026-01-07,2026-01-12,18,18,5612.15,Recibida
807254,1062,9,2,2026-01-29,2026-02-02,17,17,5612.15,Recibida
807255,1062,9,2,2026-02-14,2026-02-17,16,16,5612.15,Recibida
807256,1062,9,2,2026-03-10,2026-03-14,11,11,5612.15,Recibida
807257,1062,9,2,2026-03-21,2026-03-24,13,13,5612.15,Recibida
807258,1062,9,2,2026-04-04,2026-04-08,14,14,5612.15,Recibida
807259,1062,9,2,2026-04-23,2026-04-28,11,11,5612.15,Recibida
807260,1062,9,2,2026-05-06,2026-05-11,11,11,5612.15,Recibida
807261,1062,9,2,2026-05-27,2026-06-01,14,14,5612.15,Recibida
807262,1062,9,2,2026-06-23,2026-06-26,13,0,5612.15,Cancelada
807263,1062,9,2,2026-06-24,2026-06-29,13,13,5612.15,Recibida
807264,1062,9,2,2026-07-03,2026-07-06,16,16,5612.15,Recibida
807265,1062,9,2,2026-07-10,2026-07-14,16,16,5612.15,Recibida
807266,1062,9,3,2025-07-03,2025-07-08,11,11,5612.15,Recibida
807267,1062,9,3,2025-07-11,2025-07-14,16,11,5612.15,Parcial
807268,1062,9,3,2025-08-09,2025-08-13,9,6,5612.15,Parcial
807269,1062,9,3,2025-08-19,2025-08-23,12,12,5612.15,Recibida
807270,1062,9,3,2025-09-07,2025-09-10,8,4,5612.15,Parcial
807271,1062,9,3,2025-09-13,2025-09-18,11,9,5612.15,Parcial
807272,1062,9,3,2025-09-23,2025-09-28,9,9,5612.15,Recibida
807273,1062,9,3,2025-10-05,2025-10-10,10,10,5612.15,Recibida
807274,1062,9,3,2025-10-20,2025-10-23,12,12,5612.15,Recibida
807275,1062,9,3,2025-11-10,2025-11-14,10,10,5612.15,Recibida
807276,1062,9,3,2025-11-14,2025-11-19,11,11,5612.15,Recibida
807277,1062,9,3,2025-12-10,2025-12-14,13,13,5612.15,Recibida
807278,1062,9,3,2025-12-26,2025-12-29,10,10,5612.15,Recibida
807279,1062,9,3,2026-01-03,2026-01-08,11,11,5612.15,Recibida
807280,1062,9,3,2026-01-16,2026-01-21,11,11,5612.15,Recibida
807281,1062,9,3,2026-01-23,2026-01-28,13,13,5612.15,Recibida
807282,1062,9,3,2026-01-31,2026-02-04,15,15,5612.15,Recibida
807283,1062,9,3,2026-02-26,2026-03-02,13,13,5612.15,Recibida
807284,1062,9,3,2026-03-07,2026-03-10,14,11,5612.15,Parcial
807285,1062,9,3,2026-03-23,2026-03-26,11,11,5612.15,Recibida
807286,1062,9,3,2026-04-05,2026-04-09,13,13,5612.15,Recibida
807287,1062,9,3,2026-04-30,2026-05-03,8,8,5612.15,Recibida
807288,1062,9,3,2026-05-09,2026-05-13,9,9,5612.15,Recibida
807289,1062,9,3,2026-05-18,2026-05-22,11,11,5612.15,Recibida
807290,1062,9,3,2026-06-03,2026-06-08,13,13,5612.15,Recibida
807291,1062,9,3,2026-06-25,2026-06-28,8,8,5612.15,Recibida
807292,1062,9,3,2026-07-03,2026-07-07,13,13,5612.15,Recibida
807293,1062,9,3,2026-07-21,2026-07-24,8,8,5612.15,Recibida
807294,1062,9,3,2026-07-30,,10,,5612.15,Pendiente
807295,1062,9,3,2026-07-31,,10,,5612.15,Pendiente
807296,1062,9,3,2026-08-01,,10,,5612.15,Pendiente
